0.9999999999999996 -7.865170302188704e-17 -3.2679739928303413e-16 7.105427357601002e-14 -9.530573904462644e-17 1.0 -6.958219836252962e-17 -9.769962616701378e-15 -2.780664156066146e-16 -4.551950262377273e-16 1.0000000000000004 3.552713678800501e-14 
0.9999922697765479 -0.0020180363442204876 0.003374598711262109 -0.008305061887725174 0.002007115665483703 0.9999927485656985 0.003236402744625102 0.01265117399885396 -0.0033811054189450927 -0.0032296045165704384 0.9999890688306616 -0.8054017870134338 
0.9999600810584203 -0.0076035751156950685 0.004692753466554271 -0.014042549900167955 0.0075605132343579415 0.9999297679029272 0.009126768389327961 0.01641150748824627 -0.0047618199536492425 -0.009090924433704402 0.9999473386952289 -1.6160775686489082 
0.9999382986294839 -0.010223870895562719 0.004344122222494365 -0.02348758441699772 0.010171039793068458 0.9998760947911519 0.012014367012963004 0.01721823015979096 -0.00446641730035599 -0.011969441470062068 0.9999183884634757 -2.4318626474735865 
0.999910262311671 -0.01265332471424259 0.0044000792584162575 -0.03337476967647035 0.012600068545141042 0.9998494744314054 0.011927562697385674 0.030816927629414792 -0.004550340257843774 -0.01187105104522228 0.9999191830096174 -3.2516555163080127 
0.9998714867075984 -0.015472109450770464 0.004198082690991941 -0.04169657808098748 0.01543343454003786 0.9998395447940314 0.009093611183858897 0.05830869991510568 -0.004338106434308329 -0.00902765169954127 0.9999498399106616 -4.071779959373941 
0.9998854900752572 -0.014584957210668754 0.004035561934278968 -0.0548850267135208 0.014550067484269976 0.9998576383571027 0.008543919192097299 0.07736801889876554 -0.004159600120880683 -0.008484223130073333 0.9999553568458514 -4.890608055370002 
0.999848907754523 -0.01687358974285517 0.004176557347546101 -0.06888198768508857 0.01684293906861397 0.9998317299392118 0.007268232955371926 0.10206178195833715 -0.004298495739032188 -0.007196789280813134 0.9999648639619442 -5.709612071101816 
0.9998201648896711 -0.018573594808552866 0.0038287668875153294 -0.08208758631886326 0.0185457232437945 0.9998021544439742 0.007190835733857252 0.12442438107711773 -0.003961569052257315 -0.007118535318059166 0.999966815662185 -6.5266185861674515 
0.9997696836792253 -0.0211052907249684 0.003891824682184846 -0.09382603295367176 0.02107418192605684 0.999746952652571 0.007868260166381395 0.1376610240412508 -0.00405690178458359 -0.007784430956272725 0.9999614713490705 -7.340561807342034 
0.9997058583628545 -0.02411839957844959 0.002549422829118082 -0.0955074157625404 0.02409477210625622 0.9996698445200713 0.008924343917893833 0.14617026572955583 -0.0027638220157883008 -0.008860291134693183 0.9999569273368101 -8.153285597962963 
0.9996347806675991 -0.027023226562738947 -0.00022473490994535098 -0.08257921019811931 0.027024157683548006 0.9995959485966737 0.008811041403310342 0.1636330137501525 -1.345866260612241e-05 -0.00881389671229492 0.9999611567674068 -8.96684037532717 
0.9995499178834905 -0.029704490165524188 -0.004195822102232376 -0.05829785268633714 0.029734623001400562 0.9995310855275745 0.007311720661549069 0.19489574388519904 0.003976663686040992 -0.00743319097522966 0.9999644662776045 -9.778408986843765 
0.9994499668545083 -0.031864880064051485 -0.009186575696443343 -0.020088464786581994 0.03190860729459665 0.9994799587722188 0.004653256193707687 0.24176463654065827 0.009033522847818502 -0.0049438275848458935 0.9999469756110921 -10.591458658711229 
0.9992994920099875 -0.03405721314632126 -0.01551230161150262 0.033821659449486674 0.034094229450557685 0.9994163572349843 0.00212800595097976 0.2898665822814386 0.015430774016648769 -0.002655395236257249 0.9998774125308499 -11.403479162798373 
0.9991315053761469 -0.034708524525182985 -0.023055439490060923 0.10372005735119671 0.034765427391333724 0.9993933524432123 0.002071750616110765 0.31083668448677493 0.022969545556954223 -0.0028714835194058987 0.9997320413787415 -12.210456773221239 
0.998865107553148 -0.03537851944717685 -0.031888199613088475 0.195539632971915 0.035493892222220096 0.9993652113098204 0.0030590911388876344 0.3164235222191012 0.03175973122927614 -0.004187455719687798 0.9994867606360982 -13.01159945354755 
0.9985063975622196 -0.034955583497517095 -0.04198906059518746 0.30725962950815244 0.03514865704267047 0.9993746075933868 0.003868540507824775 0.32254266730752423 0.041827573864795374 -0.00533862153669602 0.9991105810593108 -13.810690631352351 
0.9980561215749296 -0.033961122670863556 -0.052255337849297076 0.4307072069732101 0.034166880981279964 0.9994114906354346 0.0030490375319653083 0.35242497449960064 0.05212103635597286 -0.004828512482623499 0.9986291018373071 -14.604291045892452 
0.997391532109159 -0.0351163525591251 -0.06306324967751595 0.5720641269792992 0.0352795280661498 0.9993763944830052 0.0014754828292027982 0.3946740775036992 0.06297210951187183 -0.003696475766560076 0.9980084415928219 -15.390621746848598 
0.996664482540246 -0.0338846397255489 -0.074241096661173 0.7251998485623545 0.03404406244953169 0.9994199432056237 0.0008825728299579722 0.4203656592130156 0.07416812694625766 -0.0034070975239289284 0.997239931326332 -16.175052217704888 
0.9957825572433662 -0.03362806862407948 -0.08535954364027598 0.8859737067089952 0.03382973934189641 0.9994271900449342 0.0009168069299675076 0.436410498858562 0.08527981839756275 -0.00380063146091557 0.99634979187762 -16.952936120976826 
0.9947729561068389 -0.03356575545162823 -0.09643705646390506 1.0566009208814364 0.03387346919103453 0.9994249196872382 0.0015549897495077032 0.4425939562722059 0.09632940300565002 -0.004813519410837994 0.9953378703472793 -17.722271147797688 
0.9936621010772869 -0.03395860634118176 -0.10715615679015417 1.2296902067399316 0.034440395744432736 0.9994032449393205 0.0026482344538383156 0.43833913386222223 0.10700228045998952 -0.006321950657851799 0.9942386760311838 -18.486490885295026 
0.9925225294203127 -0.03324812795555963 -0.11744611777557867 1.4031634109086752 0.03391957278603386 0.9994176337947381 0.0037223436353728224 0.43312391363380653 0.11725396016816338 -0.007678232060677876 0.9930722801374056 -19.24259836378207 
0.9913722399567173 -0.03244995844583329 -0.12699638593308477 1.5700600692546374 0.033293891528705974 0.9994353488464387 0.00452772162058496 0.4327475446744544 0.1267777528988269 -0.008716861422693466 0.9918928458744234 -19.990059815372565 
0.9901152764012218 -0.03185962298603901 -0.13658954520797092 1.7432216919821997 0.03284934668431877 0.9994478201479154 0.004997521785239989 0.43958454190441687 0.136354904053159 -0.009434999987704636 0.990615122495052 -20.72859793339915 
0.9887772484740414 -0.031339746823671535 -0.14607317744586892 1.9246549632691625 0.03243754834726284 0.9994605525992741 0.00513899359532171 0.45131872858680566 0.1458333238917737 -0.009819575702747106 0.9892604397102391 -21.45812147896217 
0.9875119119622863 -0.02995446058082711 -0.15467046913972096 2.0913634302210085 0.031103119220005894 0.9995036179381623 0.005011357431882266 0.47147815335108767 0.1544435809846937 -0.009759509200552163 0.9879534059219546 -22.180491411232765 
0.9863764263181911 -0.02839682255329878 -0.1620344595221349 2.237504674249294 0.029406835776511136 0.9995601574148435 0.003837931529739782 0.516397659060408 0.16185420480595214 -0.008550565928061988 0.9867776366583019 -22.896037229174677 
0.9855579080344848 -0.02559540017157379 -0.1673932059575501 2.3429011976125054 0.026403271212235013 0.9996479863922769 0.002602032121242906 0.5687899299312327 0.16726768121781005 -0.006984181550033752 0.9858867805321734 -23.606099998065275 
0.9849529729115094 -0.02255586241648605 -0.1713443148266919 2.419338438275176 0.02308150293403158 0.9997330076543092 0.0010759315852194127 0.6268690101774306 0.17127429864134933 -0.005014626318913133 0.9852106212114223 -24.313037686801657 
0.9844881988543525 -0.020828944592791134 -0.17421004960582648 2.4739838667421026 0.021149289636027115 0.9997763286052658 -1.7563239829136278e-05 0.6732310248072899 0.17417144962480274 -0.00366712799427518 0.9847085143878214 -25.010815127908884 
0.9841734792566261 -0.020355533434281203 -0.17603469824586554 2.5056804708010105 0.020553830200593575 0.9997885047720448 -0.0006969862007403693 0.7080060135300772 0.17601165527314433 -0.002932231962981636 0.9843837154401344 -25.696346964463068 
0.9840047914049442 -0.019935820261627046 -0.177022974674501 2.517673850639582 0.020156671302912446 0.9997966819367204 -0.0005508087783548559 0.7207970636433996 0.17699796353093736 -0.0030261954365286385 0.9842065652326658 -26.371334347702444 
0.9841571476918964 -0.01889320402797071 -0.17628884107766685 2.4838833363201047 0.019320382662951396 0.9998130940808054 0.0007069075774682759 0.7043089731389283 0.17624253590069117 -0.004101676013951267 0.9843382268271259 -27.03347552807685 
0.9846530127773033 -0.01772488152541049 -0.1736210615204572 2.3977615539063777 0.018356306216449857 0.9998294447061536 0.0020316300532186482 0.6847588914079199 0.17355543912729435 -0.005187492023645934 0.9848104383463034 -27.68398439397279 
0.985504244956496 -0.017649092348396674 -0.16873023650787863 2.251240969589958 0.018386267496629045 0.9998270166742621 0.002807471422621036 0.6769206355766726 0.16865149966801088 -0.005869094267790772 0.9856582700876648 -28.32019640300274 
0.9867251594000144 -0.01830455477528571 -0.16136419392633447 2.0337463849547106 0.019078681406706415 0.9998127060908469 0.003249100657035368 0.6763085233583497 0.16127449805470895 -0.0062845854100909366 0.9868895785565001 -28.941390774784402 
0.9884167192853563 -0.01925538140741468 -0.1505377671019064 1.7128292442329354 0.01999528995051903 0.9997942833090502 0.003402857966109312 0.6838270445934742 0.15044127564258206 -0.006373488008762209 0.9885984024029353 -29.54701905570106 
0.9903559550902544 -0.019626090002270943 -0.1371491844980971 1.3113349662788494 0.020292694419446006 0.9997880818025384 0.0034638185287743616 0.6957196222781841 0.13705213887593728 -0.00621353979822007 0.9905443468884708 -30.131800311549753 
0.9924645486479003 -0.02071790159393319 -0.12076791059989463 0.8154481960599895 0.021426499957174723 0.9997599735910803 0.004571685110281676 0.672156265799551 0.12064420738976699 -0.007124869030833287 0.9926702430639229 -30.693816096492156 
0.9947302445587973 -0.021951369511073755 -0.10014927826292307 0.18919194683897445 0.02277796032843391 0.9997152126248451 0.007117455285227995 0.6063621047415082 0.09996451912189797 -0.009361144323705464 0.99494696536734 -31.241230277813933 
0.996810538405291 -0.02369301348619544 -0.07620624407551257 -0.5495658474924596 0.024527522057125006 0.9996488051421178 0.010033296550625745 0.5246680417140408 0.07594176180396943 -0.01187044606906237 0.9970415945808037 -31.76622266605364 
0.9984950044284342 -0.025405285331612612 -0.04860347321623657 -1.421019838564419 0.02600058935004919 0.9995939791788686 0.01165530535024712 0.47990888722489045 0.048287632836081146 -0.012901483115391412 0.9987501470580679 -32.26344632736314 
0.9995125286723034 -0.02686020516728075 -0.01591334048743997 -2.4605992811815582 0.027041837596752424 0.9995703106337039 0.011310752363644188 0.4986715416994367 0.015602693565165839 -0.011735564665255587 0.9998093980732025 -32.724368731353614 
0.9993883549018587 -0.027525591152783253 0.02156983815992479 -3.667927655222769 0.027339532503157276 0.9995868169628241 0.008873855793203256 0.5889864088646717 -0.021805183995195467 -0.008278718851344886 0.9997279613800528 -33.12948983051068 
0.9975952110290279 -0.028852618049608404 0.06301842082781753 -5.027194055975272 0.02857529343606101 0.9995776040917256 0.0052977356755659405 0.7185604784718089 -0.0631446556486893 -0.0034842258722103427 0.9979983029209415 -33.46017018179438 
0.9937060315792599 -0.03088012571768788 0.10767887740247882 -6.497472124731985 0.031011942639589157 0.9995189124844978 0.0004505546858234819 0.890286822964284 -0.10764098762421842 0.0028916122606414936 0.9941856247008489 -33.71044759310069 
0.98720206129042 -0.034130650431750925 0.155779295431236 -8.1005657797201 0.035046918738635593 0.9993807406689027 -0.003138258594063482 1.0196550590502067 -0.15557571684191007 0.00855767966106199 0.9877869013344657 -33.867102411906146 
0.9776737145168102 -0.03681699535219402 0.20687826564465225 -9.828779076293259 0.038666907310367336 0.9992401201866155 -0.004904333643779482 1.0911792378214509 -0.2065405001977927 0.012794180812954704 0.9783543993438022 -33.89457115377866 
0.9644520509647184 -0.03680958563623111 0.26168166881774 -11.690066403482462 0.03954519356395777 0.9992042839730363 -0.005193896025282211 1.1137094738664133 -0.26128225935937094 0.01535751591961763 0.9651402631995215 -33.78418825201512 
0.9468189366556098 -0.03287469345506789 0.32008304503765117 -13.694808215645665 0.0362193363117243 0.9993337330281299 -0.0044999676888888085 1.1116332208068584 -0.31972184921815744 0.01585385007807762 0.9473788020481696 -33.50246688063386 
0.9242356852216582 -0.03035685881233166 0.3806137928214125 -15.808491790651928 0.0333654311543246 0.999442363954864 -0.0013073393591548168 1.0153908365401958 -0.3803618621349135 0.01390763298919481 0.924733167772142 -33.017241046290636 
0.8968950596332715 -0.026939632826742825 0.4414221428390187 -17.934757948328752 0.028829050266083404 0.9995814080016077 0.0024278876169169855 0.8991428807476587 -0.44130277346305735 0.01054822073551145 0.8972962705668238 -32.373398064299394 
0.8648382868218142 -0.028526039412907923 0.5012394664454527 -20.05863343128661 0.029084248304170102 0.99955448420963 0.006703700247034182 0.7465579528467314 -0.5012073863658539 0.008780556464936745 0.8652826461223385 -31.540345767921963 
0.8285803209750217 -0.03007031239085727 0.559062096734921 -22.11638207899744 0.02953774555833897 0.9995138092285487 0.009983323533231211 0.6290579924078878 -0.559090487560163 0.008241448547105134 0.8290656821058185 -30.57573912656096 
0.7883702812311445 -0.029011378601615585 0.6145165901610463 -24.11298044228564 0.028100179764210666 0.999543052778472 0.011138471147899103 0.5927324608402564 -0.6145589309161051 0.008486787020260258 0.788825262575514 -29.464952804644284 
0.7449537273422241 -0.02660201769841426 0.6665855359766674 -26.020131760289267 0.027115286151671136 0.9995863279275304 0.009588236400326005 0.6607623766884587 -0.6665648545909396 0.010931865107510937 0.7453668821120452 -28.213694970046745 
0.6985022757951198 -0.025309004744161957 0.7151601394008889 -27.812683138252346 0.0303422236355864 0.9995231048423828 0.005736928715924644 0.8169282873232291 -0.7149642789495767 0.017692291120810697 0.6989370949241502 -26.873484947895335 
0.649039172301971 -0.02340273768673389 0.7603949399399883 -29.504510635039807 0.03518916003114289 0.999380408834928 0.000722117189066257 1.0236250246712375 -0.7599407054723903 0.026288976885723476 0.6494605560466532 -25.418358897142213 
0.5981770234234448 -0.02221619242615552 0.8010559839626389 -31.05139763883316 0.04023147308336308 0.9991876671686766 -0.002331169569508118 1.158152755517618 -0.8003534701754039 0.033622114331242875 0.5985848947359826 -23.892250693790956 
0.547792901896524 -0.02035247053081033 0.8363663752059123 -32.41812798568455 0.04599773114828372 0.9989245969121333 -0.005818798255753432 1.3113720225849086 -0.8353485173034038 0.04165845205025526 0.5481399711859931 -22.4073022458615 
0.4997229577783684 -0.020914032823136176 0.8659327737765282 -33.58786978980826 0.05216415303849061 0.998620590222223 -0.005984807598896292 1.3416619741757323 -0.8646131311789196 0.04816139548737869 0.500124597853068 -21.018284682995855 
0.4551371592581749 -0.021375257984000726 0.8901647401512358 -34.57066608145902 0.05608974978950234 0.9984146504411978 -0.004703801965688155 1.3112185747996374 -0.8886529728926535 0.052069992610896246 0.4556145406355596 -19.754411813991794 
0.4163490544358048 -0.026608765151891388 0.9088154039668909 -35.34419087030577 0.06164663743206482 0.998097555135535 0.0009810839862519141 1.1053311274933395 -0.9071125382022517 0.055616940311024356 0.4171973142132026 -18.745998636174477 
0.3820004211101403 -0.02870196338168697 0.9237163393432599 -35.98347138633763 0.06148411817049548 0.9980924282326731 0.005586404693920218 0.9257469735291899 -0.9221146249162698 0.05465987561862972 0.38303644280000865 -17.895635804386558 
0.3518566771986814 -0.029047880971193252 0.9356030671827593 -36.5177761605049 0.06120827126522392 0.9980932022142622 0.00796914188628138 0.8331753493792293 -0.9340505480108806 0.054462650548466184 0.35296372824386696 -17.21471229330173 
0.33022941100179437 -0.021676368531080903 0.9436517743091011 -36.89565724103073 0.05867144684499313 0.9982744640522739 0.002399113640597424 1.0558369821731213 -0.9420754733218156 0.05457315703209875 0.33093137218617835 -16.846753705712416 
0.3148232595659133 -0.017762165705201276 0.9489840992902652 -37.15694238212021 0.05824340855234058 0.9983022086367072 -0.000636860486340842 1.1885839330305714 -0.9473616102610969 0.05547256709883631 0.3153232844288011 -16.73119812834382 
0.30235053192870975 -0.021069917120929486 0.952963910352823 -37.36001185989771 0.05898137650717357 0.9982534352378885 0.0033580144542189735 1.0355648077059079 -0.9513702502536778 0.05519182573781078 0.30306518985852215 -16.75856276710344 
0.29254351864616285 -0.02617627151220025 0.9558938709437578 -37.51601664940439 0.060838843250947065 0.9981095718523578 0.008713078020382634 0.8259760280523287 -0.9543148981599361 0.05560652287656717 0.2935830202235294 -16.904374080367944 
0.28639180942797965 -0.03282154487429806 0.9575502481252008 -37.608025852135185 0.06150200904459223 0.9979816910356533 0.015812882124946977 0.5465530012182551 -0.9561366190958521 0.05436258409681297 0.28783237322141253 -17.20567517997671 
0.28328972354129 -0.03836664206132257 0.9582666295519416 -37.650702454129416 0.05935967707822946 0.9979851132684118 0.022408534798238528 0.2741843010986873 -0.9571955710684561 0.050534290057088434 0.28499635831946796 -17.634691159798237 
0.2825138755044791 -0.03953437974792381 0.9584481952434301 -37.66353860349174 0.057801100229647344 0.9980364656391614 0.024129775521857535 0.2065986782390854 -0.9575202049876979 0.048582363800457225 0.28424428044883915 -18.153113953050195 
0.28490234078332705 -0.038141686928900555 0.9577974044308117 -37.62452831078011 0.05459972494641968 0.9982314908659473 0.023510863006775046 0.21992084447996452 -0.957000274948736 0.0455971749318503 0.2864810140066495 -18.80073135841775 
0.2891686893153358 -0.034891517094339436 0.9566420705543461 -37.55170685316956 0.046986130333637056 0.9986483543246869 0.022220890190683348 0.22022668909940468 -0.956124350006798 0.038523323317847094 0.2904172530767199 -19.52756092607369 
0.29330379286060737 -0.03377128369448044 0.9554226214043758 -37.472441562883894 0.041781622882010636 0.9988738235456871 0.02248067224451413 0.1689481853804815 -0.9551058481042437 0.03332544122508789 0.29438450007469164 -20.2651843801939 
0.29737007212039074 -0.03907206575846767 0.9539624803337291 -37.376913085477995 0.04423042177217611 0.9986533178777927 0.027114949410459437 0.0014031650258066186 -0.9537372332026093 0.03413098839826297 0.2986977831085952 -21.030894419015496 
0.3025671351833814 -0.043836615641514524 0.9521194672077761 -37.24931942510105 0.0493679125982234 0.9983216919111035 0.030275545667185277 -0.07606397177449442 -0.9518486948631141 0.037843765521547286 0.3042234565225615 -21.85172939360072 
0.3072791656465272 -0.04205510215715286 0.9506896879329905 -37.14861839926296 0.05320871466016622 0.9982194189226833 0.026959680448278345 0.1116796576162431 -0.950130699979633 0.042300828221344955 0.30896972810940776 -22.655283674436134 
0.31099306870179694 -0.03903219982535416 0.9496103404008581 -37.071839716617305 0.05789225623563491 0.9980789666157702 0.022064973762599964 0.3797886665577421 -0.9486473516999807 0.04811303124923908 0.31265530274828685 -23.425381315254782 
0.31439280310501944 -0.03767167201801806 0.9485452074008585 -36.994559400570296 0.06199401995187188 0.997894057196447 0.01908381781045266 0.5653556046441981 -0.9472665447728938 0.052804315537487705 0.31606612823053726 -24.1988547245748 
0.31761730714640607 -0.03354749617735786 0.9476253540831928 -36.92157595513082 0.06163661480655012 0.997990816637582 0.014671660514150663 0.7615777925409728 -0.9462135984629768 0.053748445626675884 0.31904690983687967 -24.96633594292399 
0.3184126959275908 -0.02915155559135192 0.9475038479492993 -36.91227337037361 0.05774314851259472 0.9982674218107589 0.011308552124510655 0.8708517016904076 -0.9461918853340351 0.05111106883938796 0.31954432363933416 -25.650866855445543 
0.3182098664507089 -0.026742500742627025 0.9476430338199361 -36.92339954593696 0.0511537902422487 0.9986301584151738 0.011004383105690768 0.8102833176839794 -0.946639197708015 0.04497382969811908 0.3191419496164847 -26.309018824972384 
0.3175393984999298 -0.026455428779249262 0.9478759627126375 -36.94067947409037 0.04361711896092583 0.9989601940829531 0.01326942241759031 0.6172901159976711 -0.9472414039376928 0.0371300542129161 0.3183631287387014 -26.96674963533755 
0.31523021121175826 -0.029065333274713077 0.9485700397656573 -37.00135712433685 0.04006539487269684 0.9990473277909386 0.017297426614386525 0.394126133780619 -0.9481691189197656 0.03255216176254757 0.31609441420483836 -27.576343207283756 
0.312822030867284 -0.02855844420174371 0.949382321443182 -37.07181446477398 0.04399131651013012 0.998910838648667 0.015553150868023943 0.5322255719745286 -0.9487924647022521 0.03689920995080901 0.313737640759334 -28.193224134582934 
0.3113398776948474 -0.025596561944182764 0.9499538391804071 -37.12166126343689 0.05006972186988316 0.9986905310264826 0.010499818565825306 0.8612038682666412 -0.9489786633580494 0.04429491228888927 0.31221380052215825 -28.854558768568168 
0.3087559969820589 -0.02754409038581716 0.950742371735074 -37.19755327587795 0.05724307925973685 0.9983068037762584 0.010332251008124125 1.0026913339891448 -0.9494171707971569 0.05123327647973904 0.3098099210430041 -29.490718273198183 
0.30679340855563814 -0.030627497765454315 0.9512832179994773 -37.2495380792459 0.05753134151545292 0.9982512597962312 0.013585545946710392 0.8785546904157173 -0.9500357620691159 0.050560643744566744 0.3080189476215541 -30.164723712905356 
0.30476641932925447 -0.035638782951635424 0.9517601099010993 -37.29816877428316 0.05464865152642029 0.9983076730064508 0.019882527575479026 0.5577719300420141 -0.9508580096605218 0.04595287984633858 0.3061982663214463 -30.84869942636601 
0.3011908113398275 -0.03516197234160537 0.9529153849453288 -37.413297203894544 0.049316087432643006 0.9985569558060066 0.021258634287646322 0.4056265769819005 -0.952287781442559 0.04059115313080171 0.30249023059054275 -31.47156822727642 
0.29731757666463493 -0.033438140062664934 0.9541929309083241 -37.54325369507943 0.04583505134842295 0.9987341707960732 0.020717242870807943 0.3705323583553839 -0.9536778316990255 0.03757588153896513 0.2984738622600205 -32.09128820355741 
0.29372154183326343 -0.031643162021343534 0.9553671368434139 -37.667843511638665 0.04675546971928743 0.9987312238656486 0.018704772844197703 0.4895751936797501 -0.9547468679783241 0.039174644518045566 0.2948283658545523 -32.73533182676874 
0.2904501643659166 -0.027337901112063735 0.9564995249254434 -37.789366052468836 0.046889119997760645 0.9987976156971727 0.014308504585653657 0.7065035077761739 -0.9557406093944358 0.040693513493296994 0.29138278177326055 -33.39546644395662 
0.2887076877531493 -0.026361831271064902 0.957054295682469 -37.85396785755252 0.049437201289352264 0.9986978100666024 0.012595526858719655 0.854011308663283 -0.9561400703667355 0.04367766042508031 0.28963499066736664 -34.13422817850079 
0.28730497636111285 -0.023760176854240186 0.957544413880628 -37.9079599140457 0.05124645125270952 0.9986417626005781 0.009403787748263627 1.0537520729279368 -0.9564672769060865 0.04636899811151792 0.2881323727420962 -34.90159253605533 
0.2869387728776483 -0.018595255151979167 0.9577684256151393 -37.9314126980339 0.05097657896928281 0.9986913603721889 0.004117658865939543 1.3061467739877721 -0.9565916208163535 0.047642241800534516 0.28751119592141433 -35.70629283290741 
0.2862537900841544 -0.019484659461315588 0.9579556961092384 -37.956153814555094 0.05263852938104609 0.9986031190851794 0.0045821150084805395 1.340174631946959 -0.9567068270306518 0.04911373126760739 0.2868795714475258 -36.519328058175816 
0.28657466851788155 -0.024071894035916388 0.9577554506664997 -37.9333822381766 0.052048176286994555 0.9985991510295356 0.00952485738941468 1.1100715670761732 -0.9566430612872622 0.047119841687068745 0.2874261188728708 -37.382898501374356 
0.28689842857760395 -0.029659697885325027 0.9575017462130566 -37.90692055281515 0.050597470586613576 0.9985945830321575 0.015771959582405043 0.79254628758692 -0.9566238485684633 0.04392221602086421 0.28799592234939464 -38.25386350440003 
0.2872268153720522 -0.037267552847171696 0.9571373391713507 -37.874367957176524 0.051325502362811144 0.998406104737389 0.02347217140191021 0.45721532223654604 -0.9564865128889356 0.042383717721536755 0.2886817817834498 -39.132198564717925 
0.2894615418745069 -0.04479260521311748 0.9561410138122173 -37.75704165792533 0.054251638154245364 0.9980664775679339 0.03033259159249607 0.223746863647043 -0.9556509695140865 0.043092097574360146 0.29133193370008065 -40.09202365608952 
0.29238061837924834 -0.048532712997990876 0.9550697093747786 -37.618789394285486 0.057937363527764164 0.9977757727418097 0.03296618323276805 0.21768717959070338 -0.9545453556031905 0.04569554790720255 0.29454215487403623 -41.07589238237574 
0.2947615792192483 -0.049009576663558305 0.9543131942980956 -37.51437944200569 0.057602004904593516 0.9977790836583937 0.033450100818795264 0.20182802111719544 -0.9538331198103505 0.04511054875608602 0.2969299882864293 -42.03197519285425 
0.2967994911507179 -0.048145405224182654 0.9537253703286263 -37.42380678035568 0.054196547398360224 0.9979677465899575 0.03351284852500609 0.1096010490444066 -0.9534006483649845 0.0417420258488014 0.2988056341089741 -42.9742871707557 
0.29809016030411745 -0.040899230808205886 0.9536611081768847 -37.38300613286153 0.053085583211473615 0.9982457270297019 0.026218110573415002 0.43222418847891086 -0.9530604268276821 0.042810295329969585 0.2997383883135387 -43.88928098278643 
0.298750035068295 -0.03402260249205361 0.9537247396740643 -37.371274186979775 0.050738469891254995 0.9985171291095167 0.01972689909701297 0.6851208511727014 -0.9529816494664458 0.04249712219147622 0.3000332821299271 -44.774487949878036 
0.3002660968514128 -0.03277712300533486 0.9532921542156482 -37.30031407535911 0.050418654434382794 0.9985576880265808 0.018452722510163597 0.7486824999745028 -0.9525220366829549 0.042522980733997635 0.30148559790287177 -45.70263614385682 
0.30107986315682467 -0.03663080055272162 0.9528951151371986 -37.24482643927089 0.05318215647727799 0.9983517386869837 0.02157461687038013 0.6941436566381252 -0.9521147904711359 0.04418133442466583 0.30253170983313815 -46.61507543612302 
0.3018171975250764 -0.03928507026016117 0.9525560679208146 -37.19399017192469 0.05915961910054693 0.9979968604659983 0.022414414288339582 0.8639818544918914 -0.9515285170429673 0.04958779844543748 0.3035367053576021 -47.52025852720918 
0.30248687197820484 -0.04421108492040036 0.9521276554385986 -37.1430201827381 0.06605878226567617 0.9974941481929871 0.025331040371911466 0.9763419909502891 -0.9508616774097153 0.05523408631369401 0.3046494151359469 -48.422550225967214 
0.3038252299342917 -0.042506665161396125 0.9517790778706118 -37.084960300346395 0.06011292506266267 0.9978689791158029 0.025375909024043856 0.7921568239480785 -0.9508294620465785 0.049504382990224347 0.30573297200166727 -49.322137000882776 
0.3045980599320316 -0.03577586855971204 0.9518088616494593 -37.07703668329892 0.04480642095082698 0.9987262517282912 0.023200404098546533 0.3728708618949037 -0.9514265113644981 0.03558035044173664 0.3058130673061957 -50.183173669917196 
0.30447631709649103 -0.029405760630397935 0.9520658977030452 -37.11438741738363 0.033090612559824845 0.9992465741062766 0.020280421526298564 0.10256022348643246 -0.9519449478240704 0.02532953569682178 0.3052199713872132 -51.00974691522467 
0.3036321968462711 -0.02893155399149695 0.9523499641528551 -37.171058458540486 0.03808856148647367 0.9991084589195477 0.018208481520934204 0.4068221622652022 -0.9520277047030713 0.030744958920841267 0.30446345754253934 -51.828222235260796 
0.3024854816002971 -0.027971179634881778 0.952743484118821 -37.242582821446746 0.05926365028946804 0.9981872489751357 0.010489792077007648 1.63680565750155 -0.9513098092500698 0.05329004685008675 0.30359482494158546 -52.628377093611206 
0.30119633600881596 -0.02885566009408831 0.9531254471764984 -37.320290595724444 0.07740884635578346 0.9969830161666359 0.005721536606966537 2.6339374966102023 -0.9504149818267444 0.07205703543591495 0.3025213148911271 -53.401164901526585 
0.3005393269098818 -0.030174767382480695 0.953291978563739 -37.363425591813105 0.07138528185006278 0.9974076151861573 0.00906590888165002 2.244307262876388 -0.9510942406069668 0.06532635442205892 0.3019142475971969 -54.228441050817636 
0.2991862731473207 -0.034461831653924684 0.9535722081307079 -37.43956562135426 0.05751716049834621 0.9981817339719217 0.018027817755244157 1.2187926968938552 -0.9524596317999129 0.04945309013464653 0.30062441961309566 -55.03358479142362 
0.2982316693452862 -0.03339006817665147 0.9539093115944944 -37.51149443756534 0.0483071841065455 0.9986352099300904 0.019852794553446265 0.7377984457163127 -0.953270311802073 0.04015994067529985 0.29943762589517126 -55.8264990954148 
0.2965726578974165 -0.028896870131169646 0.9545730089858419 -37.63598663060624 0.046010910642361826 0.9988137339521408 0.01594117217909232 0.8565271532384697 -0.9539012814172768 0.039193057614904686 0.29755041513207875 -56.583525557249104 
0.2939102321963658 -0.029261724305470794 0.9553850150075363 -37.79549411465923 0.04943319966403216 0.9986590122474074 0.015379727826248368 1.0431249165081655 -0.9545538927589446 0.04270747882636176 0.2949626028347353 -57.30867865369295 
0.2906079034469867 -0.028290070015170247 0.9564239219052838 -37.997565572890636 0.047614696277795784 0.9987520222140249 0.015074442668634808 0.9790473474342976 -0.9556567831353054 0.041159082374774635 0.2915922543305063 -57.99980884761159 
0.28589258809412676 -0.02813791583545116 0.957848467016198 -38.28863668449874 0.04536987580035659 0.9988452921338465 0.01580053011492645 0.8338870811358818 -0.9571870258432793 0.03894021153627102 0.28683907942051484 -58.63153580558658 
0.28257183201478503 -0.033058022462428505 0.9586763410571276 -38.477423801052915 0.04798570017232329 0.9986418759449976 0.020292269169023373 0.7169422718514662 -0.9580451619473792 0.04026873178943921 0.2837743767666319 -59.33920922126299 
0.28028902421527496 -0.03913352329210961 0.9591176310855701 -38.59993864873422 0.047621481357269534 0.9985052200136579 0.026823872181624932 0.34962296147201255 -0.9587336738728791 0.0381561654287072 0.28173365014138624 -60.06298204413737 
0.2783833573738571 -0.0414565347411614 0.9595749382223955 -38.714546114501005 0.05087731529328197 0.9983018910368896 0.02836958125735901 0.4264932385242255 -0.959121579950012 0.04092297740175872 0.28001982928851327 -60.81012598488029 
0.27702059172793786 -0.040360817036681186 0.960015935392135 -38.81121632384858 0.05527290444321459 0.9981323489269424 0.026013843622138245 0.7740391064298315 -0.9592729005831008 0.04585649870756967 0.2787340735058569 -61.56964118076094 
0.27583406021880463 -0.03915479135472012 0.960407451833428 -38.89786858787082 0.05518644704496844 0.9981669266460732 0.024844367822214344 0.8455982818991454 -0.9596197305629776 0.046148552132226926 0.2774892499725667 -62.33246750909019 
0.27342533156147986 -0.036319256250685314 0.9612073135832311 -39.066086732088245 0.050824461611453015 0.9984365050952794 0.023268420552973557 0.725932346398277 -0.9605495625746758 0.042490668605250345 0.27484373909383186 -63.041924687961426 
0.26940058861089716 -0.03102788287854887 0.962528229892598 -39.35273116760929 0.04663247338920567 0.9987286719928778 0.0191429403422955 0.7453705928355592 -0.9618985057071807 0.039727952670868254 0.27050499902011854 -63.67251132137406 
0.2631142954335209 -0.027120721122607664 0.9643833957634854 -39.77881493990313 0.04376498386751681 0.9989112889377257 0.016151254435702915 0.77100124034359 -0.9637714945595752 0.037956597826473024 0.2640147779118468 -64.2195637020127 
0.25662696379888816 -0.02667719943739809 0.966142292046851 -40.20640886761563 0.04824025993350854 0.9987266499774676 0.014763331139421817 1.09022728401905 -0.9653058990666696 0.04281828645522878 0.2575871028839112 -64.76188355813014 
0.2506073108471273 -0.02600246494883392 0.9677395556483966 -40.60850052570004 0.05671071189677686 0.9983168636062595 0.012138162773767659 1.6980176168342944 -0.9664263401346903 0.05183928680013237 0.25166012286002276 -65.31529965489992 
0.2467531093289485 -0.022898728827845168 0.9688077989232775 -40.866572485370796 0.06443885112061454 0.9978958716541524 0.00717382755956521 2.4012608032027236 -0.9669335745038288 0.0606586972631954 0.2477094768949725 -65.94497102226288 
0.24232565939589543 -0.03069828585933643 0.9697091780753875 -41.133721941937154 0.07056933504627495 0.9974094635812298 0.01394026218297206 2.372431709234151 -0.9676250532874143 0.0650536486594098 0.2438642635701821 -66.58107157693611 
0.2378967453630784 -0.032734342200889374 0.9707386885183527 -41.417332960373365 0.0657713963164313 0.9976808199158043 0.01752441150840332 1.9240823630087154 -0.9690610207681672 0.059677838539980675 0.23949800336318983 -67.21254957915939 
0.23113982121279092 -0.03088000911700031 0.9724303615615129 -41.88577091997378 0.055364645365693646 0.9982940285373173 0.0185415379692487 1.2952393151606694 -0.9713439859767758 0.049552574339463855 0.2324551640275645 -67.7328109256435 
0.22495741205045597 -0.026624355549500513 0.9740047774293185 -42.32458102652408 0.047773057869473404 0.998725758159368 0.016266374236316883 0.9952549303567924 -0.9731967415201109 0.04287194514562811 0.22594268878206508 -68.26967898214346 
0.21850737811767681 -0.025048923224375765 0.9755137503661533 -42.77519895697796 0.04823996653219115 0.9987255341722041 0.014839576187250878 1.1096012638393888 -0.9746422068313642 0.04381619378430164 0.21943725714915654 -68.80023872786336 
0.21055892642048532 -0.03226439496460094 0.9770485900518052 -43.3020095407347 0.05354960565971736 0.998335273502263 0.021427118678211496 1.0592248928257906 -0.9761134043943568 0.047808895602488743 0.21193614902354208 -69.2843929839182 
0.20264436769046312 -0.03778012847116052 0.9785233375530884 -43.830065024994774 0.053931078716720246 0.998169486699754 0.027369957435114754 0.7553198264714576 -0.977766178077245 0.047226451425569416 0.20431094756269208 -69.76399027000869 
0.19282761500541218 -0.039191562244162995 0.9804496582386 -44.51961093076649 0.04839414538289316 0.9983658944288067 0.030389924876995943 0.25912661437165796 -0.9800385286222095 0.0415880065671817 0.19440915648647866 -70.14096251626003 
0.18449185180671562 -0.03709156020578067 0.9821338873994884 -45.12035444013508 0.04538200682820592 0.998543253763374 0.029186363594986872 0.1455702768629692 -0.9817857353176269 0.039186560517032946 0.1859063834344357 -70.57287730780722 
0.1765156643621127 -0.0369017077295917 0.9836058581573419 -45.690442229402954 0.04658268874365021 0.9984904674569547 0.02910050698878819 0.2266555199518292 -0.9831949315086067 0.04068231021257399 0.17796818898767772 -71.02718080463657 
0.16853500383219083 -0.040516537912082595 0.984862611047299 -46.23816102903126 0.0542069094733996 0.9980238113723205 0.03178180138396342 0.5506392376324178 -0.9842040253162084 0.048030012382736506 0.17039822317702777 -71.48914425806264 
0.16032221920063275 -0.043867262588607285 0.9860894732748985 -46.80504489261777 0.06045842342507754 0.9975726426490422 0.03454854085428293 0.7981371419715155 -0.9852114316569508 0.054078516170363314 0.16258520541941573 -71.93817300540407 
0.15286398662759274 -0.04282228189975885 0.9873190232975451 -47.342389299478164 0.06392624155142747 0.9973968230840085 0.03336184861540011 1.1028773859897267 -0.9861774876934822 0.05801576919102247 0.15520352216282485 -72.40182823355431 
0.14664946090525066 -0.04251601178981339 0.9882744175367936 -47.79221825765385 0.06519719079016935 0.997318934769211 0.03323053812198224 1.207736071893545 -0.9870376193080326 0.05955947525201013 0.1490282086668016 -72.92464868663117 
0.14235110583319405 -0.04151583275452514 0.9889451947902704 -48.10550850094798 0.0640435498795535 0.9974127648769835 0.03265272085565021 1.1824537708010463 -0.9877421659455933 0.058687409988431444 0.14464163135818808 -73.53862165448216 
0.13778283287017135 -0.045406832782628595 0.9894210986748373 -48.41879778141819 0.058108843232042184 0.9975985254961417 0.03769010833307064 0.5123574522587162 -0.9887564175794281 0.05230106561605694 0.14009048943779392 -74.15364693595107 
0.13409529517442695 -0.05178596420306987 0.989614402544568 -48.64940596320842 0.05347924879639282 0.9975565238865588 0.044954995267932556 -0.2132640093028091 -0.989524341166127 0.04689558148615637 0.13653711098752075 -74.81008994604854 
0.1314507733549014 -0.05242458307099311 0.9899355318778248 -48.83085728021709 0.04976710164110989 0.9976904908593521 0.04622683250093463 -0.5373613198681757 -0.9900726891388536 0.04318966935111505 0.13375620614648026 -75.49789949515676 
0.12808826031294157 -0.05442478301176318 0.9902683174595288 -49.067062071306616 0.05636431855689116 0.9972787769549962 0.04751951839785938 -0.15767801772400203 -0.9901598159709479 0.049729106459594836 0.1308073193942486 -76.17485822660556 
0.1256300948083277 -0.05700223734483624 0.9904381980800897 -49.22818934575021 0.06605963153534296 0.9966128840274586 0.04897840822123036 0.4381075583507692 -0.989875347889756 0.05927482035530603 0.1289701179032609 -76.8999176671112 
0.12203507257444637 -0.058064918349765036 0.9908258708364374 -49.49071848382096 0.07431645356268708 0.9960194983209042 0.049216091824099036 1.021013124322037 -0.9897396151471427 0.06762857548114011 0.12586449057131716 -77.5551455292629 
0.11747600305626679 -0.055292207176704765 0.9915352543058932 -49.85301859462699 0.07118130459816875 0.9963494619241351 0.04712718535186636 0.9346938581118351 -0.9905213832026173 0.06504245958614131 0.12098292387505988 -78.1439992943887 
0.1131887142785522 -0.044026233333472324 0.9925976051444186 -50.24537020649708 0.0613583770501547 0.9974207170719704 0.03724329095831875 0.8168070592799497 -0.9916770969049039 0.056688657896457495 0.11559814678514159 -78.71376240028012 
0.1065938761002476 -0.03821678618223412 0.993567925625534 -50.78989569428788 0.053413318590287376 0.998038300831356 0.032658344581933695 0.5046139280489705 -0.9928669412237964 0.049588580616521286 0.10842605635796808 -79.18540969279871 
0.09948920162952467 -0.04200105788830685 0.9941518042509322 -51.324918871280055 0.05570183258126744 0.9977771381589073 0.03657989084879265 0.44130695539334663 -0.9934783362540973 0.05173677322450864 0.10160758677435254 -79.65872424120319 
0.09215717063503345 -0.0399783757738038 0.9949415989750529 -51.91035283554589 0.06037283688932573 0.9975797719766453 0.034492305068809764 0.9186919890311565 -0.9939125597689565 0.05688873362550393 0.09434773722780175 -80.10445513125836 
0.08499397166347684 -0.03534550874522311 0.9957543471119821 -52.504110959467184 0.0646051429765476 0.997463112889758 0.029891703284596578 1.517950654953438 -0.9942847682036816 0.06179023738274425 0.08706185319837978 -80.54529315070877 
0.07974644554701162 -0.026680262879969194 0.9964580613328762 -52.960958766535796 0.06600605462769862 0.9975891126989188 0.021428088507106986 2.132985155931158 -0.9946274202811335 0.06406345133724006 0.0813152447432729 -81.07544725626235 
0.07396729177996786 -0.02176357052306365 0.9970231625919358 -53.446789048784204 0.06662269367730728 0.9976362171234646 0.016834339035512846 2.46544809162852 -0.9950327916375 0.06517917828318007 0.07524239685451756 -81.5911323919052 
0.06804401629998597 -0.017952189874769726 0.9975207921263943 -53.9388030557316 0.060541338510497616 0.9980698433660441 0.01383235679984606 2.1819345384558284 -0.9958437418476483 0.059450034835827996 0.06899953029473702 -82.11025091696536 
0.06130809810991765 -0.010068728216422471 0.9980681027957204 -54.51573826587415 0.04978868640284383 0.9987351235566004 0.007017099162791538 1.7438308896260333 -0.9968763232279237 0.04926229477485815 0.061731859692472066 -82.57057121043486 
0.054775948496820666 0.002490254957670877 0.9984955653865071 -55.094486972559196 0.04153650305652294 0.9991255985443354 -0.00477045566589908 1.7899531192275204 -0.9976343590615296 0.04173532033746336 0.054624615845059094 -83.02666571646473 
0.04849876020417001 -0.0001607192322114406 0.9988232298199651 -55.605231066299105 0.05052035582904081 0.9987204006822118 -0.00229235862606377 2.3647668920192126 -0.9975447678703776 0.05057208153212411 0.04844482081649939 -83.52038517887564 
0.04287929138351516 -0.00986462359631558 0.9990315588467412 -56.03457199479346 0.06414626864051967 0.9979152472574564 0.007100388059017121 2.92205405191783 -0.9970188677201377 0.06377968714562192 0.04342267745845225 -84.06346660853423 
0.0376994736457484 -0.015437485587347104 0.9991698723067932 -56.43921600474493 0.07287139060066956 0.9972610104035313 0.012658497574839788 3.3282901161879583 -0.9966285717953091 0.07233367934557187 0.03872116622176847 -84.62324010399351 
0.03388157174687699 -0.01483095856508559 0.9993158068218483 -56.75598717857998 0.07056434335838488 0.9974300240342002 0.012410503677708585 3.1674790028653037 -0.9969316488818885 0.07009557634526752 0.03484103377432512 -85.2575964555694 
0.03197288130837942 -0.015956279691026195 0.9993613620704286 -56.90527531077786 0.06016563047093851 0.9980900693034555 0.014011083750267567 2.2106252225267697 -0.9976762158991637 0.05967923169951396 0.032871834948493106 -86.01989102306337 
0.028723825618947783 -0.02680667170040368 0.9992278740078065 -57.1279637876073 0.05063086357182005 0.9983961945345332 0.0253289240382499 0.7356941605562497 -0.9983042910334428 0.049864226568859166 0.03003500312810898 -86.72290282931034 
0.026815893228109403 -0.027093010417125078 0.9992731741905797 -57.28268325815322 0.046923607961311245 0.9985648611048259 0.025814592435161203 0.39347733424688713 -0.9985384734131538 0.04619726131750554 0.028048710496034125 -87.46438380660068 
0.024271626266012047 -0.020050017788913035 0.9995043196230153 -57.53754633925841 0.05071729381063569 0.9985361054773041 0.01879899376941489 1.1472674151607636 -0.998418070883599 0.050235872092372076 0.0252529778083734 -88.15413805842977 
0.02396429300560914 -0.020232391224233193 0.9995080605008104 -57.56032329966163 0.05989429089001167 0.9980283041568712 0.018766406703023215 1.960407275983214 -0.9979170238950348 0.05941510285365313 0.025128847434091477 -88.98580887814121 
0.02423034971793886 -0.02207173781230468 0.9994627199363125 -57.52058563849418 0.06647210102887759 0.9975793397073165 0.02041863790565018 2.461735887857668 -0.9974940350384826 0.06594163615698564 0.02563885105824153 -89.85769145271003 
0.022523039840172367 -0.020599260899684793 0.9995340830240586 -57.67663842196991 0.06450780204182553 0.9977342359979204 0.01910857905184505 2.387899415756084 -0.9976629972852012 0.06404736347449977 0.023800820991610173 -90.61504758830245 
0.020548515000799735 -0.019609843130292397 0.9995965248957545 -57.856055200498396 0.05666279807679294 0.9982234724172224 0.01841810059186527 1.7435674181614917 -0.9981818901609922 0.05626147143213376 0.02162315857872533 -91.36378208141107 
0.018858550070737806 -0.009843348954918927 0.9997737061808443 -58.05200562512681 0.044829747557268235 0.9989541929725972 0.00898966497806197 1.245231021243165 -0.9988166242224751 0.044650070815374296 0.01928010251531466 -92.10028787813675 
0.01700164300082143 0.0014415437591310974 0.9998544224470205 -58.26700511251855 0.03979612966769957 0.9992055769846083 -0.0021173063852985186 1.4565583645124627 -0.999063167271592 0.03982633393181081 0.016930768641962333 -92.82016892150962 
0.0158261245580107 -5.6834459349302985e-06 0.9998747590319363 -58.37101505490881 0.04426790769526392 0.9990194539273209 -0.0006949985903499542 1.7928705904292181 -0.99889433181381 0.04427336267390886 0.015810857907989972 -93.6102079820929 
0.014407416768985885 -0.005126473182580243 0.9998830659705933 -58.481672241244326 0.05424264166483218 0.9985183616481671 0.004337888504969024 2.440589609224842 -0.9984238389417919 0.0541738010865883 0.01466414363559747 -94.38527414083964 
0.012632315654019042 -0.007107957378372758 0.9998949452533125 -58.637588107029835 0.05957999315891235 0.9982033800648344 0.006343220185590306 2.843876731282426 -0.9981436014003199 0.05949360443817572 0.013033112235865318 -95.12460830353884 
0.011728749379685514 -0.004905966580075645 0.9999191806990727 -58.73186063669079 0.05569593891594575 0.9984387507060913 0.004245406544994006 2.6181197322440903 -0.9983788854068684 0.055641644299717255 0.011983680292965926 -95.9146470936952 
0.011659702877656256 -0.005624752369448399 0.9999162032338452 -58.73939886994646 0.049123806599360775 0.998779952799307 0.005045543717144161 1.9527869049349498 -0.9987246382031397 0.04906086064262826 0.011921786737365743 -96.7653716525461 
0.01112369099820513 -0.012455860789062358 0.9998605477918311 -58.75875129852218 0.047855895199012316 0.9987832419696319 0.011910031710006808 1.4296874032481768 -0.9987923091380299 0.04771673807623245 0.01170624252639088 -97.59659930023088 
0.010560727768900265 -0.01544795817880396 0.9998249004786278 -58.79728476998112 0.05217351061791609 0.998527217944147 0.014876821385118848 1.6864787342043934 -0.9985821928207977 0.05200726500046361 0.011351148328612684 -98.40883645667884 
0.00952933062507776 -0.01887641361077019 0.9997764114375942 -58.88145971752124 0.055155172432905415 0.9983096584842786 0.018323010967060467 1.7910242880068745 -0.998432320596511 0.054968234337640434 0.01055435464952233 -99.19352860012958 
0.009039547227635442 -0.021854330512433472 0.9997202982953649 -58.91298703173432 0.05799999359403738 0.9980894529662906 0.02129423913978945 1.9094944472102129 -0.9982756569850886 0.05779128061657954 0.010289827777216997 -100.0065637343837 
0.008309980774468831 -0.02585088151238747 0.9996312700914083 -58.95956037523955 0.05795682911259612 0.997997774091955 0.025326840835708714 1.6798715116492007 -0.9982845036254653 0.05772499313587277 0.009791577437890513 -100.81144567097392 
0.007821987046588178 -0.024028474506824354 0.999680673481046 -59.01060873989572 0.05557036447237607 0.9981768269818212 0.023557518309675163 1.560994056133459 -0.9984241338785086 0.055368352778264324 0.009142997296916072 -101.60602968894102 
0.006785640457684692 -0.026267726905909557 0.99963191305939 -59.09820376221544 0.049450050451716764 0.9984407060983834 0.025900751264848434 0.8091695417405098 -0.998753546974378 0.04925609534826631 0.008074000070649914 -102.37424008431677 
0.005470287276821935 -0.027300839573170168 0.999612294900233 -59.21839756950977 0.048769919865430354 0.9984449825355728 0.027002069658819596 0.6777507211218934 -0.998795059495905 0.048603302440680694 0.0067932406428138125 -103.11586156343256 
0.008487438901151953 -0.027456259374499026 0.9995869733055044 -58.90742316204814 0.04815251420591243 0.9984745492753264 0.027016843358987897 0.6155396585169459 -0.9988039340914456 0.04790332212482691 0.009796579650901673 -104.00209261431307 
0.011508986957642527 -0.0276117329121706 0.9995524675697599 -58.59115813489048 0.047534390358371634 0.998503663765528 0.027035443034567227 0.552156477936945 -0.9988032964265119 0.047201966615855906 0.012804272534154289 -104.88850686244274 
0.01452833779539856 -0.027766916282969855 0.9995088422625579 -58.27028999502804 0.04691691808892861 0.9985322612817443 0.027057826531398786 0.4877355765078817 -0.9987931368396252 0.046500769237734704 0.01580975212833478 -105.77339111533958 
0.017548049753445143 -0.02792195486684794 0.9994560672617204 -57.94455035232475 0.04629956710201941 0.9985603666398575 0.027084022268467872 0.4222242122803461 -0.9987734558126861 0.04579911148141425 0.018815561418592145 -106.65737678535736 
0.02056779941207101 -0.028076820122146167 0.9993941453696705 -57.61396253577454 0.04568242671563955 0.9985879761303603 0.027114015144227906 0.3556375153831701 -0.9987442523072239 0.0450970741811466 0.021821374465993637 -107.54022445930981 
0.023585563268631874 -0.0282314136434194 0.9993231251647265 -57.27877733454636 0.04506591947168443 0.9986150713029539 0.02714778570652588 0.2880135184180901 -0.9987055542588481 0.044395119667481345 0.024825173559051634 -108.4215953808553 
0.02660184503419317 -0.02838576199122 0.9992430086605336 -56.938913420971886 0.04444995171375229 0.9986416571909165 0.027185332729708928 0.2193508777907036 -0.9986573704897099 0.043693123476786735 0.027827456359150737 -109.30140136604695 
0.02962529973350628 -0.028540308311084554 0.9991535379596111 -56.59340475061424 0.04383277180203142 0.9986678080636318 0.027226774570861745 0.14945056946242108 -0.9985995342137164 0.04298906766713744 0.03083683396944853 -110.18221697076933 
0.03264178011060896 -0.028694326443191174 0.9990551285195343 -56.24386502211953 0.043217284362202 0.998693400923815 0.02727191382322913 0.07863839676131468 -0.9985323132095266 0.04228624576853151 0.03383922125634894 -111.060010537159 
0.03566220153207491 -0.028848381045242125 0.9989474352001485 -55.889021337709266 0.04260126342273265 0.9987185288986302 0.02732091487020069 0.00666557870043194 -0.9984554770928312 0.04158209886028287 0.036845478931628345 -111.93778515057095 
0.038680381874835155 -0.029002154112687133 0.9988306678886275 -55.52961137195854 0.0419859880232306 0.9987431394506521 0.027373677319101276 -0.06632263930656546 -0.9983691726349176 0.040878068167185644 0.039849450124046386 -112.81376870921798 
0.041694595522957144 -0.029155548077945175 0.9987049187424942 -55.165843881225484 0.04137182635951508 0.9987672195976031 0.027430148394623752 -0.14027774477634258 -0.9982734759011956 0.040174557540159854 0.04284941351520815 -113.68754748483116 
0.04471322472594303 -0.02930900351545952 0.9985698322338497 -54.79669688671359 0.04075706806550077 0.9987908358616858 0.027490500203161253 -0.21540364204972384 -0.9981681165702057 0.03946958970709825 0.045853708149307906 -114.5613682034646 
0.04772774959771545 -0.029462081047393007 0.9984257847725563 -54.42323722519269 0.040143476278971 0.9988139204940714 0.02755455569419509 -0.29149011246507683 -0.9980533869641333 0.03876516487288128 0.04885385104370896 -115.43293718897795 
0.05074529309385455 -0.029615144041736718 0.9982724369991428 -54.04456083480011 0.039529602728351106 0.9988365281086803 0.027622465927882166 -0.36871165972478215 -0.9979290183860569 0.038059602719754074 0.05185692725043613 -116.30422647334781 
0.053262111243833836 -0.02977953144830542 0.9981364270542221 -53.716574006581666 0.03876735640859622 0.9988633533626635 0.027732532992561794 -0.46685852185887544 -0.9978277604792012 0.03721801735469084 0.05435604475352889 -117.1522286364593 
0.06084682487747217 -0.029743823375984368 0.997703848280295 -52.81822984062174 0.03965869382346263 0.9988386623304852 0.02735899556022168 -0.3408928659446868 -0.9973589383499539 0.0379029234337622 0.06195576235207919 -118.2055503836797 
0.06685077132190118 -0.026635036586481073 0.9974074138483748 -52.12061997121057 0.04505559880480465 0.9987044997962572 0.023649843615731234 0.5080849020720413 -0.9967451867904893 0.04335777799593642 0.06796422365662542 -119.16174224080817 
0.07307633479075878 -0.01968294066942447 0.9971321031539173 -51.418332712363 0.051372775193767206 0.9985522328444226 0.01594604183830327 1.7160363563999188 -0.9960023530406139 0.050060165081851356 0.07398170455956164 -120.10681382261137 
0.07891431035767338 -0.01367127598483839 0.9967876543345225 -50.74775052296542 0.052239080184644 0.9985888440586266 0.009560283631700583 2.2155584543042273 -0.9955117327898431 0.05131682701222505 0.07951712484215147 -121.02302062245347 
0.08257496836173808 -0.014359450768827182 0.9964814001142598 -50.29981157005633 0.05364733677029613 0.9985104394134815 0.009943120222096282 2.3697105589250524 -0.9951398584407686 0.05263752041950933 0.08322231423466553 -121.84553645384062 
0.08333454479725436 -0.017483620538312674 0.9963682435005182 -50.188515668952604 0.05436809754682692 0.9984366880448048 0.01297266107090708 2.281734710822869 -0.995037418197212 0.053089575050044024 0.08415481809399103 -122.5272964074119 
0.08332407443546666 -0.017690745694146994 0.9963654631390318 -50.186264185140956 0.055648231820162555 0.9983648552512043 0.013072493814470806 2.433300514279499 -0.9949675235477602 0.05435672282271053 0.08417228623016514 -123.17062100859522 
0.08221504551809326 -0.017874052285693994 0.9964543163363515 -50.31827703170294 0.05859865042292864 0.9981960534913968 0.013070461461338225 2.7936263594142527 -0.994890388162972 0.05731628956142586 0.08311412931530711 -123.75635963252599 
0.08230263002133581 -0.01943986699225352 0.996417768138894 -50.29144058655619 0.061523875045323695 0.9980018886304686 0.014388991953083215 3.072256918431843 -0.9947065345572929 0.060119230378823225 0.08333419614827728 -124.41470475985889 
0.08190675058100562 -0.02805904698079454 0.9962449367960631 -50.27747924536633 0.05846679548056633 0.9980173577433472 0.023302091520314042 2.1755653729577866 -0.9949235739671135 0.056338650370035076 0.08338488135740463 -125.08116497166861 
0.0809181877907117 -0.032870630784450704 0.9961785826429419 -50.35809519696291 0.04948139347379051 0.9983561695931387 0.02892317989448609 0.7562810458964959 -0.9954917571655524 0.04695189311571205 0.08241165662873058 -125.70866035269384 
0.07892485334562602 -0.03133278380013953 0.996388038960577 -50.609452536520365 0.04097409211890499 0.9987632514159047 0.028161878420335122 -0.22869060903391825 -0.9960381475121337 0.0386034231702837 0.08011107551476992 -126.26041484143063 
0.07584582638396778 -0.024352243042196305 0.9968221400425191 -51.03743612365861 0.03416428109951981 0.9991782181948191 0.021810322830724847 -0.6796042752619598 -0.9965341000272326 0.03240148983984018 0.07661547454054425 -126.74830356268475 
0.0717560454784255 -0.025528125938068965 0.9970954742267106 -51.541295494273264 0.04072792363024151 0.9989136597444561 0.022643688142773104 0.06948230145270795 -0.9965903401970478 0.03898480681019296 0.0727178015612728 -127.21851092284562 
0.06722427860125135 -0.03334685837051868 0.9971804668179973 -52.05418656280226 0.053150428755436824 0.9981418916229329 0.02979590761340371 1.1803735600162262 -0.9963211973503597 0.0509975609633427 0.06887176842608025 -127.68089234388911 
0.06317940256188745 -0.02940130779097519 0.9975690082355729 -52.58593449898477 0.06676807307437749 0.9974510196583839 0.02516918354626864 3.1697997045261705 -0.9957662313564655 0.0650155864591836 0.06498142817383254 -128.11860424817502 
0.05931640846202221 -0.022843786256774586 0.9979778179481855 -53.11739902518282 0.07757502884267747 0.996820263881033 0.018206493792207342 4.959833453816785 -0.9952204170872018 0.07633821418924319 0.060899905313333655 -128.53737143737152 
0.05644960535443282 -0.019654193376861147 0.9982119788592173 -53.4992929992463 0.0747604136320608 0.9970825397972488 0.015404200239888517 4.789422988840853 -0.9956024922673163 0.07375717940765106 0.05775427150380922 -129.0666818261673 
0.05394046093148436 -0.024530458858090506 0.9982427977514845 -53.7867507841569 0.07034691877881258 0.9973076566694287 0.02070625429335156 3.9277991848249623 -0.9960631193317154 0.06910640011421045 0.05552087688814495 -129.64302652791255 
0.04996680835545883 -0.022390439030448055 0.9984998679533181 -54.33184312404208 0.060722121997660146 0.9979673312112177 0.01933984837739852 2.8155724822228088 -0.9969032761320781 0.05966468029901189 0.05122483735402797 -130.105912311241 
0.047934102892025696 -0.014571993369646579 0.9987442008788702 -54.669091669257064 0.0539866991932324 0.9984698239823443 0.011976932281966913 2.422692856775807 -0.997390474232713 0.05334479923949836 0.048647449100045606 -130.64142370316173 
0.047379135841087626 -0.0064363753489874425 0.998856241187549 -54.80505075099682 0.058161798662255036 0.998300409209925 0.0036739825350428526 3.480253591529805 -0.9971822414500385 0.05792120547488153 0.04767296186533328 -131.25316739324506 
0.04599721922783909 0.0009781597452791443 0.9989410888670159 -55.04070843233293 0.06309334318642705 0.9980000785368798 -0.003882432992492638 4.597046388544255 -0.9969470827826653 0.06320511406440299 0.04584351303336179 -131.81731943874857 
0.044685109323305695 0.004366990095476206 0.9989915767424021 -55.246810838453584 0.06625219882326011 0.9977760211114952 -0.007325151602265757 5.250388028605972 -0.9968018294304275 0.06651271376525691 0.044296407887475756 -132.39689163258936 
0.04367641047149381 0.006930853718490438 0.9990216886710013 -55.405005526031154 0.06348006220204425 0.9979359791666684 -0.009698617813197708 5.0658298610569465 -0.9970269067939692 0.06384155975064203 0.04314629042519278 -133.0270063465277 
0.042927740259114555 0.012538883035502565 0.9989994922563618 -55.54524792659791 0.05700505960541011 0.9982615126609226 -0.014979169513387255 4.568830771329619 -0.9974505663418262 0.05759104750001651 0.04213833115135509 -133.6708099732685 
0.042156480378849205 0.021093584378581987 0.9988883280227738 -55.69272509522317 0.0554796540820575 0.9981851050233636 -0.023420164227263406 4.904143866492065 -0.9975694658243122 0.056405290599024514 0.040909706029702834 -134.29220953386977 
0.04128161305485591 0.023954671789299307 0.9988603516623616 -55.83349993166464 0.058021111245458896 0.9979680445843261 -0.026331210347775264 5.442405055583899 -0.9974614674629948 0.059041982419323076 0.03980785398090625 -134.90637456724687 
0.04086303096493207 0.02504802262912121 0.9988507442369606 -55.90105510608352 0.06278798387352998 0.9976455564589352 -0.02758645970106889 6.172105038629969 -0.9971899928205539 0.06384309077819149 0.03919410642470758 -135.54217350255655 
0.03989054231354792 0.02587011029524118 0.9988691015479674 -56.047887607197325 0.0657272421501437 0.9974317451592116 -0.02845774741588806 6.644471756485175 -0.9970399562070055 0.0667881062911817 0.0380877222313235 -136.14913077991903 
0.03955149144929936 0.027050219715617257 0.9988513228391271 -56.10629300423225 0.06369756970855166 0.9975320554192736 -0.029536723315611524 6.458949673394068 -0.9971851879853411 0.06479262322468196 0.03773084730435052 -136.82024911156472 
0.03970508044544253 0.029860312618386016 0.9987651717581837 -56.10190378522241 0.05684912171666728 0.9978668188751094 -0.032093444005173145 5.709777248286109 -0.9975929450165857 0.05805319559164603 0.03792284977073398 -137.5318508313397 
0.03945994954456628 0.031236192142101552 0.9987328034476505 -56.14535596586893 0.046937153532843966 0.9983499901127555 -0.033078707049928956 4.436292670068616 -0.9981181372964698 0.04818295904490015 0.037928702291312615 -138.23146010117432 
0.03906975624879465 0.030287992233912105 0.9987773483980797 -56.20141904781626 0.04131047166801813 0.9986369980867933 -0.0318997019227993 3.6067403020673505 -0.9983821908854473 0.04250627693219017 0.03776529285121915 -138.89691568877794 
0.03940345318715338 0.02664560539240261 0.998868049138724 -56.14673996643878 0.041737176166757234 0.9987280805305528 -0.028288324188308855 3.4546960349857874 -0.9983513289431496 0.04280458939214522 0.03824122284154894 -139.58186654321293 
0.03947550954040225 0.028744865853879708 0.9988069967884528 -56.14732984691548 0.04814117523871321 0.9983706353611511 -0.03063497503193001 4.495191306295994 -0.9980601742345805 0.04929307391118878 0.038027377916771986 -140.21213743804705 
0.03895019989117073 0.030956868843666375 0.9987615101713904 -56.23511037399851 0.056517683400733515 0.9978516777579082 -0.03313277318220857 5.829205520344109 -0.997641535518371 0.05773821496310128 0.03711691179802648 -140.78191088205546 
0.038815634243843634 0.031745044239840106 0.998742008080395 -56.26051465246324 0.061064012162184385 0.9975518583441046 -0.034080439153289 6.5374258576588336 -0.9973788312155543 0.062310047989349214 0.03678212830520088 -141.3659693378563 
0.03826899669077883 0.030560143503037932 0.9988000608336765 -56.33805054734776 0.06468732077409692 0.9973599694235986 -0.03299457413619254 6.99476433428935 -0.9971715170537866 0.0658723691727674 0.036191111563703776 -141.9249593939487 
0.03602710190288652 0.032245506730775066 0.9988304536927956 -56.66449256927864 0.06746975649585828 0.9971203631044332 -0.03462388540983856 7.500596214437372 -0.9970706493959536 0.06863824573923477 0.03374776044379594 -142.36937028095855 
0.031462374052895176 0.03913686874190183 0.9987384164655099 -57.34189719261262 0.06734954023668634 0.9968790202062833 -0.0411856589417645 7.9021241212009 -0.9972332517765655 0.06856037177290894 0.028728330503143478 -142.65284919741885 
0.02385359886477835 0.04450010997286894 0.9987245596427483 -58.44422244708333 0.06479494241656991 0.9968394832020058 -0.04596368312908942 7.8467142849434435 -0.9976134628494301 0.0658086995917753 0.02089482710165079 -142.7597099567022 
0.013404369552800556 0.04763035587352406 0.9987750858307661 -59.9427032973701 0.06140220753065043 0.996940524049741 -0.048366935170538444 7.521817580362278 -0.9980230918106331 0.06197532336978609 0.010438750210420842 -142.68806005303372 
-0.0006816647780062091 0.04902169370821312 0.9987974814140805 -61.948741303909785 0.05793022978451855 0.997122301689222 -0.048899938150287946 7.063368230057366 -0.9983204013793587 0.05782723424103281 -0.0035195411333688448 -142.37353550760702 
-0.019210409913289872 0.05125715933068849 0.9985007079458248 -64.57868422817023 0.05556488935462367 0.9971962752413606 -0.05012117033515638 6.7990004521645435 -0.9982702556031471 0.05451873313005125 -0.02200464759823405 -141.7282999323565 
-0.04092387701071645 0.05652013048892398 0.9975623845855092 -67.64714683561294 0.05705592542999249 0.9969018306048976 -0.05414204936952193 7.260306288105182 -0.9975318830311835 0.05470114245717045 -0.04402189625790216 -140.77404388245674 
-0.0655016454925913 0.05580750230074033 0.9962906489196396 -71.08359071600074 0.06015609767939973 0.9968396916793849 -0.051883263241008754 7.568691418278641 -0.9960375386247999 0.05653451847767091 -0.0686518016569734 -139.56020014385768 
-0.09334004638651716 0.057408002826974176 0.99397784530239 -74.94840426134785 0.06322737733238788 0.9966629759686716 -0.051625682454960825 7.9991828375867104 -0.9936246446703257 0.058027868689886915 -0.09665832586527956 -138.0006582495134 
-0.12521379781455394 0.0612110751937256 0.9902397230521927 -79.33038585381541 0.06480254135903106 0.9964681951638946 -0.05340193498574416 8.343848105783612 -0.9900111794673166 0.057483391518234235 -0.12873820034975714 -135.9914431283164 
-0.1612738202648356 0.061090715092574605 0.9850170960073049 -84.22533706129921 0.0625013550923159 0.9967109881013155 -0.05158281506201654 7.902131102122019 -0.9849285941167562 0.05324594564448809 -0.16456164122788255 -133.52457491335764 
-0.20121450790253415 0.057307624667406264 0.9778693971919363 -89.54667101097564 0.058201831118138814 0.9972228848970419 -0.046465736754257796 6.962043594103793 -0.9778165823220812 0.04756420915562487 -0.20399112074637774 -130.5079994638509 
-0.24447166968038347 0.05453318104961544 0.9681217562312582 -95.22728452730492 0.05462783886571085 0.9976061843364273 -0.042399294741495445 6.1863700984619845 -0.9681164196234597 0.04252097292306694 -0.24686547939541553 -126.92021662628733 
-0.2900458025139467 0.051194784241024784 0.95564246792959 -101.09553290732939 0.05265037611863716 0.9979094376201426 -0.03747922362078767 5.591672341296153 -0.9555633785043286 0.03944424387874549 -0.29213486831637747 -122.7757619735806 
-0.33748330242103713 0.04200645863428059 0.9403937888033921 -107.0375407724335 0.04879509302872077 0.9984414229139625 -0.02708807682101687 4.38555217442337 -0.9400659867707742 0.03674482878650166 -0.33900701773582975 -118.07439057634004 
-0.3863574388952412 0.02897318837646084 0.9218939655760917 -113.00890326494591 0.04363867860682056 0.9989614009968981 -0.013106679509548703 2.7833457645343613 -0.9213162297168984 0.035166371345612284 -0.38722052010013863 -112.83374779977477 
-0.43618066771163755 0.016944455325779657 0.8996995668268072 -118.92539879790675 0.03908049906535232 0.9992360573732111 0.0001274285850387257 1.3157083921421515 -0.8990100887684372 0.03521628996578047 -0.43650964847711327 -107.0084776245006 
-0.48661179576841307 0.00877713120639293 0.8735742224830279 -124.71232714793165 0.03585805182183157 0.9993075202618654 0.009933784154297366 0.24481182940694612 -0.8728820999073028 0.03615856628611147 -0.4865895577851518 -100.54370304677308 
-0.5367416796733953 0.0037825180869835518 0.8437381476846384 -130.30390101843312 0.033860399877103195 0.9992809499371983 0.0170603755167814 -0.4792484966334851 -0.8430669265375939 0.03772632568290443 -0.5364838131098855 -93.56915664973205 
-0.5849642670328491 0.0007075227076449521 0.8110587560136068 -135.47836673838574 0.036003995279740963 0.9990364911181655 0.025095851015625212 -0.6357248678944512 -0.8102595378140375 0.04388153171802696 -0.5844261224102337 -86.29181388780353 
-0.6303064529548728 -0.002212299693963861 0.7763432752935472 -140.0947128916013 0.041676469116173134 0.9984575613323904 0.036682013851285 -0.47816456589099054 -0.7752269650144119 0.05547615657416576 -0.6292420430695197 -78.87385578831041 
-0.6729350843829838 -0.005806127272593207 0.7396787553340721 -144.24153700602818 0.04514751275176487 0.9977825026889839 0.04890582194419186 -0.6709248802620253 -0.7383224731096816 0.06630509945548918 -0.6711807204377983 -71.36339021577528 
-0.713212081975755 -0.009154276773062568 0.7008885256162863 -147.93425186709675 0.044798682510405724 0.9972751587425557 0.058611737735219646 -1.2838840198856838 -0.6995152637141957 0.07320148203262362 -0.7108585927307108 -63.676714105621876 
-0.7509597686466546 -0.007909404595070915 0.6603005885148944 -151.16077954827028 0.04489147119885143 0.9970035358107481 0.06299766181747482 -1.519697082279507 -0.6588202954431247 0.07695057439563227 -0.7483544797837561 -55.80133277031478 
-0.7868661504551736 -0.006436694805749271 0.6170901313648063 -154.01656924342697 0.04403755303100073 0.9968107585071905 0.06655077495687466 -1.844142113065665 -0.6155504489405377 0.07954169148500966 -0.7840731879900019 -47.651953019771526 
-0.8204580702817842 0.000884253967374016 0.5717060197377767 -156.45866955779977 0.04600222799656328 0.9968583733683068 0.06447618525351428 -1.425847168545403 -0.5698529195580572 0.07919975719921443 -0.8179211750106133 -39.22929378265032 
-0.8517541111804154 0.010047292776504867 0.5238453836726286 -158.4106677211796 0.04769155357441478 0.9971522829510352 0.05841952005278058 -0.8233888276520616 -0.5217666622206888 0.07474206655827574 -0.8498077274782095 -30.529811956391967 
-0.8803444795898029 0.01962030831251981 0.47392894062030266 -159.90084262184257 0.049670624807627316 0.9974641699441272 0.0509711556558631 -0.10831477982360993 -0.4717270675793155 0.06841252209497935 -0.8790866285717378 -21.69278269127275 
-0.9060252009844891 0.024903144896604234 0.4224904360518419 -160.82914959281933 0.04844087866437698 0.9978088546359037 0.045066294327449755 0.03311523693703666 -0.4204424056339222 0.061297006325301544 -0.905246298285896 -12.850130046963606 
-0.9274134751577594 0.026568278641273625 0.3730929812605007 -161.26238770878035 0.046036595373511464 0.9979979696452574 0.043366859124917154 -0.24133414620270655 -0.371193854989848 0.057394940142704624 -0.9267798783226755 -4.6130660701800466 
-0.9451664665881875 0.026359744232642084 0.32552344665352523 -161.25894718071652 0.04317587558794152 0.9980740796766712 0.04454183701621928 -0.7404564396685105 -0.3237224030004953 0.05615421054163774 -0.9444842563187752 3.1131995762486255 
-0.9595846791993474 0.02791363252030554 0.2800322705786014 -160.87781779977894 0.042450522518715866 0.9980399645937432 0.04598023718521438 -0.9288758718963854 -0.2781999219693879 0.05600944735704854 -0.9588888075386975 10.340388348130858 
-0.970803276710107 0.03057157903387249 0.23792094587130247 -160.25187206799473 0.042445057637020105 0.9980874789921897 0.04494220022655766 -0.8734349838049882 -0.23609196303794286 0.05372860350306585 -0.9702442074830956 16.884030879463566 
-0.9796289810499031 0.031958991874802244 0.19825660726814245 -159.41068475734716 0.041483155795641546 0.9981666927324987 0.04407268206836729 -0.971664477182324 -0.19648462350108345 0.051399186353590934 -0.9791587799585045 22.901284032945224 
-0.9861020468657565 0.03251249698993446 0.1629284834111142 -158.45248592317034 0.04012321190666153 0.9982412749180078 0.043640404631069434 -1.1542010780448675 -0.16122307847656045 0.049571106398282445 -0.9856722702688718 28.11182633316004 
-0.9905024439541458 0.03158039748119115 0.13381923260800452 -157.53500645372702 0.037373198428708204 0.998459968906029 0.04099920159444032 -1.434537773388743 -0.13231837574605212 0.04561106211329788 -0.9901572998533243 32.25437001420874 
-0.9935919652942624 0.03162583126561757 0.10851181179688722 -156.6378123255789 0.03601212077733995 0.9986016194298478 0.038703137201064136 -1.5237445760611608 -0.10713605210106775 0.04236286662685671 -0.9933414588505569 35.745402902987905 
-0.9958441511354987 0.030265736992008452 0.08589768223618588 -155.76842351406611 0.0335786482677022 0.9987364805640095 0.03738872518728066 -1.825601992372456 -0.08465755152218897 0.040117671354985625 -0.995602165232339 38.760243515477406 
-0.9973598539362212 0.027827002530751113 0.06707443392584969 -154.98993603395752 0.0303117254110869 0.9988805628902967 0.03631556667005393 -2.2655724374370023 -0.06598879494976696 0.03825283009292071 -0.9970868567637224 41.14328760127612 
-0.9983356684178848 0.024794216170979783 0.05206860867241844 -154.3326580900939 0.026674094622806274 0.9990056225869645 0.03572476333982187 -2.7870864936275375 -0.05113106531912105 0.03705418848253774 -0.9980043092468251 42.90055734193017 
-0.9988682915442005 0.023001278823962794 0.04163024525548486 -153.86182081131972 0.024431912505155112 0.9991167032625593 0.03418910518125692 -3.050618909544992 -0.04080708025465561 0.03516751959147742 -0.9985479596728813 43.93949288159252 
-0.9991326462342486 0.022641923918960905 0.03494708156907216 -153.55640940083333 0.023771656204005398 0.9991968650816007 0.03225729642142173 -3.0559727746501473 -0.03418864709616203 0.03306006794229117 -0.9988684439491446 44.390911512582115 
-0.9992634020477547 0.022245377329590428 0.03126973801315413 -153.38673391744018 0.02323840413085781 0.9992253236526862 0.03176049660562533 -3.1134115919318783 -0.030538989855561183 0.03246376069787966 -0.999006243393881 44.357132505100324 
-0.9993132116729785 0.022591724598938816 0.029372077820307225 -153.3003010601139 0.023536238639803975 0.9992036725203882 0.032219036181404995 -3.090570485663049 -0.028620804435351622 0.03288821675637389 -0.9990491553232297 44.03218964386937 
-0.9993428319630406 0.022881283982107543 0.028113182804851103 -153.24350700769696 0.023795259441476476 0.9991845937319744 0.03261799007881461 -3.070844464483475 -0.02734391764545826 0.03326551505687305 -0.9990724276426605 43.59091651020689 
-0.9993357020709764 0.023163574665568877 0.02813544694902497 -153.24401365681166 0.024089436667993652 0.9991641181448695 0.03302671725745666 -3.0449171294891078 -0.027346912208282153 0.03368254474498468 -0.9990583729553418 42.93213498487562 
-0.9992955059833 0.02388039353375687 0.028952003838310994 -153.28070200542396 0.02484014757406238 0.9991381216314562 0.03325629220561285 -2.9408327980172033 -0.028132877387132847 0.033952035394645495 -0.9990274273024149 42.13580017620977 
-0.9992609606025328 0.025208844157333328 0.029018042524529507 -153.2698868350615 0.026117570071689574 0.9991663966491852 0.03137489985058228 -2.6644299411532493 -0.028202928026261807 0.03210959332247899 -0.9990863670711414 41.45160774286961 
-0.9992075686187817 0.02766167737776002 0.028619336463151963 -153.21186367531985 0.028474078319477906 0.9991915919808024 0.028379382987049576 -2.186824753942156 -0.02781117902568306 0.02917180350129476 -0.9991874419755703 40.83976664977206 
-0.9991883365274996 0.02853234445060646 0.028435426277085014 -153.15579666591725 0.029298349964169038 0.9992087920757199 0.026896031825495617 -2.0152049388445086 -0.027645521098084044 0.02770731236935404 -0.9992337214108036 40.16411647171471 
-0.9992065666524733 0.027917942620136613 0.028404676348003 -153.11643291757517 0.028658947630637036 0.999250437229179 0.02602361270078111 -2.0894847639785503 -0.02765685953394552 0.02681701283056345 -0.9992576974652563 39.4271561279042 
-0.9992154568756346 0.02724449492810392 0.028743838242827814 -153.08785051744525 0.027991004115780434 0.9992726730894494 0.025896496003449076 -2.198908373942231 -0.028017395121739293 0.026680747980122644 -0.999251301354076 38.61452257085331 
-0.9991503145470321 0.028802286273387226 0.029480116112270575 -153.09183613677607 0.02958729385210265 0.9992095898331234 0.02654783659793122 -1.9940574467456469 -0.02869217633914224 0.027397516145574705 -0.9992127576877596 37.718998361690296 
-0.9990480545297219 0.03132707108752529 0.030357854954791666 -153.10769201702385 0.032141292383025766 0.9991262533300674 0.026714550914645772 -1.6131781224573762 -0.02949444124454394 0.027664860811135682 -0.9991820321703019 36.79316723454435 
-0.9989191741237321 0.03421827241775943 0.03145780349460774 -153.13015572293568 0.03505807274195216 0.9990327130623005 0.026543733102180136 -1.156270090852916 -0.030519094081923617 0.027617893911806808 -0.9991525593383104 35.82472221317838 
-0.9988483548242381 0.03545735246148701 0.032322441450708506 -153.14578288347207 0.03632160865963947 0.9989872627443287 0.02655540658641349 -0.9606205569058646 -0.03134812289896397 0.027698827249825163 -0.9991246519627547 34.861944142228744 
-0.998804035195996 0.036187452149544774 0.032878071462906416 -153.14733167196593 0.0371370775232162 0.9988966208716922 0.028746796067556524 -0.9182310131210967 -0.031801521177927214 0.029933411399963635 -0.9990458718861362 33.933265189479634 
-0.9987210824070458 0.038026265839897405 0.033319703809804105 -153.15263200882646 0.03911879730463483 0.9986969104317749 0.032775002539570615 -0.7655071901955557 -0.032029974291879953 0.03403651275180005 -0.9989072011686368 33.00238773158125 
-0.9986615929003992 0.03913275199209274 0.03381790335255926 -153.1545545464961 0.04039376179203739 0.9984819089746038 0.03744624759196702 -0.7360380309803216 -0.0323011899769313 0.03876216160066605 -0.998726252761045 32.061815590472264 
-0.9986172796376978 0.04002181186253726 0.03408494365909642 -153.15226187484473 0.04134325290803721 0.9983839757489895 0.038989388384831264 -0.6387036111467821 -0.032469435596975946 0.04034465940965208 -0.9986581217859963 31.155185352463146 
-0.9986730493299909 0.03955293178795219 0.032980390066144845 -153.1020570819232 0.040731268300460775 0.9985265452919458 0.0358566887758381 -0.6084034502638005 -0.031513557789835424 0.037152441835081144 -0.9988125909003742 30.46153254348024 
-0.9986910849188803 0.04031634570238754 0.03147553292251131 -153.04533730479795 0.0413100972477345 0.9986469403176289 0.03158740982766328 -0.36306883514870947 -0.0301594557134773 0.03284632191651984 -0.9990052684383725 29.834488164262726 
-0.998636685822879 0.04321318265481317 0.029281232445676215 -152.96896036886108 0.044085525453175865 0.9985822669569079 0.02983156993388938 0.12517555067381192 -0.02795060239446218 0.03108177864995763 -0.9991259614591859 29.315558213310496 
-0.998607808653273 0.045559842280462524 0.02658468107929963 -152.8800340235581 0.04646273720831223 0.9983276738732343 0.034395779246425076 0.34380428886257475 -0.024973156544977896 0.03558309079094927 -0.9990546457035991 28.861857754556617 
-0.9986035527691721 0.047414406453507425 0.023298464701551162 -152.7748417982329 0.04833632852428681 0.9979997808326144 0.0407435492175945 0.43645848281103294 -0.021320031462922554 0.04181281524504116 -0.9988979651294241 28.506842698550898 
-0.9985913337004032 0.049077268311283694 0.02016853969805725 -152.67331433386911 0.04995239393398046 0.997716549548044 0.045458168663170394 0.5479807353330786 -0.017891523096546288 0.04640160011300345 -0.9987626269080351 28.126178310652456 
-0.9984994677776837 0.051697524977155136 0.018060419677276177 -152.63273499823342 0.05246013838284711 0.9976234422222771 0.04466991615649656 0.951943671965074 -0.015708173940195216 0.04555033962345799 -0.9988385354158368 27.59128044280913 
-0.9984920174429844 0.0524723578126865 0.016135140787009606 -152.60325481952844 0.0531249107744513 0.9976575011952422 0.04309587177528385 1.097373194318428 -0.013836002234959063 0.04388806186701071 -0.9989406404124884 27.011715427423017 
-0.998638219928668 0.05030866211009464 0.013811017862356485 -152.55452131048293 0.05082759923756677 0.9978971437631418 0.040222451754072186 0.8320874209776392 -0.011758437542771703 0.0408696585018241 -0.9990952958354368 26.480559064547712 
-0.9987154459804275 0.04923398205704978 0.011978020325729402 -152.52325986924876 0.04966039076264092 0.9980285920209935 0.03837675204986055 0.7038215290052114 -0.010064966439055597 0.03892228820869535 -0.9991915491692176 25.87952277707953 
-0.9987069387511206 0.04974361909234741 0.010489177754309208 -152.48836862820133 0.050106747925084544 0.9980286158593347 0.03779147705864519 0.7850647694226891 -0.008588614715893181 0.03826818894979904 -0.9992305947136358 25.239110643571117 
-0.9989329557611206 0.04523966132144283 0.009291013823696338 -152.4737437811189 0.0455545386596635 0.9982740876904649 0.03706251277604946 0.10513427052933633 -0.00759828282285962 0.03744621328373233 -0.9992697569769905 24.50699572431287 
-0.9991229844465062 0.04097717633333036 0.008610050548840727 -152.4605496786195 0.041249555876390974 0.9985604926476073 0.03428435012318029 -0.48121442585592655 -0.007192780457298849 0.03460944297609389 -0.9993750298892693 23.716218145433096 
-0.9992234750445038 0.03855540677695875 0.008119576851638773 -152.4552020145025 0.038790402426652146 0.9987631150085841 0.03110538181617089 -0.7732054035356515 -0.006910253220018905 0.03139618936454983 -0.9994831302697518 22.898226046302522 
-0.9992798252136389 0.03690083052079011 0.008840793396245284 -152.47512654178718 0.03715045965201975 0.9988602633976454 0.029966940998877072 -0.991586029611633 -0.007724912209391177 0.030273799101904388 -0.9995117922362374 21.90677697028959 
-0.9992949888360848 0.03598720983814195 0.01069794443600156 -152.5211508697739 0.03629697504052559 0.9988807223634841 0.030328733793429704 -1.11846547118691 -0.00959452395888809 0.030695654719697096 -0.9994827271600712 20.749632917319257 
-0.9992444187724364 0.036761059985186736 0.01261808309135716 -152.57684843854014 0.03713397255042268 0.9988381504872147 0.03071509749139043 -0.9822182973699958 -0.011474303236332807 0.031160449291476672 -0.9994485313237469 19.594485915314532 
-0.9991630135895097 0.038175227530757465 0.014694362106094181 -152.63424154626586 0.03862195998430425 0.9987596674170222 0.03142405047110025 -0.7645637486100818 -0.013476515933315326 0.03196527403314988 -0.9993981212581324 18.420147282953188 
-0.9990442184408723 0.04032933918076667 0.01685805448767219 -152.6922634626265 0.040859026077983654 0.9986409173945644 0.032355186497714086 -0.4327276983363366 -0.015530279708532763 0.03301306569505392 -0.9993342523428236 17.238746244976078 
-0.9988136676632804 0.04499087588847281 0.018630039608498017 -152.7345113783038 0.04561132966350333 0.9983689062212078 0.03433851623173482 0.2650974712258094 -0.017054732344817053 0.03514752021776157 -0.9992366025757811 16.141232601042585 
-0.9984938772097685 0.05087362523005501 0.020539022142177496 -152.77718076803404 0.05155439446634415 0.9980878028742455 0.03410105811952549 1.1823894936581567 -0.018764903032350514 0.035108574588191624 -0.9992073190307276 15.028116123862763 
-0.9984667454044233 0.05059030204979587 0.022467302018915745 -152.81222703835158 0.05130343046658383 0.9981578000103974 0.03238771836306267 1.182348271262214 -0.020787408300678784 0.03349070941194207 -0.9992228260199155 13.88973250606901 
-0.9984807751977955 0.04947535297134507 0.02425553563147079 -152.84070350785382 0.05024135519406059 0.9982224167503881 0.03205952160092029 1.0445536249537437 -0.02262626325032347 0.03322944696164087 -0.9991916012787293 12.766372539328952 
-0.9982311717611921 0.053951856674467745 0.02497448469249846 -152.85413895717812 0.054721115716820166 0.9980135634385893 0.03121741000334246 1.756818539484539 -0.023240637232753766 0.03252882343381228 -0.9992005546570861 11.843145373212884 
-0.9981028039792664 0.05629280650641744 0.02493817604310353 -152.86201232721663 0.05715614466223802 0.9977382894729155 0.03537627519979852 2.0853612949648648 -0.022890343293079853 0.03673452946879376 -0.9990628641525178 11.031498662313986 
-0.9982171057316506 0.054454489407034304 0.02444009836612423 -152.86222601978838 0.05540177173132013 0.9976658553708821 0.039918475874181326 1.777070231583967 -0.022209311420152065 0.041201330203115526 -0.9989039978274881 10.275772405497975 
-0.9983432004913868 0.05281685569817823 0.022830545038880254 -152.84956321839144 0.05374359071045063 0.9976673894411083 0.04208808029966224 1.5217829726643415 -0.020554330204656517 0.043245344257169804 -0.9988530220757793 9.68826486772501 
-0.9984681295682373 0.05145220870089314 0.020348573815022405 -152.83020863308093 0.052262343076211866 0.9977700030565949 0.04151708680323312 1.3307403589562126 -0.018167050742759143 0.04251695215137907 -0.9989305616743679 9.23805437293224 
-0.9985598417122696 0.05071889013258852 0.01748818753577706 -152.80766762946152 0.051354175688861095 0.9979563566255893 0.0380244514740042 1.2589960890928409 -0.015523889940526782 0.038867781700269784 -0.9991237683024141 8.854250869302046 
-0.9986597799205434 0.04986665241516802 0.013854997147454052 -152.77848762212318 0.05032288142276718 0.9981263702768337 0.034804548026121825 1.1619332916783438 -0.01209345171409813 0.0354551256505651 -0.9992980949099936 8.59041087692394 
-0.9987487437003643 0.049131473429031874 0.009329805766268568 -152.74009346944803 0.04941401046570382 0.9982346275092324 0.03295275422782947 1.0624294073659588 -0.007694317815066172 0.033372545006289334 -0.9994133632852646 8.468609900694624 
-0.9988579752409237 0.047588325326871565 0.004254008719636344 -152.69901656000815 0.047702408533004906 0.9983243275038867 0.03275694329547022 0.8210135389115569 -0.0026880323199675498 0.03292246051704242 -0.999454294140433 8.424920941339629 
-0.99896152333033 0.04555704524869801 -0.0006561507107297162 -152.6569522906869 0.04551058463430557 0.9984182245476485 0.03301265783550616 0.49563037110453445 0.002159071974434346 0.032948513158087514 -0.9994547182783626 8.360803205909715 
-0.9990357457744893 0.04358535906488601 -0.0052815849889120735 -152.6178686743989 0.043377370148258425 0.9984598085426003 0.034589224971008574 0.17533410297467178 0.006781034126968315 0.03432677089763954 -0.9993876577064131 8.254660717395403 
-0.9991092786554953 0.04108093747147766 -0.009643955669769683 -152.57314133679824 0.04069060097564323 0.9984611456584189 0.037677786595259534 -0.23682276854598738 0.011176953821900811 0.037251807834540136 -0.9992434030386803 8.109342947827948 
-0.9992285262496932 0.03677734429139325 -0.013776039914953485 -152.52664972718765 0.036211519883938996 0.9985715855214979 0.03928758603907842 -0.9093374793222186 0.015201255098219967 0.038758425354434675 -0.9991329772895521 7.923598037915163 
-0.9993229136538415 0.032682040924045384 -0.016899658204719982 -152.48388819357746 0.03200008804240509 0.9987204041818589 0.039160549486728945 -1.526829127286581 0.018157880153686915 0.03859324386292603 -0.9990900124195324 7.59066929849466 
-0.9994173559395819 0.028346659742770498 -0.01901093180679819 -152.45022243989877 0.027604821291043295 0.9988883604388564 0.03821017169894874 -2.1711174011561694 0.020072929238770867 0.037663115394258505 -0.999088868545023 7.113292234247538 
-0.9995222999541999 0.023100998396587344 -0.020530849162850008 -152.41476839603246 0.022321276326184775 0.999049983246819 0.03742848644683367 -2.952072165631443 0.02137597991758337 0.03695233209976893 -0.9990883807926868 6.550455792858113 
-0.9995851331655208 0.01923030005142763 -0.021441947542165732 -152.3873742766092 0.018407969645783322 0.9991115625924644 0.03791084472237686 -3.529601521175411 0.022151934633093062 0.037500414050731394 -0.9990510551208259 5.910106897705845 
-0.999612409124471 0.01676732281244198 -0.022223600295061093 -152.36727008904296 0.01589705485788306 0.9991215405713432 0.0387740997728079 -3.8853085055200256 0.02285421561149577 0.03840578149249885 -0.9990008412292428 5.265047050350127 
-0.9996435465296836 0.014328373171586127 -0.022527263566888178 -152.349813505253 0.013448257134605927 0.999158571196793 0.038746535122825436 -4.230331438839652 0.023063483292811836 0.03842977135293184 -0.9989951093034264 4.566149708027801 
-0.9996906397785424 0.011080229790857907 -0.022267762504350412 -152.33020944812034 0.010205289919517715 0.9991859826116684 0.039028505095796105 -4.697888956606575 0.022682080963328258 0.03878918225660125 -0.9989899511722017 3.79199612065252 
-0.9997248103686374 0.00857867990085074 -0.021833684630663958 -152.31509736151813 0.007723818847011892 0.9992116631048458 0.038940915983935516 -5.054904413915929 0.022150533984784834 0.03876156042277097 -0.9990029505851233 3.012487710620338 
-0.9997612666553254 0.007185057605385411 -0.020634549739373217 -152.30908129406396 0.006356987352225005 0.9991826876911704 0.039919235088546445 -5.237668740156716 0.020904506871558468 0.03977853146432478 -0.9989898247865192 2.1318331011878264 
-0.9998137010288096 0.006425469256884285 -0.01820100491463638 -152.3094020638514 0.005672216281639418 0.9991373422194033 0.041138757215079695 -5.317745779133043 0.01844963949588461 0.04102785307051571 -0.9989876506118062 1.0797524257737443 
-0.9998685307853064 0.005221322461028327 -0.015351186826809053 -152.30502484742613 0.004575291155523099 0.9991146216333924 0.04182152016852355 -5.458491375592848 0.015555958860700998 0.04174578577679399 -0.9990071578891733 -0.023123032418503442 
-0.9999151124485697 0.0034768984726240406 -0.012557032849224731 -152.29423592883649 0.0029609022892301525 0.9991596946082566 0.04087955146487116 -5.686442061220571 0.012688615156866843 0.04083890115253475 -0.9990851731449407 -1.0931387740129992 
-0.9999486937374635 0.0033284772772385835 -0.009567190379368882 -152.29059647033392 0.002946510037446192 0.999208681860423 0.03966520103763674 -5.673348669917178 0.009691644408428315 0.03963497614193564 -0.9991672235891697 -2.169370389199969 
-0.9999630340670289 0.005237410320189041 -0.0068190932387623806 -152.299900327031 0.004969155990091857 0.9992354772121828 0.03877845496262691 -5.3543685910940155 0.007016978566811905 0.038743136342846485 -0.9992245650493756 -3.182187166185912 
-0.9999648750073024 0.007476970403419857 -0.00378730315873277 -152.30626558511943 0.0073266608921981604 0.9992410586441217 0.03825737523597923 -4.983828573100737 0.0040704780800912025 0.03822828316001402 -0.9992607415358807 -4.226363104796917 
-0.9999737561241503 0.007229270943535983 -0.00047403015185283425 -152.28832367916556 0.007205578300402183 0.9992283164283634 0.03861154346949335 -4.985659449210422 0.0007527976598612081 0.03860711449156414 -0.9992541838823195 -5.317416888102997 
-0.9999727923502756 0.0065230616152597756 0.0034444486287270506 -152.26072353018844 0.006655973184077365 0.9991735102822202 0.04009980512769421 -5.046830023119597 -0.003180028327743623 0.04012164026394902 -0.999189742442528 -6.492717401815312 
-0.9999565396686397 0.005611507334708102 0.007445116476810107 -152.22804012846865 0.005906621151202704 0.9991730942131227 0.04022734924341358 -5.145010052871528 -0.0072132240015756995 0.040269576431941026 -0.9991628148672748 -7.655741071460131 
-0.9999117318626232 0.005857583990003077 0.011925485033713192 -152.19756162444202 0.006329083338343451 0.9991839890590609 0.039891085622214835 -5.068285387994877 -0.01168208832296503 0.03996304189901813 -0.9991328660866847 -8.86290127873636 
-0.9998404365219352 0.0071394531726170374 0.01637466653163116 -152.169022692214 0.007793335829845838 0.9991603454213389 0.04022273056562244 -4.824251343344417 -0.016073749166554983 0.04034392576221897 -0.999056556077695 -10.048216179150735 
-0.9997570401263625 0.007634120929511371 0.020678029775801035 -152.13098445101815 0.008478077497162298 0.9991215814360805 0.041038856107580464 -4.698942626435486 -0.02034657022024589 0.04120419525121435 -0.9989435576517689 -11.198962467364435 
-0.9996415222209248 0.009684416712616377 0.024960751686781243 -152.09679694590076 0.010714075902745996 0.9990830066886891 0.04145303756588549 -4.341044286410347 -0.024536414354647044 0.04170560896120545 -0.9988286172070726 -12.319478631283268 
-0.999524370629055 0.009713165375591009 0.029269214833666485 -152.04569082612323 0.010954251801354382 0.9990345040652144 0.04254484756870503 -4.284154021990167 -0.028827710385416212 0.04284523433893504 -0.9986657343718051 -13.441914325598345 
-0.9993664305268146 0.009239378579819454 0.03437108406134312 -151.97355682663198 0.010766119507268976 0.998951245526109 0.04450280589570169 -4.28286784320472 -0.0339238589616266 0.04484465347501395 -0.9984178127657068 -14.678832269434299 
-0.9991970454401693 0.008818319149959888 0.0390832653575166 -151.90633521203273 0.010603870393002143 0.9988981692420763 0.04571657705380403 -4.279945420232405 -0.038637058846721195 0.04609430260018524 -0.9981896077156274 -15.832419900698923 
-0.9989732715312907 0.009843292438966141 0.0442211754709505 -151.83521251125345 0.011890445127891225 0.9988581265697618 0.046271592799543966 -4.062784001370822 -0.043715215666083246 0.046749893898352234 -0.997949611623634 -17.02036014927573 
-0.9986933998292348 0.010645306512186137 0.049981702519886616 -151.74627672300136 0.012996564918255385 0.9988124268576883 0.046955566815669834 -3.875233402513494 -0.04942248919116 0.047543805105574904 -0.9976457307873536 -18.289603584410678 
-0.9983585040757611 0.01224368777147287 0.05594988337220284 -151.65113094363716 0.01484412953296838 0.9988172175340131 0.0463013798500707 -3.589682762767909 -0.0553168071929035 0.047055903639892156 -0.9973594100296127 -19.55949408593773 
-0.997992430852393 0.014221835796372885 0.0617158597761721 -151.55590410871187 0.01701292823628626 0.9988449171971543 0.04493764193008974 -3.260385964131747 -0.061005477083275916 0.0458973939999977 -0.9970816220299378 -20.774636633928566 
-0.9976015405781307 0.015228965270448744 0.06752218045154991 -151.44646672569604 0.018247230420182614 0.9988511132269693 0.04431130992463683 -3.0705141816057235 -0.06676978971161236 0.045437123831025515 -0.996733295801757 -21.991138260187256 
-0.9972139386642312 0.016065086931950325 0.07284417283242635 -151.34016086264245 0.019259108923388373 0.9988739047444487 0.04335907222318763 -2.9161675751501215 -0.07206557609045082 0.0446411850475259 -0.9964003800382175 -23.114322130227976 
-0.9968484204165347 0.016193928809250083 0.077659406273687 -151.23456799998078 0.019604948140880145 0.9988669862207897 0.043363462114905056 -2.854345057330259 -0.07686919227788151 0.04474930734568276 -0.9960364585549211 -24.14429993304946 
-0.9964866497129821 0.016300470882739056 0.08215017707100941 -151.1304829387836 0.01996184668712189 0.9988344197870664 0.04394686024592758 -2.7791623387750013 -0.08133806993429948 0.045432328771880255 -0.9956505520923129 -25.10508491508482 
-0.9961431559743084 0.01641465867881878 0.08619380364041937 -151.0337528530073 0.020255051735823825 0.9988318318567122 0.04387145483049828 -2.725342101922568 -0.08537297982807177 0.04544810942408113 -0.9953119730341099 -25.969064522829406 
-0.9957861202629306 0.018010168111962842 0.08992016757256958 -150.9488557356193 0.021867123098423594 0.9988743362481803 0.0420938156046199 -2.492061085964776 -0.08906083100386228 0.04388273270132825 -0.9950590304859136 -26.746520398579793 
-0.9954535011920502 0.01989235440213129 0.09314838270645315 -150.87667966555387 0.023427860677711566 0.9990399717094706 0.03701716184159498 -2.310357855782009 -0.09232259912152387 0.0390311306918093 -0.9949638729764844 -27.406442098113153 
-0.9951634327747706 0.02143959447894903 0.09586493549005587 -150.8138596512983 0.024718899273586538 0.9991446031831519 0.033151741261735194 -2.1578135166746097 -0.09507217304046733 0.03536107632073675 -0.9948421363185235 -27.971547996565437 
-0.9949594223295019 0.021617925874369788 0.09792044321097641 -150.76232354666143 0.02498417245418086 0.9991336567596385 0.03328253381117614 -2.11239599037805 -0.09711611114806555 0.03556123185440254 -0.9946375519476799 -28.43007701974932 
-0.9948197603273622 0.021318328397189515 0.0993940306887615 -150.72341809221356 0.024900072943083974 0.999079323613235 0.03493553342873485 -2.097852819283116 -0.09855775377735627 0.03722947760674047 -0.9944346811970567 -28.777803437637626 
-0.9947312469286061 0.021250493094617743 0.10029039299501918 -150.70141069245014 0.02478867834138694 0.9991087061797597 0.03416598691526629 -2.1202290902030083 -0.09947496071849936 0.036472041059453834 -0.9943714207533372 -29.005974770257232 
-0.99465492966889 0.021649540168558107 0.10095973601325234 -150.6874011689231 0.024959715612130895 0.9991876361487319 0.03163985404628855 -2.1262040541109184 -0.100192731682179 0.03399066310031181 -0.9943872743252823 -29.17561141021322 
-0.9945894369495147 0.022014005835567212 0.1015245559237711 -150.67577782268125 0.025173640667774617 0.9992344607241347 0.029946290536187126 -2.110939071314039 -0.10078759707412889 0.03234000693289305 -0.9943822123447319 -29.32359615827474 
-0.994581636695371 0.022184879600577818 0.10156376846821559 -150.67892667301606 0.025265646309392854 0.999255744002406 0.029147987833965817 -2.1026279711080966 -0.10084153442369853 0.03155612769825064 -0.9944019286685685 -29.382458422195505 
-0.9945836229584258 0.0220012106582943 0.10158426882377312 -150.68066679991185 0.02511349971738764 0.9992504048668942 0.029460830017041122 -2.115479400815127 -0.10085994782288908 0.031852395560108174 -0.9943906153128389 -29.431185011199872 
-0.9945707120046775 0.02179403963081957 0.10175518983854892 -150.67518647412035 0.02490778205708593 0.9992564447416767 0.029430596922605034 -2.1430635239447553 -0.10103811763639259 0.031805305827714125 -0.9943740349112605 -29.48772231612321 
-0.9945636263502724 0.02176620667370796 0.10183037556658962 -150.67120421003034 0.024851333076691535 0.999266753767135 0.029126724155040792 -2.1522497744805333 -0.10112173052962724 0.03149900097987142 -0.9943752855697714 -29.51750411202243 
-0.9945571468407266 0.02169204744666548 0.10190945366159562 -150.6674572248804 0.024786888514467538 0.9992661896291942 0.02920089761843691 -2.159635938006923 -0.10120124419099084 0.03156797968706135 -0.994365008853727 -29.53716254460114 
-0.9945508170353474 0.02160387604996678 0.10198992535511077 -150.66468998458043 0.02466181767616794 0.9992804126025262 0.02881755953984431 -2.1841844829749126 -0.10129396370579401 0.03117578432923096 -0.9943679416535044 -29.546409089341907 
-0.9945572849079589 0.021314335101310405 0.10198777454037766 -150.6639537923174 0.02424459771167116 0.99932558249059 0.02757860876918122 -2.2647188642106624 -0.10133117249054707 0.029901158824255817 -0.9944032955409283 -29.5400029964877 
-0.9945518479022518 0.021037878921069276 0.10209813653891528 -150.66012064803738 0.023792987310071942 0.9993828407518748 0.025842433429813905 -2.356509359189422 -0.10149145574421117 0.028130859588964833 -0.9944386050177797 -29.553341195750964 
-0.9945634597517569 0.020952572194610875 0.10200252077789358 -150.66551496171095 0.02365472718908717 0.9993986376166696 0.025353836229548416 -2.383928031970541 -0.10140995221488254 0.027628840880039713 -0.9944609940784009 -29.538117708087736 
-0.9945649199142295 0.021248886673398065 0.1019269586083239 -150.67216088699723 0.023997939332998156 0.9993785013726865 0.02582072620693801 -2.326090839728607 -0.10131494945846621 0.028126425461210188 -0.9944567286750111 -29.525632210986284 
-0.9945659114985823 0.02160687926768481 0.10184198767358245 -150.68168005295405 0.02431425471729087 0.9993811794838989 0.025418007610998425 -2.2820258143723944 -0.10122976194053336 0.02775609593732149 -0.9944758088740927 -29.50645492439338 
-0.994591839695774 0.021491892520294847 0.10161284843203257 -150.69318315105915 0.024161744921712684 0.9993924815834007 0.02511728163857527 -2.308317866623906 -0.10101129883786848 0.027436587077650735 -0.9945068884611199 -29.471087025105994 
-0.9946245379405394 0.0215201941299911 0.10128627632199837 -150.71232167511275 0.024142629580714375 0.999402428859185 0.024736989050602363 -2.314923540764074 -0.10069340575974695 0.027049333355347444 -0.9945497330961054 -29.426088959289643 
-0.9946294811656854 0.02159015324345494 0.1012228258793617 -150.71914477653877 0.024150358536059582 0.9994169417460318 0.02413579776162468 -2.3259316377597137 -0.10064271150291604 0.026450743542184397 -0.9945709641787299 -29.424030662993367 
-0.9946303317752582 0.021689014297662127 0.10119332869036471 -150.72519963629648 0.024234405064551365 0.9994183589676654 0.023992444009466977 -2.3192061779709436 -0.1006140980370423 0.026315972662548506 -0.9945774343202333 -29.432254841794325 
-0.9946387959736932 0.021622587139038585 0.10112432580451178 -150.73084678380815 0.02417722268005509 0.9994170307578485 0.024105197253820116 -2.3304852096135042 -0.10054415670480976 0.02642086971659414 -0.994581726252769 -29.440857030675566 
-0.9946274479307232 0.02168459933649148 0.101222615923682 -150.73111581493373 0.024225557800903574 0.999419803317152 0.023941158842909132 -2.325421181691136 -0.10064473246053347 0.026264708053245038 -0.9945756898993794 -29.477078802300717 
-0.9946216295566146 0.02169560625942915 0.10127741449692082 -150.7328581451214 0.02421892620173098 0.9994244758503286 0.02375206696124008 -2.329503143979619 -0.10070381140642236 0.026077149773930046 -0.9945746450759185 -29.51097624627358 
-0.9946178369145404 0.021698473747197227 0.10131404013503195 -150.7324506285599 0.02414277260838842 0.9994447749110429 0.0229623264020831 -2.351913476144184 -0.10075954060147486 0.0252847412495835 -0.9945894614551889 -29.54662454135847 
-0.9945838460989875 0.021723050976034476 0.10164193098932563 -150.72267001032668 0.023943348663887004 0.9994994963443904 0.020675416853588886 -2.4145525072996925 -0.10114192569704053 0.02299708380649074 -0.9946061758317671 -29.634360976451074 
-0.9945181422714682 0.021771616266887457 0.10227248612425476 -150.7054389479582 0.023725574733652798 0.9995577466760173 0.01792785998164559 -2.4852206754964996 -0.10183693728930697 0.020256055516586942 -0.9945948574261005 -29.781904578064655 
-0.9943882284717844 0.02195113548607895 0.10349008999714827 -150.67053422328382 0.023713192148325214 0.99959351746046 0.015826697986722222 -2.516390107876038 -0.10310060909074494 0.01819196256312482 -0.9945045585130422 -30.04048712411094 
-0.9941594298449296 0.022181918243560576 0.10561718872153569 -150.6099846673275 0.023858983186554054 0.9996081090106136 0.014641629742938882 -2.5090169892746848 -0.10525101886304068 0.017076033007159402 -0.994299065736779 -30.458048413626223 
-0.9937767423818585 0.022302775463390028 0.10913465310125338 -150.50450236228252 0.023937792267675256 0.9996196510497404 0.013694354185035151 -2.5080467550621774 -0.10878772174400383 0.01622157334617034 -0.9939326396471367 -31.10756030875072 
-0.9931687924318287 0.02275610491658276 0.11444609835432959 -150.34281539632008 0.024276534160474653 0.9996343487201427 0.011908767694934883 -2.479704947047309 -0.11413325382489851 0.014605771047161925 -0.9933580783501286 -32.04529248962031 
-0.9923017942382472 0.022913768138798172 0.12170500557182036 -150.11131426397824 0.024371896313584968 0.9996477598847207 0.010505561743202758 -2.484189512432555 -0.12142141418067597 0.013390869543902019 -0.9925107177210851 -33.297704954572175 
-0.9911072887567387 0.022420956925377048 0.13116265803885344 -149.79383904640946 0.02393592698787327 0.9996636292131648 0.009984980099961448 -2.559636232832117 -0.1308946659436428 0.013035686361516566 -0.9913105756061452 -34.90467230145555 
-0.9895515072162682 0.02130049330742448 0.14259769826638796 -149.38641557275008 0.022926257843835233 0.9996894422972852 0.00976758212771351 -2.720880993409191 -0.14234535913506088 0.012934757214730589 -0.989732534975236 -36.8266812178543 
-0.987500679635829 0.01978119451105539 0.15636851365441573 -148.86172817997928 0.021464012753399483 0.9997283833757961 0.00908050820929995 -2.9592804719392953 -0.15614641806745785 0.012323303799431211 -0.98765704184609 -39.11227136978577 
-0.9848435527618389 0.01935776609932319 0.17236140366997268 -148.22188785903285 0.021346366145414873 0.9997251690922461 0.009691178249569008 -2.9693180975798765 -0.17212643386715806 0.013223584049830726 -0.984986105277151 -41.74629452573556 
-0.981360657725452 0.020370889013937098 0.19109235031641403 -147.41841714222218 0.023535703878307685 0.9996206261144646 0.014306449226780376 -2.5590451987924006 -0.19072841977959593 0.018537279393366503 -0.9814677983311892 -44.814494776923745 
-0.9767883673952813 0.01947770271005242 0.21331925468274054 -146.37984892366381 0.024147943360224956 0.9995219001119722 0.019309273109670625 -2.382799882126018 -0.21284116648978468 0.02401229463610872 -0.9767917114480326 -48.41545612482128 
-0.9714400125816548 0.018255699849310063 0.2365819760217724 -145.1971469809411 0.023662218335101744 0.9995192689432192 0.020033233255672307 -2.4473268783507427 -0.2361025230250971 0.025059138736718736 -0.9714049815535019 -52.159453218044476 
-0.9647946213287423 0.020289762962462096 0.26222064025178415 -143.79299604838312 0.02614270686743792 0.9994804643814622 0.018850999906111842 -2.0847189263107166 -0.26170192496955663 0.02504250064877957 -0.9648238054839258 -56.242956017341854 
-0.9562841773395978 0.022412546927135072 0.29157889140019755 -142.04808831054444 0.028994077656558145 0.9994125996551838 0.018270169985894556 -1.6564076510053454 -0.2909981368166718 0.025925535495086645 -0.9563722868101727 -60.88341006992832 
-0.9457642555497827 0.025802078613713825 0.3238274628001413 -139.95234557527777 0.03336352968792385 0.9992844154819082 0.017819423720867734 -0.9910918298669906 -0.3231359587095311 0.02765700117859 -0.9459483297065857 -65.94428426992843 
-0.9331260558081883 0.030222512941750056 0.35827693713570247 -137.47705814311956 0.03914622570759637 0.9990770987242408 0.0176783431804001 -0.10017266872873698 -0.3574119989377855 0.030521312492091206 -0.9334479698939077 -71.31140352849486 
-0.9174004362719055 0.031674787127003896 0.39670284519848975 -134.44408331872046 0.04337949408206144 0.9988469902396031 0.020564765558381246 0.605583556262177 -0.39559405837461975 0.03607489362071331 -0.9177167008554182 -77.2619565561225 
-0.8988095149020231 0.029578093269272427 0.43734036209815413 -130.87067685602347 0.045428144263000875 0.9986337875511379 0.025823285423992207 1.0188151518839468 -0.43597905870627524 0.04307777570654296 -0.8989252280416691 -83.51140319961321 
-0.8769109309069317 0.02389180394739474 0.48005874740502114 -126.73519383340316 0.04378721626399243 0.9985816808564101 0.030287065718506083 0.8490390783703297 -0.4786542582572403 0.047579495185699795 -0.8767133469327851 -90.05688963248443 
-0.8512170484405389 0.01839899339844008 0.524491194860412 -121.97081132610745 0.04213742576489871 0.9985548144720496 0.03335745560739879 0.6543906681741207 -0.5231194641705524 0.05049514369339047 -0.8507621680994628 -96.81066238678895 
-0.822117462841868 0.017328235962822878 0.56905413585077 -116.66590333623763 0.04483633145873773 0.9984028201889917 0.0343731293307766 1.0959024568226474 -0.5675496283777937 0.053773049728323946 -0.8215813279591636 -103.49696939121984 
-0.7891261250214857 0.018590145516955873 0.6139498068231912 -110.78591950485753 0.04955370140344336 0.9982105843599515 0.03346729670862374 1.8184654206254256 -0.6122290335207842 0.05683340357063866 -0.7886352609113948 -110.17541321285692 
-0.7519411242728816 0.019685429959797905 0.6589362863544048 -104.2363177225452 0.0528217721877357 0.9981393460110723 0.030458271906607368 2.27779848116825 -0.6571106497464354 0.057709009624908346 -0.751581841317318 -116.80687318817608 
-0.7111525033848255 0.01827801395292113 0.702800135981371 -97.07524483385352 0.052094901026378045 0.9982837735279043 0.026751239185124506 2.094614928922418 -0.7011050122603234 0.05563651424042284 -0.7108841959606551 -123.19372882552557 
-0.6658871820322465 0.016416002136300026 0.7458718225533231 -89.24425372625504 0.04880958089336573 0.9985745674236182 0.021597641254272677 1.4788813506013516 -0.7444540856346809 0.05078728353234959 -0.665739262935 -129.41582838692455 
-0.6165453188495764 0.011409780783669868 0.7872367412075875 -80.72909791894102 0.04417834706012196 0.9988209726799603 0.020123075950087638 0.7204968197985648 -0.7860789676970815 0.04718560624942939 -0.6163224603299511 -135.2754485726809 
-0.5631502954208206 0.0074679962198827615 0.8263207451104582 -71.64469004601914 0.042510950922171456 0.998896915813643 0.019944187867253365 0.4538165826736158 -0.8252603006440663 0.046359255930734804 -0.5628465648561902 -140.7480318206231 
-0.5079926689642998 0.005871310174102572 0.8613413817966533 -62.35480104397483 0.04520961776675014 0.9987801890667629 0.019855084717693115 0.8762907070266013 -0.8601741328009762 0.04902715211596459 -0.5076384536414535 -145.56421772308653 
-0.4528767393787175 0.007967069248792475 0.8915375397240911 -53.14359499468298 0.049012659150256294 0.9986704329789262 0.01597264964567908 1.3980656974040946 -0.8902249256074115 0.05093026704492898 -0.4526650966509456 -149.59380051503874 
-0.397747060804407 0.010272742460271848 0.9174375980870858 -44.01713400423799 0.05262133831000748 0.9985467829674705 0.011632582678859027 1.887239764294399 -0.9159848636172535 0.05290361979734201 -0.39770961345738065 -153.0117141204933 
-0.3433274994260815 0.010992012842532978 0.9391514275086339 -35.04184880460033 0.05398422009613269 0.9985093528332235 0.008048371586243235 2.037036079247561 -0.937663016290206 0.0534625846573809 -0.3434091145023763 -155.80567008384776 
-0.29102803368254726 0.010630315548339162 0.9566554656730984 -26.43799464329075 0.053218821510363896 0.9985698822644027 0.005093846435191091 1.8585584673201752 -0.9552331865298219 0.052394528586485536 -0.2911775621957875 -157.96602870257482 
-0.2420954567357124 0.00869537318402228 0.9702134715170253 -18.418568355228558 0.048792469539805865 0.9988037365224616 0.0032234802583740252 1.116796268127861 -0.9690248112118357 0.04811950118153394 -0.24223011551395981 -159.61984688256914 
-0.19511656687098866 0.006237962421903739 0.9807602220508859 -10.732553702173114 0.046253656411697826 0.9989256658563438 0.0028483963924961398 0.7056707271380185 -0.9796887896679372 0.04591951565819386 -0.19519547505177767 -160.83025775178206 
-0.15239511934757619 0.0048167995194986855 0.9883079105427758 -3.775367671021762 0.04715851846452377 0.9988845267564423 0.002403402336257894 0.8482153845511027 -0.9871939028049503 0.046973403633840886 -0.15245227979857495 -161.69591991129565 
-0.11454015563138359 0.0036704716981746273 0.9934118382551376 2.374223636934353 0.04857350337468881 0.9988177843880734 0.0019100680642190615 1.073971226475689 -0.9922304004201076 0.04847227277128418 -0.11458303214062163 -162.29160420791402 
-0.08174382970687803 0.003005019826448459 0.9966488429535734 7.697607783424381 0.04977020893568389 0.9987601213006899 0.0010707016065728844 1.257459858686168 -0.9954099018029464 0.04969094439910172 -0.08179203773824242 -162.6961987768118 
-0.054047287578860466 0.004428169236214974 0.9985285584411611 12.167057242750271 0.050560498541593765 0.9987195662451542 -0.0016923316211236103 1.3361154118135445 -0.9972575027005779 0.05039463578899831 -0.054201974051695904 -163.032108587964 
-0.03251640934711956 0.006510221017041815 0.999449998822092 15.636391526024743 0.050703749230054544 0.9987019333270146 -0.0048557371118390785 1.299595078406321 -0.9981842580091043 0.050517970972643204 -0.032804293493700974 -163.3424332561138 
-0.015309279768699134 0.007703617780106637 0.9998531293275338 18.41445563049312 0.051343282360960474 0.9986571700603311 -0.006908259078257079 1.3683780219405839 -0.9985637151976662 0.05122998106761031 -0.01568425103235567 -163.6805057254391 
-0.002379562668346863 0.007943220453218285 0.9999656208742077 20.512958672871882 0.05175519435222063 0.9986292667492159 -0.007809446170383697 1.4244416054096631 -0.9986569669005827 0.0517348319873162 -0.0027874038410135764 -164.0815314084333 
0.0073845963639672186 0.008026919899041453 0.9999405163775881 22.09957719424318 0.051135290272882196 0.9986564567888856 -0.008394248184214184 1.3167028598514552 -0.9986644330430764 0.05119423669520298 0.006964215960621204 -164.54195080675288 
0.015779910774829067 0.007759415950614789 0.999845380986503 23.468106839693 0.050002318485797614 0.99871259145039 -0.008539778948617249 1.1326411740648181 -0.9986244351917207 0.05012934412648651 0.015371606795159334 -165.03312668834766 
0.022658807794498005 0.008494445098028266 0.9997071685407728 24.586075749007243 0.048754876119680116 0.9987647197463101 -0.00959148813423979 0.909948113179466 -0.9985537243853664 0.04895793084425878 0.022216672198197864 -165.5687018148554 
0.026814057201854407 0.008787802348875228 0.999601811155949 25.259972056009488 0.047881476196344634 0.9988023109469744 -0.010065181778937836 0.761590632118605 -0.9984930498374214 0.04813229868665408 0.02636116935009101 -166.18050875666856 
0.029599842073011657 0.00929096629554 0.9995186477973025 25.711030195913104 0.04821127496724108 0.9987797202799648 -0.010711831006409033 0.8100629974332589 -0.9983984787224421 0.04850513686994261 0.029115792655228387 -166.83772542562275 
0.031671253973922626 0.009444911967526512 0.9994537134403206 26.047204384400175 0.049305422218969344 0.998723167829939 -0.011000426334528983 0.9955352885638944 -0.9982814768448475 0.049626884625754035 0.031165129725603105 -167.52984282022396 
0.032795639291770616 0.008976049035472526 0.9994217711192596 26.236204215289284 0.051379381485457454 0.9986223675806306 -0.010654863951612215 1.3591462987575138 -0.9981405738680377 0.051699105518068965 0.03228927510824292 -168.26265891748508 
0.03348777697008147 0.009640663274552623 0.9993926287526986 26.34277859967725 0.0542059630137989 0.9984641484761588 -0.011448047061649426 1.8285173081502766 -0.9979680768277851 0.05455640951717527 0.03291376327990332 -169.02415442098243 
0.03315823728664717 0.010186307954015558 0.9993982041360233 26.27646227897102 0.054892379990576605 0.9984201945713147 -0.011997570218503428 1.9390864704747468 -0.9979415603726564 0.05525716426350263 0.03254670303646355 -169.8273883721597 
0.031500099547449575 0.0110159436171848 0.9994430412558418 25.982060044583527 0.05362846443056635 0.998480250269251 -0.012695575019497841 1.711276175773996 -0.9980639917015947 0.05399850746529235 0.0308614591392007 -170.68316704697787 
0.029773030108810352 0.012406165531640756 0.999479691507007 25.667602319543942 0.05017446079193208 0.9986438703951039 -0.013890414195609019 1.091311832470641 -0.9982965942856755 0.05056191431392058 0.029110181355207116 -171.5570619261037 
0.028260227082752176 0.010678773315224195 0.999543557512985 25.41361729724319 0.0443461721833969 0.9989450350973039 -0.011926184097456714 0.12224212267185686 -0.9986164311575852 0.04466296737710166 0.02775685081489357 -172.4286002603294 
0.027877976745697284 0.00838446301435535 0.9995761697802363 25.35879790627446 0.04010278976235252 0.9991504033908534 -0.009499350355190212 -0.5678436090613879 -0.9988065802075206 0.040350615656455466 0.02751805135364967 -173.28485674518535 
0.027675186372857537 0.006474910573005688 0.9995959981874176 25.334029229736352 0.03998477638935281 0.999171543563586 -0.007579194538650444 -0.5509685359061334 -0.9988169510557583 0.040178378088629604 0.02739336083517562 -174.15322366460947 
0.027917517124939593 0.006227198503389675 0.9995908334095399 25.37069396782754 0.04663123892334141 0.9988838268756826 -0.007525155325127331 0.6162415906839231 -0.9985219776219518 0.04682224263095955 0.027595974361392724 -175.03142319610987 
0.028510722960892878 0.006875203543826271 0.999569842608548 25.463663929258992 0.05704478301322534 0.9983354887357868 -0.00849380136637778 2.4404514545350326 -0.9979644439594136 0.05726240919581 0.028071072047044655 -175.89569043033168 
0.028673055279176164 0.008826962212464498 0.9995498690105745 25.469345215708902 0.062075144077532216 0.9980152511983551 -0.010594095678159013 3.3014475385093016 -0.9976595272880981 0.06235096722252333 0.028068211515965967 -176.7865471791829 
0.028399444294257177 0.012651968567460922 0.9995165827814687 25.381792380724136 0.060256603734126335 0.9980798254156689 -0.014345863677601106 2.9116152011691936 -0.9977788398589165 0.06063488921071633 0.027582547746688436 -177.71733885288242 
0.027237136348951915 0.01588894077020341 0.9995027163368341 25.137172458566305 0.05321747745368488 0.9984326934917716 -0.017322143638521435 1.5945254953950698 -0.9982114197388127 0.053662818859690965 0.026348878060685848 -178.68660044223506 
0.02606391348521037 0.017990983426333797 0.9994983726495948 24.900393580812317 0.04543821510690761 0.9987833337891422 -0.01916300479949134 0.15821639575305357 -0.9986270780535315 0.045914884954666904 0.02521472422744 -179.65732246830893 
0.02474416266682349 0.01817337876785857 0.9995286162577224 24.654324510550353 0.04091162985747217 0.9989787347962233 -0.019176182293218318 -0.658878043791939 -0.9988563284858957 0.04136684335427902 0.023975389769085347 -180.63410757373913 
0.024084957071856233 0.017878558574890503 0.9995500347587065 24.531424648916456 0.03981673425001124 0.9990295836604579 -0.018828665509694576 -0.8462256081934432 -0.9989166844719887 0.040252305704098344 0.023349718820427166 -181.6136824154311 
0.02316125812046238 0.015440573879706177 0.9996124973211088 24.381283165360973 0.041672953018145525 0.9989967544236279 -0.01639663495372961 -0.4513123824254883 -0.998862813958466 0.04203657133168405 0.022494567380847885 -182.60947448001758 
0.02313636897154801 0.014173891395198673 0.9996318368447107 24.383261931559044 0.04750568852467281 0.9987543804871346 -0.01526096378203686 0.6521630442526649 -0.9986029831662877 0.04784128196941429 0.022434209389097643 -183.59657535209487 
0.02332650024829763 0.013117743205879539 0.9996418354587565 24.42170163677308 0.05527139745114867 0.9983676568649404 -0.014390773078816109 2.116203156492831 -0.9981988514369088 0.055587287568233015 0.022563387397358393 -184.5848480263125 
0.024396564364534922 0.013532553849152766 0.999610763064067 24.598671555085723 0.05922233382255231 0.9981327444501141 -0.014957928770156354 2.855214558780619 -0.9979466532955642 0.059564204374797716 0.023549580322801227 -185.55883411293678 
0.02479468329248718 0.015339548963367988 0.9995748705915063 24.64391164953355 0.057431371817020405 0.9982090478509664 -0.016743187261740105 2.497644617302228 -0.9980415127697043 0.05782209807735347 0.02386930586113963 -186.56447758901578 
0.025149764513470757 0.01691599708493315 0.9995405636528916 24.680432764357775 0.0530277585063131 0.9984265987684794 -0.018231393238110585 1.65317954498724 -0.9982762874939547 0.053461910873340526 0.024213176434699762 -187.5808407860995 
0.024698034797004484 0.017730338143722272 0.999537714239176 24.576229370270283 0.048849401832853696 0.9986269189320359 -0.01892122419089029 0.8605479843118102 -0.998500747630035 0.0492941365034299 0.023798005980394034 -188.61898308996643 
0.024486915764770238 0.019408931205982576 0.9995117229656545 24.507973601525627 0.047345303140574516 0.9986671215154685 -0.02055243719211216 0.5538000045541311 -0.998578396134653 0.04782545131465084 0.023535355950013322 -189.66008714899192 
0.023673122809711077 0.019370480913741047 0.9995320743856134 24.343145809701117 0.047543814070350555 0.998659186928851 -0.020479602199508812 0.6044100970175621 -0.9985885884587704 0.04800638323990437 0.022720435034197038 -190.718317256831 
0.02265533741912151 0.021182432267667493 0.9995189043983371 24.117503927062383 0.050551774395633575 0.9984723117358796 -0.02230607097319092 1.1545918829409363 -0.998464447935868 0.051032805723708725 0.02154991758888097 -191.7914663222191 
0.02082992342918511 0.021238609148025535 0.9995574199471449 23.754837368053465 0.05406525214861291 0.9982875081229632 -0.022338299750699796 1.8464227674132339 -0.9983201204022895 0.054506629019805464 0.01964598159563976 -192.88360499160154 
0.01911549564964662 0.022333901263063127 0.9995678039435049 23.402311250763475 0.053168341736403175 0.9983131680886468 -0.023322646886880516 1.6680366723237512 -0.9984025867670161 0.05359118654387927 0.0178957945269221 -193.97933824077165 
0.017291840812366222 0.02532848093349768 0.9995296195185629 23.00621825411143 0.04673917880651572 0.998565760995202 -0.02611264315549294 0.3673953337569751 -0.9987574487360846 0.04716872927772216 0.01608320778056057 -195.08119640942647 
0.015694793480710276 0.024552601536241905 0.9995753314360056 22.68752691104548 0.04216295491645827 0.9987930099783296 -0.02519540535774473 -0.49987805296286325 -0.9989874667333476 0.042540486318692755 0.014640639789932899 -196.16930020864538 
0.014474837175877754 0.024073848295472593 0.9996053865986215 22.437558784677158 0.04108125905043788 0.9988516803146101 -0.024650575804871535 -0.6876603958603513 -0.9990509542778906 0.04142186090613866 0.013469231437238958 -197.25512217175952 
0.012892550397002002 0.02242790361208639 0.9996653296397889 22.12912758532399 0.04281697225168864 0.9988190495656476 -0.022961121749062903 -0.2973272881866631 -0.9989997442599571 0.043098670099483684 0.011917030007388904 -198.35533750247262 
0.011688559183012499 0.021295047661011035 0.9997049057243554 21.885169817707595 0.046824371265753305 0.9986647836130049 -0.021820362663274025 0.5365329705392954 -0.9988347490149668 0.04706560226221706 0.010675825209450162 -199.44729111506467 
0.01028940532335376 0.019568298265254015 0.9997555750487697 21.608256053206386 0.05161462362020209 0.9984652997602803 -0.02007425722559967 1.5475286287624748 -0.9986140689809239 0.05180855988750044 0.009263603820688757 -200.5378459886281 
0.00909418601384514 0.018192566098609822 0.999793141764582 21.36562186759756 0.05526620303596915 0.9982971254794918 -0.018668049211744787 2.3292338337137792 -0.9984302392169082 0.05542454147877781 0.008073265704446653 -201.61655014189427 
0.008301680056327415 0.01581773896838284 0.9998404278894564 21.213548560696296 0.05626359853917127 0.9982835324937238 -0.016260265412180796 2.5955484700499105 -0.9983814349173689 0.05638960795908938 0.007397467577149028 -202.68512857389894 
0.00822553196393204 0.01565611660115224 0.9998436010881314 21.183102972994057 0.05542899265432355 0.9983330045630247 -0.016088467095771743 2.4434990989836924 -0.9984287492842129 0.05555265982053406 0.007344017267601262 -203.73817940925883 
0.00861864231215171 0.016821143631221235 0.9998213681111411 21.23677554978638 0.05338394782534289 0.9984249202893948 -0.01725782893927703 2.0170074873305843 -0.9985368661793498 0.053523150804620404 0.00770708820954149 -204.78190650397008 
0.008612688829904106 0.015975772784720406 0.9998352845719402 21.229728634499278 0.04999797142103649 0.9986148759050997 -0.016386960512093086 1.3526158689984502 -0.9987121829861197 0.05013087177553108 0.007802002955964771 -205.82672885925643 
0.00847053577912192 0.01732721757392204 0.9998139914777957 21.171209947350707 0.04607171106699618 0.9987813173996127 -0.01769964555726388 0.5284700159963924 -0.9989022211723092 0.046213066817076424 0.007661918322891492 -206.8746542612381 
0.008286998164189213 0.016989481684700044 0.9998213256244898 21.12208420998499 0.044379993285068184 0.9988642068958292 -0.017341060474590476 0.19744421697275794 -0.9989803510867687 0.04451576905380105 0.007523592765736606 -207.91586158218752 
0.008833099115159384 0.016149209038196322 0.9998305753513761 21.22935996387251 0.04610020418100881 0.9987998823252205 -0.016539838016000244 0.5873193999891311 -0.9988977663076897 0.04623849169865809 0.008078016522765874 -208.93959874068725 
0.009267286058196164 0.014112265561589177 0.999857470527592 21.330410618492735 0.04912573844306103 0.9986866016316202 -0.014551066761867236 1.280205175260408 -0.998749607875537 0.04925358547561403 0.008561838952990694 -209.9595827685655 
0.009751373621228519 0.011984587539298272 0.9998806330627733 21.444568372994134 0.05090858479770905 0.9986255124177692 -0.012466031535441829 1.7177050867456192 -0.9986557097951199 0.051024068926939406 0.009127852088267037 -210.97278966227663 
0.010026271281839033 0.010560384594921458 0.9998939704595637 21.50924265089098 0.051708780075610764 0.9986009026474754 -0.011065229086639235 1.9323839126702769 -0.998611874527474 0.05181424040604115 0.009466178947700585 -211.9913708816274 
0.0105671821705222 0.008922355636252774 0.9999043585417936 21.6361729528992 0.05511315999242843 0.9984349990873217 -0.00949169074231564 2.7031601336768802 -0.9984241955484772 0.055208189314621375 0.010058905307091099 -212.99753510406816 
0.011244807000870837 0.0067433176007983 0.9999140372968316 21.79698482184652 0.060283461481815806 0.9981537984431497 -0.00740938089746385 3.864304141453341 -0.9981179582530738 0.06036159641069832 0.01081753629383229 -213.99445147716727 
0.011680457804965488 0.00415667104004664 0.9999231415420546 21.910842381343866 0.061163765895396745 0.9981158944759381 -0.0048636340313242985 4.116594650404507 -0.9980593973541645 0.06121587441474944 0.01140421293549426 -215.00780145292612 
0.011984802870689351 0.000959888750777865 0.9999277189445931 22.00311024768552 0.05602586467061189 0.9984279872527356 -0.001629956552142996 3.0816260074265034 -0.9983573844010271 0.056041349769949046 0.011912184010553545 -216.0370095070607 
0.012182672363116943 -0.001118512399322885 0.999925162911758 22.06102824563828 0.0509476477797271 0.9987012019390771 0.0004964183275175347 2.0285545699039496 -0.9986270172991545 0.050937787304275534 0.012223835107633137 -217.06515261141718 
0.012693557520709645 -0.003924455219933586 0.9999117322287485 22.19529477291749 0.04864798037573008 0.9988105261182465 0.003302562755637277 1.5899310364686767 -0.998735324098848 0.04860176505662232 0.0128693756860971 -218.0783416073155 
0.013099378568426702 -0.007270196923888047 0.9998877689610015 22.31295654304076 0.04813703308038812 0.9988187250124683 0.006631787895072173 1.5551598312987072 -0.9987548409531433 0.04804475831092815 0.013433870309998068 -219.08947378720984 
0.013405319308055587 -0.009559220900669366 0.9998644501681323 22.39915208102113 0.04641631031373079 0.9988822881119221 0.008927521108955602 1.2309209509580512 -0.9988322299320888 0.04629034231957703 0.013834039786984812 -220.10638713974674 
0.013393354903314251 -0.010230153653364197 0.9998579709142009 22.398324484440067 0.04757866521510744 0.9988215314369047 0.009582220743888101 1.5112039929039598 -0.9987776973184689 0.04744356957759864 0.013864308311379185 -221.12764839986653 
0.01323961053663804 -0.010572475770123208 0.9998564574322297 22.362485363659975 0.04993985266928607 0.9987031695548617 0.009899001790200661 2.0557570229861724 -0.9986644700940394 0.04980162524619634 0.013750428888922252 -222.158177288854 
0.012883219707246653 -0.009719270761521834 0.9998697707330886 22.26015259017201 0.051843257527647506 0.9986143258658965 0.009039072094089313 2.4779037971137843 -0.998572130243427 0.051720053666488075 0.01336924642000515 -223.19308047419665 
0.012498147222478806 -0.009323989357629427 0.9998784223786735 22.152619905326613 0.052510783114600494 0.9985828454729331 0.00865554064580978 2.6330633142232767 -0.998542144314749 0.05239622075721431 0.012970045399484148 -224.2327159925419 
0.012579412391332694 -0.010296928579971186 0.9998678570919798 22.166649377418903 0.05231536207398152 0.9985842238604048 0.00962552586522483 2.6199098633410456 -0.9985513813895392 0.05218736551056107 0.013100290306330354 -225.2666501790588 
0.0134808741990694 -0.009950167933540015 0.9998596202412237 22.351139038431516 0.052101510077826416 0.9985990910421967 0.009235151179504141 2.575841284407849 -0.9985507992478092 0.05196969816914943 0.013980407496510614 -226.2865132298405 
0.014265004182482848 -0.01014868632815792 0.9998467451672222 22.5170060802482 0.052369987815289086 0.9985836153405068 0.009388692651829133 2.65241816261947 -0.9985258604722768 0.05222803212161767 0.014776286028738275 -227.31406891896705 
0.01498820881262248 -0.009329633539150513 0.9998441436217018 22.659409446050383 0.05193253986033279 0.9986140823831263 0.008539658644341067 2.5485755501356184 -0.9985381138946293 0.05179645165580464 0.015451947955638243 -228.34890035273972 
0.01541010934187219 -0.00996720236319461 0.9998315775204955 22.749738419490487 0.05165496083825078 0.9986229906879666 0.009159011421571195 2.513408717823877 -0.9985460898480701 0.05150511961419853 0.01590374492554709 -229.3935839432017 
0.01600000338856901 -0.01043241787343401 0.9998175656332916 22.882407759522472 0.05311610511005583 0.9985424936851245 0.009569100429532134 2.87184198988328 -0.9984601540720108 0.05295330926776039 0.016530812686909736 -230.43701930701155 
0.016688174834879794 -0.00942661295600531 0.9998163050225067 23.021803631159287 0.052205774258948325 0.9985998003343292 0.008543764174039719 2.6600043800741675 -0.9984969013245377 0.05205360449013648 0.017156931686063314 -231.4888863528683 
0.01694138666301266 -0.010802058057924306 0.9997981321045009 23.086687846106475 0.04746822780464999 0.998822818909023 0.00998718056911151 1.5984359553079748 -0.9987290707529352 0.04728944880570532 0.017434198135630952 -232.5545234398835 
0.017003508196668377 -0.010956304399736227 0.9997953991206933 23.099637459344876 0.043743016655883024 0.9989907087042221 0.010203549209956492 0.7457290476157303 -0.9988981075179032 0.04356057066358528 0.017465608509692684 -233.63206983184546 
0.016954378920829898 -0.009073087685147464 0.9998150969630674 23.064655533268255 0.04695921967218496 0.9988625879854358 0.008268132244818021 1.4781920895989873 -0.9987529127482873 0.04681035572280986 0.017361159924257973 -234.71282505116795 
0.017230286912840936 -0.009333174505518576 0.9998079860986069 23.132753777946842 0.052155815794796924 0.9986034359554569 0.00842309781113739 2.7308532205481333 -0.9984903044555219 0.05200066876114524 0.017693003043952157 -235.77903340051574 
0.0176192983773305 -0.010314631483289835 0.999791562627959 23.23416520850096 0.0549471728092195 0.9984456491257824 0.009332413517858384 3.4341407381770432 -0.9983337961448384 0.05477128918656651 0.018158671644070534 -236.84634733825123 
0.0181962911706514 -0.009104310592081864 0.999792981829877 23.36028892818968 0.05691578097567868 0.9983464862131458 0.008055267952990795 3.9028865584026495 -0.9982131480117669 0.05675742237372048 0.01868438229992489 -237.9116065283025 
0.01848743364202658 -0.009768608780622875 0.9997813706405133 23.438936814382135 0.05888264866172439 0.9982273080014568 0.008664597321562497 4.409901073421507 -0.9980937072659617 0.058709589017945936 0.01902986267507933 -238.97899343867334 
0.018815730738479104 -0.007907352851029266 0.9997916993292479 23.498923406461483 0.05936283402686613 0.9982134626184128 0.00677768276451468 4.514735622099289 -0.998059127613728 0.05922294165479317 0.019251518607040812 -240.0498776417789 
0.018725520641202892 -0.005088278191047012 0.9998117144251547 23.447470895155718 0.05741977741677666 0.9983420887064752 0.004005381205440931 4.018097545944475 -0.9981744957862446 0.05733396325254 0.01898664319021961 -241.1377664620643 
0.018620108301636653 -0.0038812051095433804 0.9998190975440174 23.407768700420306 0.054552387838947836 0.9985068134419266 0.002860155785776465 3.323849559936569 -0.9983372819583091 0.0544892627675172 0.018804034012629377 -242.22336335380734 
0.01841415422644875 -0.0017896760597994712 0.9998288433445625 23.334874083975247 0.052614562842882975 0.9986145592073148 0.0008184839838154178 2.8351867006660894 -0.9984451045004813 0.052590485819970015 0.018482805529537724 -243.30652550306178 
0.01813551328986851 -0.0006129709795247727 0.9998353501573608 23.25165175363681 0.05426065690462831 0.9985267360966609 -0.0003720382089368902 3.2356903909492662 -0.9983621007780654 0.054258469999890015 0.018142055100782803 -244.38020971369542 
0.01829983360860257 0.0020138345248983864 0.9998305159177752 23.266593991199635 0.057060471167054795 0.9983660491136795 -0.003055258963938839 3.895577019838217 -0.9982029947461047 0.057106711056138404 0.018155022232415413 -245.44262981274318 
0.018246700920145145 0.004702022420235768 0.9998224586848862 23.23065675244051 0.06053317689375522 0.9981493412688766 -0.005798880896857316 4.725292839705471 -0.9979993949901368 0.06062824019931793 0.017928304148850823 -246.50451462078357 
0.01816187679829834 0.007429731449796738 0.9998074541239168 23.190598704417567 0.062469922552500806 0.9980102135482358 -0.008551165399449105 5.182310311047752 -0.9978815836598288 0.062613199439001 0.017661603793652055 -247.5690684727582 
0.017983836335960564 0.01012183397665737 0.9997870423783205 23.12249439625978 0.05939492312365424 0.9981720232344738 -0.01117385963453932 4.392746899435882 -0.9980725548464784 0.0595832233849947 0.0173497767500698 -248.64919706222358 
0.017907604299351898 0.013455676803690964 0.9997490997595407 23.071648372711294 0.054759203822068135 0.9983954837209598 -0.014418310662619643 3.1941164308831453 -0.9983389941823523 0.05500366212667324 0.017142049108078105 -249.7262797040815 
0.017648869596424466 0.015035180403383341 0.999731194247837 22.98884085699269 0.053238043487092594 0.9984543667465833 -0.01595582183234253 2.8033949572638774 -0.9984258751292628 0.05350533501359205 0.01682114732853975 -250.7914841195714 
0.017143817933413536 0.01598435132776793 0.9997252572678641 22.85318744808274 0.05438463633766002 0.9983771112961832 -0.016895412700154093 3.0993579731910703 -0.9983728766533503 0.05465934643332721 0.016246692290895353 -251.8389926342557 
0.016364342000363883 0.017974833065395077 0.999704513187355 22.63600374530052 0.056852349807306746 0.9982040939878674 -0.01887848159275065 3.7134271977162157 -0.9982484753969237 0.05714448461690256 0.015313041683019392 -252.88174299218835 
0.015367515304978154 0.020030724024965016 0.9996812539846823 22.360763667168587 0.05933952600028034 0.9980188420236218 -0.020909605923860156 4.3334252050775035 -0.9981195620402463 0.05964194045187295 0.014148456160371095 -253.91619477555318 
0.014631998804509027 0.021849244065578304 0.9996541977827877 22.15356743423348 0.0623984922539831 0.9977926357846543 -0.022721886768983273 5.106699482324265 -0.9979440529285271 0.06270938133705106 0.013236340767367849 -254.93269998295824 
0.013641219039873666 0.0240442773634478 0.9996178219045397 21.870497732870074 0.06363876008408818 0.9976631721219602 -0.024865703418705712 5.409563445091976 -0.9978797649807643 0.06395363725087751 0.012079193860403408 -255.9525507200851 
0.012622509758242393 0.025804705651091553 0.9995873095501284 21.584723634410132 0.06252472232074567 0.9976903363480799 -0.02654527936130757 5.118133740892889 -0.997963592194684 0.06283398701273717 0.010979923950855014 -256.97633898380326 
0.011664994556624389 0.027528826798707468 0.9995529458698429 21.316169055077438 0.06070966711273332 0.997757375486048 -0.02818786941673623 4.641646352882931 -0.9980873029054399 0.061011337948618925 0.009967568442923262 -257.99412191748434 
0.010571268476204834 0.02750118618893926 0.9995658722870677 21.034115579168176 0.059087450733192284 0.997857824391885 -0.028079093036407578 4.243685773852363 -0.99819683502236 0.05935863086439936 0.008923647978685237 -259.00153807094335 
0.009570785962193087 0.02608476306989741 0.9996139180661976 20.792314703293883 0.0585906727515016 0.9979275929702953 -0.026601734060757647 4.161523209553497 -0.9982362110856291 0.058822651454181946 0.008022627581256709 -259.98661179029193 
0.008762037845378478 0.025794551589521496 0.9996288650299634 20.586301964502574 0.058461281209876904 0.9979441400705547 -0.026263508869538484 4.153872645823127 -0.9982512235364883 0.058669706042694426 0.007236041788714477 -260.95588936412696 
0.008152010254961116 0.025178755789068873 0.9996497261469728 20.434904374181727 0.059688113981998234 0.997888213394206 -0.025621136161205916 4.509110849460419 -0.9981837875752511 0.05987607056106432 0.006631922503431909 -261.90501932663017 
0.007626046935956164 0.023593694932548644 0.9996925432189447 20.31846413831576 0.060876924193801876 0.9978563482710395 -0.024014752047195047 4.8746093315336445 -0.9981161473039267 0.061041344796915996 0.006173387769396612 -262.8386789607728 
0.007089726717882911 0.02138573444848077 0.999746160851426 20.206291262111947 0.05965101763553664 0.9979818531369143 -0.0217710106438741 4.613967806441137 -0.9981941153253265 0.05979022638784568 0.005799737785412167 -263.77110311179445 
0.00690273318869261 0.02053771417790757 0.9997652497315919 20.16801544093376 0.057806396691549106 0.9981089585913627 -0.020902805582141026 4.158484721446205 -0.9983039480919951 0.05793711311423865 0.005702468581494514 -264.680580387191 
0.007563903974914073 0.02106254701120051 0.9997495468716451 20.336778298195487 0.056467299469271676 0.9981738624366021 -0.0214565709991616 3.806157145433941 -0.9983757967054815 0.056615452500139246 0.006360746096072751 -265.55675211695393 
0.00873646213528083 0.020579359488292183 0.9997500508589197 20.65342497733325 0.05702526797185588 0.9981509087577818 -0.0210447655903661 3.979434656937168 -0.9983345095918988 0.0571948713528334 0.007546764130149718 -266.40101245876326 
0.010386967734338432 0.0197430002930258 0.9997511314525808 21.103243154553855 0.057688930706724345 0.9981279870990168 -0.020310308800701535 4.189504285177076 -0.9982805708693323 0.05788553626852412 0.009228570620890766 -267.21513739084463 
0.012162358521388967 0.021263353144281218 0.9996999284026479 21.556698902643976 0.05904842129499186 0.9980138588886293 -0.021945874527972663 4.5450661654983895 -0.9981810261559608 0.05929761613496724 0.010882634926511035 -268.00780721169116 
0.01379633672235535 0.023253170118660408 0.9996344087577603 21.965905483212076 0.059429065148370534 0.9979431604637555 -0.02403403210455245 4.6327778739081955 -0.9981371886212008 0.05973892000232823 0.012386045709641736 -268.78455731671886 
0.015411615309088746 0.023578725634733008 0.9996031841741042 22.38915388358861 0.06031852878645533 0.9978792463459668 -0.024468036231858427 4.8915726371101265 -0.9980601971818146 0.06067168540141254 0.013956697028661142 -269.5337528625765 
0.017298521473668133 0.026170304053142416 0.9995078170482669 22.855418049434995 0.06220214474003934 0.9976928837442641 -0.027199318296502246 5.381550151067843 -0.9979136507456767 0.06264203789645818 0.015630762732971964 -270.2598920764864 
0.018834033993147207 0.02738934439833159 0.9994473988044473 23.247370649797034 0.0638810408993666 0.997549305274097 -0.028541131035417843 5.836430159044742 -0.9977797812028258 0.06438328479191624 0.017038217695656357 -270.96217802587176 
0.020317606875874163 0.025351352462614694 0.9994721125570014 23.66882698560184 0.06549444188075872 0.9974974584210039 -0.02663265901795078 6.336057612812551 -0.9976460659640598 0.06600098008328946 0.01860638853942049 -271.63810406076317 
0.021862875125207987 0.025326617901314987 0.999440131832288 24.082090139238467 0.06572762603761087 0.997479925411564 -0.0267147445505502 6.422576529103467 -0.997598062280957 0.06627488835616402 0.02014312057896 -272.29725833737075 
0.02290098944699917 0.02547146574304218 0.9994132023919088 24.35977607243964 0.06251006416700798 0.9976828382939639 -0.0268597477936052 5.564993163330239 -0.9977815575366106 0.06308849821164413 0.02125570119319723 -272.96094705150574 
0.02415982818411175 0.025473412863314285 0.9993835139420754 24.700507529112688 0.05696528287882277 0.9980159698516492 -0.02681567578127705 4.069212145454396 -0.9980837937010347 0.057578026695658306 0.02266079418696809 -273.60231053740756 
0.025517184573448252 0.024927819002717 0.9993635360224089 25.076500049693287 0.05405160868711201 0.9981922921456154 -0.026278727127067546 3.295312848132546 -0.9982120500624004 0.05468776591570908 0.02412366824031535 -274.20519659030793 
0.026384570881652695 0.024467638835259462 0.9993523848319065 25.31768915600521 0.05489119207029686 0.9981566961479165 -0.025887583281899124 3.548095595261157 -0.9981436827694163 0.05553867647777366 0.024992878237698413 -274.7864148794075 
0.026864415605514835 0.024836766261583883 0.9993304949894416 25.441878945482806 0.0570139632978538 0.9980259363124642 -0.026337016473034335 4.141184330785956 -0.9980118792696036 0.05768332072009492 0.025395341058106174 -275.3548595805278 
0.026695157460061195 0.02494387595518659 0.9993323629406367 25.391921464173237 0.06085212359335246 0.9977941290003454 -0.026531023097945017 5.222370795209676 -0.9977897512113272 0.06151974629967671 0.025118383563866812 -275.90502186540965 
0.02485997650157769 0.02487500299738189 0.9993814165743833 24.884592562098092 0.06254913268026584 0.9976929545133996 -0.026388908944306417 5.718184092731295 -0.99773222237697 0.06316646847976087 0.023246713542087807 -276.4833780871992 
0.02101244933838395 0.023684650643910277 0.9994986314631338 23.833258378703288 0.060160373577676104 0.9978778341135378 -0.024910994277012995 5.101949085053044 -0.9979675377605206 0.06065365206441267 0.01954298000441299 -277.0995483111402 
0.015384003936930749 0.022914950681500467 0.9996190461661552 22.28654021560903 0.05661604263194355 0.9981134595163097 -0.02375175044249319 4.152142802985056 -0.9982774945572833 0.056959871555762244 0.014057627566010077 -277.7357961086791 
0.007260924200413751 0.02233530884383471 0.9997241684377781 20.047574939078192 0.05386338442251337 0.9982903867659866 -0.022694481910118473 3.4208687377730125 -0.9985219150315671 0.05401331011395926 0.006045455501858795 -278.38982092988437 
-0.00458590477013141 0.022961333145045205 0.9997258357458018 16.752148890919777 0.05291220752257336 0.9983414278229588 -0.022686819686866956 3.1704753376265358 -0.9985886379147958 0.05279366129203927 -0.005793233540438389 -279.0718825220656 
-0.019950655325916663 0.023299428508538444 0.9995294432798081 12.475026739705914 0.05194953568510496 0.9984021211897854 -0.02223623497443886 2.924882734180503 -0.998450407929291 0.05148146302225717 -0.02112917108926809 -279.74873749769506 
-0.03842106089192475 0.022367281157759357 0.9990112746178347 7.3380241713710035 0.05119859319583458 0.9984803959187694 -0.020386343975005734 2.7639526075340335 -0.9979491600951965 0.05036470688398412 -0.03950784941988092 -280.37139283729516 
-0.060041787810607074 0.020285710786416854 0.9979897162067344 1.319069206602272 0.05186182718513716 0.9985065516064577 -0.017176067070174033 3.0237207308307963 -0.9968476987973268 0.05072628842000933 -0.06100417252618838 -280.9063408108506 
-0.08545244356086155 0.018810016871206873 0.9961646767250806 -5.789740420881138 0.05396663927396758 0.998441429939467 -0.014223671323025492 3.683729903233158 -0.9948796317821328 0.05254421229533166 -0.08633437333595369 -281.28638844333716 
-0.11483033710896468 0.021004407555197675 0.9931630322070475 -14.09027800503415 0.05815956566617941 0.9982036325276782 -0.014386553794073631 4.872349523257548 -0.9916811274804835 0.05610991776685807 -0.11584566684703174 -281.401347872124 
-0.1489524937272124 0.023942998828433093 0.9885544433259846 -23.77246161189727 0.060170162478542955 0.9980738054705851 -0.01510729561406356 5.443829683687388 -0.9870120091264094 0.05723121211862131 -0.1501062363783824 -281.1795990149456 
-0.18795907123015615 0.025946904232753074 0.9818340723885247 -34.868751071744086 0.06075125245935567 0.9980440183102937 -0.01474526499128391 5.635004180598344 -0.9802962168992173 0.05687614329206883 -0.1891677336579979 -280.4561078181441 
-0.23035439156390208 0.02523087431116388 0.9727796550446147 -46.937104314676674 0.061833014114711024 0.9980231766250711 -0.011243544133946522 6.022958039302727 -0.9711403259327226 0.05755989837288101 -0.23145912262554955 -279.0824105945549 
-0.27418376600498084 0.02407526677557838 0.9613759119038771 -59.47115680441472 0.06418469020972546 0.9979156466776945 -0.0066848828352655525 6.789814753898876 -0.9595330051655381 0.05987272872956736 -0.27515753370109275 -277.0907259697386 
-0.3190120161022807 0.024145595890040596 0.9474430451385847 -72.37722306961076 0.06769046076896422 0.9977028920522751 -0.0026345229951572646 7.876019540303947 -0.9453302783171836 0.06329241178562896 -0.31991363757601005 -274.4038471424219 
-0.36514400744602804 0.02834658545135897 0.9305193844942214 -85.76750159974273 0.07158707827398873 0.9974317168921193 -0.0022935478701731475 9.00296281063541 -0.9281945615281576 0.06577568875266737 -0.3662354634912673 -270.86161092629857 
-0.412179394871329 0.029441254550232346 0.9106269043763273 -99.46526409736487 0.074516175740454 0.9972186954489498 0.0014876155792809753 9.926216895451885 -0.9080503763539353 0.06846959892976215 -0.41322684814260885 -266.5273229644695 
-0.4613116864062886 0.026900289141980387 0.8868302557023331 -113.81006611235416 0.07463205227961411 0.9971742727157349 0.008574765674916386 10.120738354059956 -0.8840936515763019 0.0701416016207541 -0.46201576917304094 -261.1471899933662 
-0.5110112212532176 0.023746841441835097 0.859245959708181 -128.37869395474235 0.07419442368665245 0.9971061558368733 0.01656808637167597 10.164719185620221 -0.856365996082925 0.07221773683625245 -0.511294317628457 -254.66886001012764 
-0.5600462962448268 0.025447326679322528 0.8280703953332277 -142.94933801451293 0.07705055351606259 0.9967957998460167 0.021478957428334333 11.09068682903667 -0.8248705099985817 0.0758324928656293 -0.5602125264223073 -247.2004188632634 
-0.6081648878278685 0.03209883370399322 0.7931614804616788 -157.42587883023361 0.0817219562065497 0.9964048234608489 0.022337181060521186 12.451102054138453 -0.7895929274550856 0.07840339698507505 -0.6086016071734536 -238.64273461543877 
-0.6551118867742333 0.04132482795452192 0.754400871156466 -171.6684592163293 0.08634043882970657 0.9960565110337564 0.020414589144872184 13.746500477339971 -0.7505822702607611 0.07850914228158057 -0.6560964640572395 -228.9290213474082 
-0.7003507189012884 0.05016998016425354 0.7120335972584207 -185.56240139710485 0.09227257983375242 0.9955203815115418 0.02061409726228635 15.466359467912781 -0.7078097495409853 0.08013827478448474 -0.701842728372457 -218.18898855835397 
-0.7435332514231211 0.05741789227444445 0.6662293071270016 -198.89661390407946 0.09638672572902163 0.9951049992277355 0.021809163560466104 16.681523612975173 -0.6617158779501977 0.08043149979161823 -0.7454279782177959 -206.3979836615051 
-0.7849308858607579 0.06762487511773209 0.6158817911638218 -211.94467944662298 0.09968893338344074 0.9948591639558098 0.01781461349620746 17.5489778505855 -0.6115109328398943 0.0753798392042507 -0.7876371365412018 -193.3954233365611 
-0.8237236638346711 0.07782705721903159 0.5616246743185443 -224.37163105119066 0.10280773934124 0.9946168511213387 0.012957167785269414 18.343708276121216 -0.557592946844137 0.0684124888459524 -0.8272906605296432 -179.26046376178527 
-0.8599329043673064 0.0804199148989834 0.5040317820078911 -235.9942022677231 0.09996486428787073 0.9949208995462316 0.011808029218545261 17.511198232760893 -0.5005221532503001 0.06053958154595025 -0.8636043846414427 -164.09761635777028 
-0.8927250452571052 0.08128918258383307 0.44320882478302726 -246.79576880470898 0.09629742150205393 0.9952870996867784 0.011419098438008623 16.458328497732943 -0.4401917765960139 0.05287398218342854 -0.896345659790525 -147.97517009331625 
-0.9208628868591304 0.08572593936112177 0.3803453784734612 -256.3932370397787 0.09586468519929144 0.9953641630231883 0.007755327252142623 16.253964076161044 -0.37791732659023214 0.0436032830163091 -0.9248120068279239 -131.18044751883843 
-0.9435408271798454 0.09894383841189822 0.31613418715016156 -264.5295155124854 0.1051184156920334 0.9944565867661088 0.002493134552664524 18.798543855978703 -0.3141350444111097 0.035583899137405776 -0.9487112100080871 -113.84608309301802 
-0.9620599222038426 0.10230476479379368 0.25293169273466415 -271.4371819265763 0.10751072729336715 0.9941806041410133 0.006809542323919832 19.60212166655844 -0.2507631344635554 0.033744057999840205 -0.9674601743450304 -96.61957862930896 
-0.9763653540367123 0.09578458431212294 0.19374211943952602 -276.93126615108713 0.10104363229886744 0.9947294050206288 0.017423982299040356 18.017326066444785 -0.19105203429593937 0.03658858012358281 -0.9808977500208286 -80.38086406936428 
-0.9865235274393762 0.08509360245478059 0.13975123838391726 -281.02161788232075 0.08974161520783139 0.9955911365835345 0.02728976467827566 15.022223855024533 -0.13681290987498274 0.03946349677327052 -0.9898105172779108 -65.60259287422669 
-0.9929181906550923 0.0748397932949651 0.0922630587276642 -283.9475233069486 0.07809353484446428 0.9964268587990686 0.03217009293300734 11.807897568043046 -0.08952578668581432 0.039147418859853844 -0.995214857764341 -52.71367040160475 
-0.9962693286490506 0.06925173314339997 0.051493904977244175 -285.88759422593995 0.07106423922943915 0.9968838698291219 0.034240677231259196 9.848519006510573 -0.04896221702405937 0.037772311699836594 -0.9980861454668829 -41.69082447620781 
-0.997608935593844 0.06577799159309153 0.021205363597373048 -287.0402568571935 0.06658604571904754 0.9969799440613457 0.03996610632695094 8.730482653306646 -0.01851243200712641 0.04128252610264372 -0.9989759971589741 -33.60138713489254 
-0.9979263204578682 0.06436435052609682 -0.0005378836063990203 -287.7068320839256 0.0642692792967245 0.9968420728744559 0.046640556236368 8.26775780379363 0.0035381741194980393 0.046509269277338575 -0.9989115922819136 -27.93131445098008 
-0.9978978749380113 0.062326618566218885 -0.01775454342703778 -288.15054521815904 0.06138249329782283 0.9968855701588158 0.04951110507427325 7.540233070245998 0.0207851079079287 0.048317208396533994 -0.998615755264267 -23.60311165883068 
-0.9979910585574655 0.05689480587299822 -0.027871636192067714 -288.3949895057125 0.055579655448767876 0.9973994230506743 0.045883469772657975 5.781131474015657 0.03040968496294158 0.04424219663235615 -0.9985578997221939 -21.406170143295395 
-0.9980335502319019 0.05294238897309328 -0.033557950791541634 -288.51940211340286 0.051775996148664724 0.9980548918303184 0.03472289038064201 4.358983505499647 0.035330989716101706 0.032917113229965725 -0.9988334119473015 -20.49013796472552 
-0.9979705902859192 0.05222382907378 -0.03643312505464426 -288.5784584889884 0.05144696324311302 0.9984345905149394 0.021944895450358756 3.8718106087589197 0.037522138764155145 0.020025986620839577 -0.9990951150728481 -20.351707046361554 
-0.9978051093132533 0.05529035776932375 -0.03644091335446801 -288.57191705561223 0.054729128913601086 0.9983694311301501 0.016223484003719816 4.640411274369804 0.03727849617039386 0.014193495785067815 -0.9992041124818667 -21.00957896977757 
-0.9976724595681886 0.05849837842550777 -0.03503716798982113 -288.53373603122503 0.05783905884490279 0.998134569169436 0.01954546241152153 5.652933105589402 0.03611518643308846 0.0174734527363784 -0.9991948617553902 -22.05333545334234 
-0.9975729503734314 0.06076244176432443 -0.0340019757379555 -288.50388093714156 0.05990674432443836 0.9978745259922797 0.025643953675854935 6.467299805867665 0.0354878946641499 0.023544766860603084 -0.9990927150599118 -22.9856432216734 
-0.9976548625292845 0.05983734875873979 -0.03323051256297491 -288.49312467682535 0.05893095900020318 0.9978799687376604 0.027617205931136517 6.269260592684491 0.03481260322052189 0.025594133813266876 -0.9990660753780798 -23.893536135326435 
-0.9978397139294026 0.05724954855339751 -0.03222412909171931 -288.4803117847089 0.056367362975506236 0.9980271418772616 0.02765039723930703 5.547192675723002 0.033743528216165324 0.02577427529022187 -0.9990981238280793 -24.906302574361206 
-0.9980850219771549 0.05354295146032583 -0.03097484872891964 -288.46151326594617 0.05271793977211894 0.9982479944706777 0.026865598103423115 4.480967028852158 0.032359044037881264 0.025181220863743404 -0.999159045590224 -26.013174071227354 
-0.9984302773763385 0.04859038857090311 -0.027855975242976994 -288.3901670835304 0.04789407265459831 0.9985359449331184 0.02514208585382001 3.0445613081965286 0.029036856282400044 0.02376848365069786 -0.9992957120703477 -27.681969410829463 
-0.9986908941837983 0.04557536882240822 -0.02322463414281465 -288.25857923962855 0.045021973192063504 0.9987020063860796 0.023818571962076023 2.1833835948629545 0.024280028918006947 0.02274177207521417 -0.9994464928142084 -29.781882943732754 
-0.9989075202621314 0.042771498478959634 -0.018824581844590193 -288.12191261573207 0.042311318913945156 0.9988113392236704 0.024200432433738917 1.4300353354450923 0.01983729456155079 0.02337750106581029 -0.9995298765861867 -31.823000925166827 
-0.9990382312300105 0.041377391924057844 -0.014509444454384327 -287.98753811532964 0.04097759503508013 0.9987993311665356 0.026846466553759784 1.162932700444312 0.015602860185008324 0.026226084321608244 -0.9995342631722053 -33.8483091699043 
-0.9992114802160555 0.038355584377119625 -0.010259968398033332 -287.8371637711713 0.03802523243979155 0.9988063634734505 0.030658277558276003 0.47668257149050586 0.011423637876736278 0.030243965216719425 -0.9994772649068268 -35.88574171708629 
-0.9993042076599377 0.036672382431432095 -0.006799773521841046 -287.7076733953834 0.036430270170885196 0.9987963828392519 0.03284236657892565 0.12357524671248843 0.007995997024876751 0.032571797525330154 -0.9994374127665769 -37.699466011898636 
-0.9993452492621948 0.03597526845214203 -0.0038539378404866386 -287.5943860736894 0.035837038859092674 0.9988653592883119 0.03136400260879089 -0.09584171075470405 0.004977893419297649 0.031205353284792525 -0.9995005985508355 -39.37460095274078 
-0.9992926773560864 0.037599892214169296 -0.000626967293739292 -287.47519618282297 0.0375669808996748 0.9988911519886493 0.02837584227601589 0.28765794202858075 0.00169320069336771 0.028332218131885543 -0.999597128090682 -41.12155348903912 
-0.9991941072735424 0.04003019906430671 0.002952821142778142 -287.33501739293337 0.04009850739377837 0.9987843425404536 0.02866961459149771 1.0347950057253072 -0.0018015811445344638 0.028764913678054515 -0.9995845807366551 -42.98461928092118 
-0.9991821945540605 0.039980955282219545 0.006038650582053884 -287.2058885676442 0.040159198391709144 0.9986470052750329 0.033036307901206825 1.2459694391400942 -0.004709657170781923 0.03325179799543444 -0.9994359094306172 -44.74148316770143 
-0.9991295936799969 0.0406586334384382 0.009323655922597212 -287.06210483599995 0.04098925438530949 0.9984159585116664 0.038541598490016295 1.7400971586830183 -0.007741838139655571 0.038890221343519445 -0.9992134980203541 -46.553420713696255 
-0.9990306439449266 0.04229713258004503 0.012195287388642685 -286.9359339464612 0.042793386927305894 0.998123406430307 0.04379944715691403 2.507405763585349 -0.010319810767419555 0.04427886754951579 -0.9989659070229863 -48.24046481164322 
-0.998935312980217 0.043586974271061334 0.01511344285756687 -286.80309775871285 0.044229050370048754 0.998001460546304 0.045131760998304064 2.9998872256232287 -0.013116081140293502 0.04575216302360155 -0.998866711826049 -49.95458993929313 
-0.9989760354177887 0.041556344329581135 0.01788717157401145 -286.66942147314785 0.042322638362327365 0.9980973675194958 0.04483792181517126 2.457184221335891 -0.015989838742416104 0.04554904166514448 -0.9988341252982793 -51.676989031048635 
-0.9990163019011351 0.039626489630440465 0.01990401606081076 -286.56711386228324 0.04040583083469346 0.9983658036725735 0.040411519295547656 1.711965578003896 -0.018270122340547684 0.04117600486672871 -0.99898485436611 -53.19353729096642 
-0.998968924071302 0.040247760603873334 0.021004916238787596 -286.51532461828185 0.04100265210990584 0.9984796719761225 0.036839206973123005 1.7256043198439293 -0.01949028629289946 0.03766248022671783 -0.9991004285472975 -54.420330743268465 
-0.9989180577046369 0.041236924461271335 0.021499536101326187 -286.49693675007455 0.04198895739589433 0.9984769396463008 0.035787266609272186 1.972824166773194 -0.019991034200425594 0.03665128995728275 -0.9991281406786949 -55.47098625540225 
-0.9989068402806903 0.041604114058472606 0.021312487744453837 -286.5112220037996 0.04236646434636187 0.9984292047589743 0.03666341205005187 2.141379494986738 -0.019753661413427423 0.03752626783698378 -0.9991003813846696 -56.335145845587036 
-0.9988897843570113 0.04245315575931922 0.020418821544796836 -286.56707474011193 0.04320082022285832 0.9983553386505724 0.03768695954800245 2.4531349975952015 -0.01878530913441391 0.03852722873469515 -0.9990809600861932 -56.99351743280964 
-0.9988789534591531 0.04317568756061985 0.019408666621216732 -286.62972388431797 0.04390208319556565 0.9982858419993375 0.03870380801370973 2.7253178131736266 -0.017704333577839376 0.0395125001403386 -0.9990622197367011 -57.61404229596287 
-0.9989724530644754 0.04152700304209339 0.018153402895548867 -286.7058971589115 0.04221707975187591 0.9983294950846631 0.03944537262121243 2.296018037909849 -0.016485029437943954 0.04017122430726455 -0.9990568134706286 -58.190205773539894 
-0.9990968824416888 0.039005837916509474 0.01685123448680553 -286.7819454354066 0.03966112084255859 0.9983928568227997 0.04048084656626867 1.634275833010281 -0.015245162800384968 0.04111262645028728 -0.9990382059548824 -58.76365870420287 
-0.9991594506164869 0.03784786800352905 0.01574582901427326 -286.84900889728846 0.038462116022883526 0.9984295582930988 0.04073183960601936 1.321079047948294 -0.014179487818729748 0.0413032203857728 -0.9990460380337652 -59.37517609340074 
-0.999148325605302 0.03846437311638097 0.014937049269713868 -286.905043210898 0.03905155329465894 0.9983857991228922 0.04124042064551728 1.5394549168558784 -0.013326650944495413 0.041788612210848806 -0.9990375930184489 -60.05153720382104 
-0.9992320077562831 0.03672627548818771 0.013659259281296741 -286.9846699457405 0.03725262365925501 0.998484233676462 0.04051514692099295 1.000704235714208 -0.012150584588808345 0.04099287484787501 -0.9990855556486923 -60.61453251022297 
-0.9992645232801184 0.03636063085970078 0.012178548240376959 -287.07939923121415 0.03680708115730802 0.9985728810087235 0.038696771061897145 0.7848109339016922 -0.010754128994853344 0.039116567301108615 -0.9991767825926208 -61.10739993204075 
-0.9992341639175089 0.037997958115806627 0.009340280461922208 -287.2634051127311 0.038318516252562135 0.9985823619359088 0.036945334518765326 1.1315826627546968 -0.007923192051191174 0.03727494613719487 -0.999273636907424 -61.18743771410385 
-0.9992924776143725 0.03714927169706678 0.005871609294447435 -287.47908103693214 0.03734985369700906 0.9985465107049112 0.038856844800618774 0.9781642194329794 -0.004419571488403802 0.03904865646120125 -0.9992275365583327 -61.10936284855277 
-0.9993436064851485 0.03617381668202944 0.00195222025191841 -287.7190812106021 0.03622460555334539 0.9983852804943988 0.04375625263462478 0.9708345177754376 -0.0003662373023009931 0.043798249722740115 -0.9990403291116251 -60.90326665453834 
-0.9993970096644359 0.034669995672679844 -0.0018995983367392842 -287.95203675854293 0.034543828301318 0.9983148756144298 0.04662759969413014 0.6871615773427178 0.003512975956882479 0.04653386430335812 -0.9989105357703086 -60.71806704410554 
-0.9995419287530682 0.02980187531845507 -0.005270758209174459 -288.1399567831608 0.029535081483800366 0.9985507330780347 0.04499013704208254 -0.8352506798023471 0.006603909928336923 0.044813856080718764 -0.9989735265145095 -60.71696840462631 
-0.9995991173895363 0.027189506750536354 -0.00789526672904851 -288.28757434314707 0.026830014466640344 0.9987345727354078 0.04253708437049891 -1.7513883472424254 0.00904183818590879 0.042308201872517125 -0.9990636922721869 -60.888844548427855 
-0.9995950971943098 0.026513759644495066 -0.010327740053475106 -288.43491330025364 0.026089021524111956 0.9988871393875874 0.03929180222384903 -2.152657870422297 0.011358020118516693 0.03900645223033717 -0.999174405228332 -61.0873302183385 
-0.9995014038696781 0.0292690619895504 -0.01184338096973218 -288.54923457984376 0.028810233831360093 0.9988918696496221 0.03721563078150841 -1.4852355056656537 0.012919523564153578 0.03685586463692211 -0.9992370745487487 -61.511782045056805 
-0.9994799887495437 0.02951388752954945 -0.012987783956682241 -288.62476258802917 0.029021280789383284 0.9989081656561293 0.03660931366266928 -1.4471529037550859 0.014054086614081933 0.03621335428265442 -0.9992452529889967 -62.07532692521933 
-0.9995416062862349 0.02716151037778619 -0.013372720618138581 -288.6442059370714 0.026606669930759462 0.9988432516244736 0.040053012364147246 -1.8900029008961767 0.014445152056278322 0.03967884875149971 -0.999108065498335 -62.89496942745748 
-0.9994841038734272 0.02935251514340396 -0.013036715809158722 -288.6440487568309 0.028777889173466163 0.9986916604309065 0.04227056281240892 -1.0890418384090128 0.014260406693086078 0.041873586430045066 -0.9990211426994091 -63.86599849487605 
-0.9995372193196517 0.02808591227952669 -0.011684550747239885 -288.5611019211434 0.027614790752664976 0.9988693783256791 0.03869610283940004 -1.645743717482559 0.01275815529081764 0.03835552860667718 -0.9991827074658958 -65.15446681275051 
-0.9996115118733864 0.026566685318658117 -0.008428319012921784 -288.34727105222214 0.026248661470151993 0.999013059744855 0.03583174891418638 -2.2179882545846765 0.00937193156342502 0.035596596612644894 -0.9993222949621254 -66.99167023729083 
-0.9997134649585313 0.023351443958007763 -0.005262893280617992 -288.12079627850807 0.023143773094147557 0.9990633038635779 0.03656337840190492 -3.0410601184901784 0.006111771230483384 0.036431098504852676 -0.9993174777387605 -68.82865452158929 
-0.9997428148756157 0.022662238291039 -0.0008526782631479542 -287.81817024791735 0.022611366436492086 0.9989745016018314 0.03922590033698596 -2.9839482772047186 0.0017407505435730133 0.03919653179826802 -0.9992300043946505 -71.00207542115399 
-0.9997598518360393 0.021580189381827913 0.003812359246643579 -287.4832844854829 0.021718696686039617 0.9989199064762863 0.04107698454934557 -3.087726174996291 -0.0029217924363014697 0.04114991946106137 -0.9991487112824134 -73.24906760567247 
-0.999734158755353 0.021183458990627933 0.00910345444975479 -287.09457517918 0.021548505381841557 0.9988821966517313 0.042071595263569635 -3.044873159198894 -0.008202056664953512 0.042256576735524805 -0.9990731244453834 -75.65902328309538 
-0.9996710429290757 0.02125504593650037 0.014353708626414503 -286.70112476201723 0.02185707316665986 0.9988283494008844 0.04317634520998071 -2.8549903208667744 -0.01341917589429414 0.043475872105587766 -0.9989643508469039 -78.05002984867178 
-0.9995727484937534 0.021815664425821155 0.019452435690772308 -286.3099970315803 0.02264440941127677 0.9987987931766502 0.04345344026979741 -2.5886428951716596 -0.018481103621216424 0.04387536363981879 -0.9988660577246657 -80.37902157089695 
-0.9994290667732276 0.022794360630995193 0.024939078014620124 -285.8780047790626 0.02384003220742377 0.9988133630383519 0.042467854671101694 -2.2976903104107738 -0.0239414567882602 0.043038156784892936 -0.9987865255936402 -82.80828365526865 
-0.9992992244923559 0.022342037848064954 0.030031537985449122 -285.4541340959556 0.02355278225803796 0.9988984275391423 0.04058568599561331 -2.503833386733132 -0.02909168913764318 0.041264570815952195 -0.9987246411391357 -85.13621884393221 
-0.9991412090043349 0.02172487369515038 0.03528277670884657 -285.00212724665323 0.023087657793904103 0.9989845879270709 0.03868789399503847 -2.763408039027248 -0.0344064605408367 0.03946926585470672 -0.9986282454076411 -87.50487839664291 
-0.9989553542828512 0.021312730653039944 0.04042236586019079 -284.54654978576696 0.02283766950183623 0.9990301284518911 0.03764629194386852 -2.894251285529272 -0.03958081607734998 0.03853011753821983 -0.9984732290057371 -89.8353995631864 
-0.9987289608555002 0.021345500425979373 0.04565996452098962 -284.0760511890311 0.023105097811058947 0.9989967206263117 0.03836282879320747 -2.740604487334421 -0.04479528104203515 0.03936904608242468 -0.9982201465643373 -92.19494069175698 
-0.9984940181404478 0.0212020031643184 0.05059813039592401 -283.62078428051717 0.023207459983423325 0.9989546785828743 0.039382279498571766 -2.610693818256217 -0.04971025587200734 0.040497224586458866 -0.9979423155984185 -94.46804973672704 
-0.9982644916006076 0.020345389398094986 0.05526364030373875 -283.17388035649896 0.022647324359007143 0.9988879418944169 0.04135188311690566 -2.5931305909867586 -0.054360863760237 0.042531690163644165 -0.9976151321141165 -96.67079340312128 
-0.9980082933829103 0.020803582132032636 0.05955381859636327 -282.7648726996229 0.023430496503110666 0.9987674135561573 0.043756890336996326 -2.1519546348407634 -0.05857011330491376 0.04506511498733822 -0.9972656001480389 -98.7493116068642 
-0.9977375046121544 0.02298750737384441 0.063177894829198 -282.42654109806426 0.02587072629758277 0.9986427358153649 0.045203890585203604 -1.3073506608928023 -0.062053020967131126 0.04673607501642605 -0.9969780147430095 -100.60678309659102 
-0.9974867556626964 0.025513493858809078 0.06610018085168677 -282.1534788824885 0.028543686862408813 0.9985650554609313 0.045311013590609156 -0.5037906491680606 -0.06484928849116181 0.04708387880606448 -0.9967836666693362 -102.24735815190891 
-0.9972787995037877 0.02752967262709677 0.0683894230515906 -281.934397872169 0.03059757117142601 0.9985529537912001 0.044224281941928976 0.020270641560247604 -0.0670729803922119 0.04619648904315805 -0.9966780321153833 -103.69528159655226 
-0.9970872332799452 0.03080284317025815 0.06977273165623632 -281.81138445826195 0.03375047474038264 0.9985696030957316 0.04146870178859772 0.7166361437276851 -0.0683955750392043 0.043702775951435485 -0.996700613368526 -104.85664507883752 
-0.9969209712855001 0.03375918180792143 0.07077354487967405 -281.7214536494823 0.03670073942288725 0.9984978544084464 0.040682803093472955 1.5236064942233365 -0.06929381456514555 0.04315498100322506 -0.9966624377780188 -105.89877259272748 
-0.9968197994198469 0.035564313325483085 0.07131246105879649 -281.6758493654421 0.038530408750691164 0.9984299480283043 0.040657674327267884 2.0709953722265944 -0.06975453451984372 0.04327607304139795 -0.9966250480577113 -106.80017463714923 
-0.996720632716333 0.03845281953132265 0.07119944513579327 -281.69972304714724 0.04125061538638932 0.9984163891522031 0.03825049806893309 2.6689151973376197 -0.06961585342289055 0.041062081564003164 -0.9967284175791494 -107.49228909440362 
-0.9967112742249574 0.04026300812829382 0.07032443394243136 -281.8015598451742 0.04298561553705274 0.9983663984855604 0.03764002167735567 3.1369770897649603 -0.06869405134189635 0.04053917304820261 -0.9968137753656927 -107.95604643883422 
-0.9967376678593388 0.043291884843596855 0.06811632827021437 -282.04915568416936 0.045857173141508285 0.9982788334528807 0.03655804085869324 3.887951048880033 -0.0664164222297204 0.03956239864625162 -0.9970073597880602 -108.01119470274267 
-0.9968707597255101 0.0451784978019356 0.06486595209080022 -282.4025278744252 0.04773405253529817 0.9981215701303411 0.038403013802301635 4.617511906105872 -0.0630091154742139 0.04137915630970421 -0.9971547607017957 -107.74850498890265 
-0.9970041315114022 0.0478205275294698 0.06079439855774762 -282.84197552928583 0.050375273191030724 0.9978798700903635 0.041207969124552 5.658534226443718 -0.05869491971307217 0.04414704990420374 -0.9972993253705892 -107.20824489977274 
-0.9972515687361118 0.04894682350347666 0.055619395198833764 -283.3951370796075 0.0513192679044045 0.9977962844201175 0.042058382507712294 6.027720924282711 -0.05343820164564323 0.04479713457720981 -0.99756582506547 -106.35615204634206 
-0.9974546227192813 0.05112391915042867 0.049705336802371325 -284.0197006334988 0.05322148984950382 0.9977060602348324 0.04183408166661081 6.5767327924791665 -0.04745259354488311 0.04437299022367085 -0.9978874130404067 -105.26650806346996 
-0.9977059482410012 0.05207178578844547 0.04325933389832723 -284.6909992542403 0.05378314941127248 0.9977755843990826 0.0393859875650352 6.533114934261026 -0.041112208453565044 0.04162225728946767 -0.9982872201997776 -104.03195673901234 
-0.9979415979469366 0.05296294301426461 0.03615928310106413 -285.42055743686933 0.05429614856406276 0.9978413019401716 0.03694136426087124 6.47292761112551 -0.03412470275657115 0.03882863388805972 -0.9986630271779187 -102.61106170783117 
-0.9982265955612106 0.052457867272434976 0.028139582006559236 -286.23507031548036 0.053485004597058954 0.9978798481869401 0.03708318845058373 6.26696244426083 -0.026134616842969905 0.03852247063256133 -0.9989159129070048 -100.91802283870535 
-0.9983447627412608 0.053627475137992604 0.020780486457731798 -286.9693835954623 0.05439536999897782 0.9977830987592006 0.038340990508353316 6.665557126531668 -0.01867828765626601 0.03940788932195443 -0.9990486173502365 -99.38181538910305 
-0.9985036683353748 0.053019100267044726 0.013394003422193487 -287.6963397967512 0.05350471785331646 0.997807337869636 0.03895846071071598 6.486403346407052 -0.011299092363444339 0.03961680830638108 -0.9991510591554114 -97.85172940000562 
-0.9986139221693698 0.05225293616751365 0.00631388243334746 -288.3825722856715 0.052449807898131605 0.9979520902433351 0.036614795239194184 5.9770012560018895 -0.004387721613489498 0.03689520620396045 -0.9993095074391168 -96.42164616557967 
-0.9987081206873042 0.0508102468276471 -0.0006391326516082545 -289.04797252765263 0.05076197634239044 0.9981719465014063 0.03280224040227469 5.139775867370671 0.002304654214268242 0.03272742022994893 -0.9994616573606243 -95.0309132420443 
-0.9986697160562257 0.05108758230106858 -0.006989790183453219 -289.6462342763498 0.05086055833701303 0.9982696269637455 0.029511954989660742 4.863556353720428 0.008485389668390996 0.029117191078400884 -0.9995399878673589 -93.7869199489279 
-0.9985846999748473 0.05141334673762653 -0.013611199556993052 -290.2636806474213 0.05103459231121892 0.9983359512311213 0.026847697612272042 4.66831855015463 0.01496887984357451 0.026115058044908938 -0.9995468655243436 -92.45657861789009 
-0.9984986758335768 0.05126203097540881 -0.019302811683026933 -290.7875895750218 0.05078494403038452 0.9984104161566579 0.02444443433009501 4.3745441795045 0.02052519959525044 0.023427443099148963 -0.9995148178448436 -91.39391290938838 
-0.9984821995092855 0.04914867427204257 -0.02485367337838227 -291.2933732665839 0.04857051558378424 0.998546675444751 0.023354699187961618 3.640692656918408 0.025965405427684565 0.02211209568393442 -0.999418257260413 -90.38249764806332 
-0.9984483946626843 0.047203303365099626 -0.02954067275692302 -291.7143227725509 0.04654181637753177 0.9986585334941522 0.022693452967508108 2.9987885007517803 0.03057225087868618 0.021283365117640157 -0.9993059370610591 -89.62231597009355 
-0.9982785888966473 0.04753270896512459 -0.03435841278283086 -292.1442942391591 0.04679518085413226 0.9986630760265068 0.02196068373491014 3.0102681106896023 0.03535632898573747 0.020315072230058406 -0.9991682680314362 -88.81197633486595 
-0.9980574937273426 0.048747159650311254 -0.03879373197724117 -292.5383923583685 0.04792130275487151 0.9986100950222492 0.021941441655701555 3.34452020967829 0.03980939533540934 0.020039774092581817 -0.9990063160447725 -88.11262655352422 
-0.9979681885964999 0.047436031235241476 -0.042536072809676855 -292.8680586369137 0.04656138655287964 0.998687818910171 0.021323171497697826 2.9006706941859464 0.04349174440849977 0.019299308306157073 -0.9988673609980512 -87.63790968755319 
-0.9980336668178945 0.042735958999174956 -0.045852346793253576 -293.1537586970321 0.041889298784801486 0.9989364111287631 0.019270006966923155 1.354106449386323 0.046627100975136705 0.017311393057998142 -0.9987623486721184 -87.31321531903491 
-0.9980727542306665 0.039149513901751386 -0.0481465764480501 -293.34789214549573 0.038317897173407715 0.9991020899343349 0.01807630064624566 0.2086637470309083 0.04881102353587286 0.016196587606712314 -0.9986767017064527 -87.28323418532939 
-0.9980033729857803 0.03905755709649069 -0.04963642556288838 -293.4813170710327 0.038246150369477656 0.9991204236999948 0.01719333962496902 0.10444340780298411 0.05026429638342856 0.015260608742727375 -0.9986193540733534 -87.47818007551554 
-0.9979059629288235 0.04069514348521215 -0.05027518719820972 -293.54568287687306 0.0398947990303413 0.9990622744810588 0.016821911872947366 0.5495435404425666 0.05091261298956998 0.014780967676392023 -0.9985937256127356 -87.9230312998388 
-0.9979311240087425 0.03980334587557907 -0.05048926016250085 -293.56604392193844 0.03893286239710494 0.9990777189760001 0.018109215092928392 0.4107055798942483 0.051163502227816654 0.0161060579541637 -0.998560409257729 -88.51898884032677 
-0.9979696242849948 0.03969170109239175 -0.049811623832781024 -293.5066278537888 0.03862848655564725 0.9990085768210508 0.022129244551025364 0.7444633210572911 0.05064058679445217 0.020160166228758124 -0.9985134444096098 -89.38606320592439 
-0.9980971313856638 0.03660643784825761 -0.0496194017272538 -293.48340679401684 0.03526857771504521 0.99899736318121 0.02757527484809442 0.34996463419999113 0.050579084073031196 0.02577279699706269 -0.9983874594511304 -90.14038730872483 
-0.998199433754761 0.035319969329127246 -0.04848082320117496 -293.3763400097871 0.033417128762418216 0.9986600617533575 0.03951425773130177 1.0780448935819424 0.04981150426307232 0.0378230197812031 -0.998042200118653 -91.18306826334063 
-0.9984086246426097 0.031655489903170866 -0.04667063528861155 -293.1955102019845 0.02928794834404021 0.9982910734196346 0.05056825894245832 1.0725388877190523 0.04819164160981872 0.04912089870579432 -0.9976295419589818 -92.46600950605468 
-0.9986022966440747 0.02951606825821538 -0.04384352690826243 -292.9214908020102 0.02714913647338985 0.9981915293659167 0.05363389871043507 0.8012513002874257 0.045347298992646286 0.052368620534709136 -0.9975976894807663 -94.04595449589381 
-0.9988485029537497 0.02537663353372136 -0.040714796051907164 -292.6036430600587 0.023464189500516857 0.9986295384841055 0.0467811572976468 -0.9774236912371408 0.04184614627581634 0.04577194924316127 -0.9980750616583633 -95.74828771480978 
-0.9990781341810392 0.02283313665293962 -0.036352849570858464 -292.16668178279326 0.021731557790431892 0.9993011039701893 0.030414519558287355 -3.2464249291285343 0.03702190158992928 0.029596477401011064 -0.9988760820683004 -97.74947874207993 
-0.9992414490618913 0.02170033041955451 -0.032336081029925516 -291.76341947389795 0.02098579720756658 0.9995315997075759 0.022275042122932947 -4.35917660223488 0.032804310574292686 0.02157954692985376 -0.9992288028084708 -99.65753353479232 
-0.9993543322171425 0.022266759505400142 -0.028197696713681247 -291.3552472713144 0.021289704139554545 0.9991782978955457 0.034488802707703804 -2.941541560662127 0.028942480482472766 0.03386621377847551 -0.999007213381281 -101.69749439525695 
-0.9994995156975458 0.020727386135016287 -0.023897564402705032 -290.90574503885904 0.019411710286828393 0.9983505726948574 0.05403072740201332 -1.3039215158809734 0.024978062857470427 0.0535397932743525 -0.9982532679195337 -103.82518982071213 
-0.999558478840007 0.021987164448426178 -0.019985294057606046 -290.5122755766074 0.020760621945213494 0.9980043211322279 0.0596353215623757 -0.26820370668807225 0.021256621450715982 0.05919408417162908 -0.9980201483154448 -105.76233164019077 
-0.9995655633452558 0.024427976882151488 -0.016491164899014935 -290.1632571625485 0.023573342162537515 0.9984625801281549 0.0501674558166424 -0.5118890764693265 0.017691300505315095 0.049756909362137655 -0.9986046604423388 -107.54801881328021 
-0.9996487578477974 0.02327200727660685 -0.012679692846140558 -289.74606898291074 0.0228434258322699 0.9991956778626889 0.03295717276658778 -2.6647905391186164 0.013436473852930753 0.03265594919518834 -0.9993763305945176 -109.463484657811 
-0.9997400728385626 0.021082895044098073 -0.00867745915032546 -289.2911563705157 0.020893794031272957 0.9995540434027157 0.02133456557470097 -4.553946209650606 0.009123383786992728 0.021147715097429288 -0.9997347338241449 -111.44239734942042 
-0.9998671467896473 0.015637161065544723 -0.0046008656294016115 -288.78718875788365 0.015519795339715968 0.9995787214354915 0.024525815093503586 -5.736389620764476 0.004982441504214942 0.024451152267278252 -0.9996886097327808 -113.54561561671233 
-0.9999612621532611 0.008763714790687873 0.000819448549097792 -288.09298681106804 0.00878768350284236 0.999302534866284 0.03629353149631553 -6.310479803922617 -0.0005008108535255194 0.036299326617551704 -0.9993408367897322 -116.13711019563438 
-0.999966021252374 0.004089255846708095 0.007157815820275261 -287.29328099576963 0.004382541929387929 0.9991309713747416 0.041449913944447 -6.965813441662558 -0.0069820961704895575 0.04147987495623764 -0.9991149434908284 -118.95150960219726 
-0.999897795438392 0.0016136792036448467 0.014205446732577367 -286.4155128782004 0.0020741527322890156 0.9994708680987552 0.03246046383471206 -8.67604877867311 -0.014145549402108446 0.03248661049338996 -0.9993720646339703 -121.83071395221242 
-0.9997516982518091 0.004518088791846181 0.021820373880690178 -285.52143419059763 0.00490894862162596 0.9998278674871108 0.017892389991447186 -9.577613911982057 -0.021735778478221723 0.017995062374018194 -0.999601787545471 -124.76754179352038 
-0.9995162869894699 0.011679781987894017 0.028823163176481044 -284.72982013642064 0.011913070787612853 0.9998975489561296 0.007935385052643705 -8.744268400964398 -0.02872752664592089 0.008274918986895025 -0.9995530275721084 -127.57670361567706 
-0.999228266635394 0.016012337279050787 0.03586748125652777 -283.8705220609868 0.01648126487430215 0.9997820277453396 0.012816587126049607 -6.835512973742918 -0.035654439624940554 0.013397837597107257 -0.9992743661691487 -130.56009345845084 
-0.998896484430793 0.018906870101111868 0.04299236740146617 -282.96057391173736 0.01998871798261601 0.9994907224992394 0.024874621431477048 -4.355537791209671 -0.04250017111982478 0.025706534206842643 -0.9987656930200689 -133.60766449548746 
-0.9985599284838815 0.02113404690757568 0.04930944420264535 -282.12393389001136 0.022926828359851548 0.9990858796316443 0.036079989773009406 -2.125867304989625 -0.048501853239059464 0.03715854117118931 -0.9981316611802303 -136.38951396009966 
-0.9982545046846276 0.02233047457318393 0.05467443444778046 -281.39230004285605 0.024394115409446256 0.999003621923381 0.0373723228787945 -1.5295160552157108 -0.05378541633415896 0.03864082412815066 -0.9978045979551603 -138.86904902940526 
-0.9980003305371947 0.02435666546486673 0.05832746432927183 -280.8907886564052 0.026248002429684936 0.9991469089184002 0.03188254643623336 -1.666462108247012 -0.05750115317192453 0.033349771307160735 -0.9977882591700806 -140.84555405785176 
-0.9978543283927964 0.025394811867874702 0.06034768295433388 -280.6125069186363 0.027181395105301667 0.9992106273206113 0.028970571442075203 -1.749740352514567 -0.05956434393066871 0.03054874432355905 -0.9977569158629592 -142.38369008791025 
-0.9977485456033806 0.027538468198819534 0.061151226607498624 -280.51111528396166 0.029343128038927115 0.9991540661400526 0.028812027917005392 -1.1267063525519645 -0.0603060575997978 0.03054152722215768 -0.9977125811232961 -143.58410535279256 
-0.9976548055023559 0.030171987383741102 0.06143728701181615 -280.48468475725724 0.03209270874978117 0.9990188144265807 0.03051993556368385 -0.09650962531555107 -0.06045615852134991 0.032420049337178604 -0.9976442218034528 -144.6388592144198 
-0.9976873916901641 0.029960675904238676 0.06101005131810954 -280.5432525609838 0.031933002113835283 0.9989899254190602 0.03161348268095249 0.015934308687448606 -0.060001265307282364 0.0334886071759082 -0.9976363873430756 -145.51605727454276 
-0.9978458889446586 0.02858597839783245 0.05904594613758423 -280.8175846883579 0.030672923558888746 0.9989253774130917 0.034745677723469585 0.07509996829001464 -0.057989254837377824 0.03648194346730076 -0.9976503967443981 -145.97609789650892 
-0.9979969961990159 0.02883952731884788 0.05630521504946764 -281.2149391414671 0.031057271360170703 0.998759633517163 0.03891838064879736 0.7491440969209555 -0.05511298824598478 0.0405891133272142 -0.9976547912007989 -146.20183120628414 
-0.9981921940018693 0.028371871787319283 0.05298472161876967 -281.6986178378395 0.03049672033554242 0.9987447657342792 0.039734657003119685 0.7152543778850697 -0.05179086678662802 0.04127868468912037 -0.9978044779954773 -146.27015827595213 
-0.9982547569010188 0.03147540754378735 0.049967379803634776 -282.16176821861654 0.03311118265797479 0.9989311035039419 0.03225368250894454 0.5003772860636744 -0.04889877204468832 0.03385187103174771 -0.9982299138576103 -146.3803147665388 
-0.9982550228961767 0.03612995682520452 0.046706910434781375 -282.66731348235805 0.03725510342350182 0.9990306667132623 0.02344747823025543 0.5373806623323722 -0.04581447949565685 0.0251466336964412 -0.9986334063520403 -146.4130349870684 
-0.9981884989613458 0.0417290478106438 0.043340594251952906 -283.1854198151637 0.04267979216517956 0.9988628414409163 0.0212475723158318 1.8183035097778668 -0.04240466816321546 0.02305884987150208 -0.9988343874539819 -146.41613084430267 
-0.9982034290701741 0.04467812845033559 0.0399221621498792 -283.70171885683294 0.045783250694728383 0.9985807499806706 0.027209919585781017 3.5287434384092786 -0.03864981433809904 0.02898880139323404 -0.9988322387895853 -146.40440709637102 
-0.9982974397911839 0.04508993997812649 0.0370016083317453 -284.13531018059507 0.04633862667173976 0.9983601042038631 0.033613003618066635 4.57412987958428 -0.03542532123416841 0.035270379170347456 -0.9987497419116741 -146.53903832361715 
-0.9984288670429138 0.04400302075934091 0.03469195323784548 -284.4782106444018 0.04522308590995208 0.9983563817609954 0.03520521975326896 4.485389314120907 -0.03308579689511629 0.03671878485391272 -0.9987777835347902 -146.86882624155777 
-0.9986696558210221 0.04004899607272358 0.032480708980688854 -284.7964488426752 0.04110177665395988 0.9986288646712718 0.03241966380539218 2.926816996507369 -0.031137798544681492 0.033711549340450925 -0.9989464294659937 -147.26171956273822 
-0.9989104906081749 0.03556426900593478 0.03021613017924784 -285.11354662924117 0.03643702150495098 0.9989196755047021 0.028841382654607974 1.0937459875901885 -0.029157764262430354 0.02991094548247035 -0.9991271991711379 -147.63205270110146 
-0.9990349083720639 0.03383921418604206 0.02800284694979159 -285.43253013018756 0.034568810316282866 0.9990642223535824 0.0259937870720701 0.16861764829310966 -0.02709703318334146 0.026936725790311724 -0.9992698152132679 -147.9872414850303 
-0.9990577801685991 0.03475129811866392 0.025998060767266372 -285.7402173345745 0.03540795272354837 0.9990541919428569 0.025238828129142354 0.32121917998345406 -0.025096389551440466 0.026135585711309226 -0.9993433355914317 -148.37659020334453 
-0.9990421371536148 0.03650394958807256 0.024130268461190964 -286.030156961891 0.037147729352408565 0.9989505579664406 0.026792329919183067 1.0609299520151065 -0.023126919282469294 0.02766305122378268 -0.9993497391811808 -148.7991034894015 
-0.9989539956857288 0.040148676878921395 0.021886028611651315 -286.3836799480774 0.04084747522712702 0.9986374606214597 0.032476237637584005 2.960450616251932 -0.020552330064673035 0.033336256364438474 -0.9992328536134706 -149.08616987090116 
-0.9989503253187807 0.04178047174001075 0.018778704073626248 -286.85848641934945 0.042491703628463114 0.9983266341798692 0.03922227185979249 4.426201398575965 -0.01710855541106544 0.039979040362104486 -0.9990540394110176 -149.12214638871507 
-0.998895874804282 0.04426910082549216 0.015725075869165765 -287.32463566202875 0.044917714529128766 0.9980380791793725 0.043616412386036536 5.785930901421908 -0.013763365157848085 0.04427458887501463 -0.9989245870232051 -149.16278124370575 
-0.9990256703567177 0.04240220174229494 0.012237779852449473 -287.84742387844926 0.04288833387058392 0.998168955240419 0.04265357677916658 5.075183033834314 -0.010406766362160823 0.04313687612306579 -0.9990149694234955 -149.14827034745983 
-0.9991378846759432 0.04050856709671411 0.009085339677376228 -288.3144796230049 0.0408018970543075 0.9985598016715488 0.03483572422737916 3.3377315920188457 -0.0076611097141316715 0.035176390909918205 -0.9993517543490387 -149.24592629303012 
-0.9992540360297244 0.038103515809266894 0.006284390286949104 -288.72996420638344 0.03827345240126641 0.998828836335585 0.029598961903895868 1.8396120551295883 -0.005149205724548635 0.02981740745727674 -0.9995420991098539 -149.42587269059487 
-0.9991857947340792 0.04012156042727852 0.00424358227284203 -289.04337481385335 0.04022843112905089 0.9987656151456856 0.029136220268855175 2.350769564382797 -0.0030693534370172656 0.02928321006208723 -0.9995664423528526 -149.77518531217515 
-0.9991561251900228 0.04098767377400323 0.002654824637630311 -289.28930074543337 0.04105492924870761 0.9985611827826316 0.03449720313498633 3.4085551735185997 -0.0012370447220203158 0.03457708545191136 -0.9994012682011211 -150.25134033926693 
-0.9990867190836866 0.04271176884408425 0.001196892979534092 -289.5167578058375 0.04272580204207612 0.9983139412828278 0.039290971993690346 4.631165050868853 0.00048331196576150955 0.039306226511294666 -0.9992270947922637 -150.74713856547945 
-0.9989695151478049 0.04538610637359553 -9.567447312794601e-05 -289.7222264883108 0.04534322991234243 0.9981130645170443 0.041404129522436064 5.723469805312029 0.0019746661683813873 0.04135712500451316 -0.9991424767794055 -151.28004513007264 
-0.998958733897195 0.04561560349431736 -0.0008152842217043992 -289.83620525756464 0.04553701125048715 0.9980150813206582 0.043500322560791685 6.120476178419011 0.0027979594146319963 0.04341790154267222 -0.9990530802959098 -152.0045239183391 
-0.9989810063410631 0.045125373650714166 -0.0008059917373203353 -289.835245279889 0.04504517789779467 0.9979984200989499 0.04438564439271563 6.136475112120268 0.002807297268407729 0.044304109661340095 -0.999014146521041 -152.94972669732687 
-0.9990913117382351 0.042618785191493966 -0.00043584168441473394 -289.7744332350313 0.04255888538752162 0.9981347245653275 0.04376999990256427 5.343208799196388 0.0023004529433069128 0.043711677681141585 -0.9990415392517753 -154.02838253971922 
-0.9992378911011022 0.03903142336283709 0.0004300907963462971 -289.6335907695259 0.03901474102622695 0.9983453327218181 0.04224271079392952 4.101068426891118 0.001219413989813449 0.0422272971291574 -0.9991072857339638 -155.26599732210232 
-0.9993579392941904 0.035796435938772096 0.0015245798598786965 -289.45063909495246 0.03582881153328779 0.9985382197942602 0.04046875182436585 2.920413297321919 -7.37141770144852e-05 0.04049739231347335 -0.9991796413968952 -156.55787271587917 
-0.9993431205582309 0.036118138806139656 0.0029677334985343147 -289.2260892227556 0.03620354159575789 0.9986537633421683 0.03714787394250708 2.52827680107537 -0.0016220261594991296 0.037230914730968845 -0.9993053727562127 -157.90497686301484 
-0.9992729024585115 0.03790033592751857 0.0041510177935960456 -289.049524719348 0.03802072215034567 0.9986871089728029 0.03432904103976841 2.6284966444667015 -0.0028444857721038213 0.03446190517259852 -0.9994019641728583 -159.15578939091748 
-0.9992449625576475 0.03842162922642209 0.0057691603161751735 -288.7950987697611 0.03859055424425635 0.9987176024037839 0.032770715157882685 2.561368757572121 -0.004502657691572662 0.03296860713505137 -0.9994462451864476 -160.54221512351373 
-0.9992050806226983 0.03926042051021329 0.006915651751496415 -288.6168818104967 0.039489865588944045 0.9985367155579474 0.03694561135659283 3.5057774700978834 -0.005455031948014779 0.03718934073234622 -0.9992933481027181 -161.7713654840824 
-0.9991232970491741 0.04113778887544044 0.007766570673544833 -288.48860974781394 0.041441470383547646 0.998165430621836 0.044140430944593564 5.248890567998833 -0.005936482631744062 0.04442359100708369 -0.9989951465027239 -162.8807648604037 
-0.9990448775062268 0.04280963080333392 0.008756040146682784 -288.3353613291428 0.043177686161289454 0.9979432900381193 0.04738013598177324 6.298164193118458 -0.006709705382894525 0.04771294770160809 -0.9988385527578016 -164.02877618926541 
-0.9990549708282496 0.04228047174886859 0.010076059351691202 -288.1201151704318 0.04271168903630822 0.9979659347456827 0.04732551855862562 6.174123594555168 -0.008054618739044587 0.047711160076760246 -0.9988286981865809 -165.3084587177623 
-0.9990047186307812 0.04310164551738783 0.011481302501340591 -287.8913018835832 0.043577150386715745 0.9980355078818915 0.04501285339887445 6.063306242752271 -0.009518619522146637 0.04546837539024772 -0.9989204286237043 -166.5984409246822 
-0.9990082694676149 0.04271115016820405 0.012579156833033048 -287.7076664475735 0.04321033202102361 0.998160692364807 0.04252175236797477 5.559898491290795 -0.010739866943021772 0.04302313179116098 -0.9990163489097301 -167.80194541208542 
-0.999051117581719 0.041408821810038264 0.013497182484610291 -287.54890036905965 0.041954213887487955 0.9981938032371903 0.042999710649690305 5.288297145397744 -0.01169223656112329 0.04352517266110169 -0.9989839092543089 -168.93351456129284 
-0.9991051846823138 0.039888792652101296 0.01406108678862545 -287.4452887485928 0.040504831039137816 0.9980895819381819 0.046653457416961024 5.492801382730007 -0.012173274145046396 0.04718125313324166 -0.9988121648985693 -169.94132258102428 
-0.9990612479290646 0.040757399459975786 0.014678462987669253 -287.3402014643588 0.041437691939994234 0.9979148547151879 0.04948596190285998 6.2611109286004805 -0.012630937142846205 0.05004774848107696 -0.9986669526418048 -170.9189667572066 
-0.9988644178652455 0.045146429948079936 0.015220860214440763 -287.2556902239347 0.0458030787790561 0.9978918728122067 0.04597703937517985 6.962422288629433 -0.013113073517828842 0.04662199093014383 -0.9988265301165292 -171.83755346010676 
-0.9986957577837621 0.0485625974571672 0.015762535104819873 -287.16773034062896 0.049143426987023904 0.9980365918140209 0.038831494746202865 6.742122508561772 -0.013845828566343013 0.03955547406448941 -0.9991214428200635 -172.77735721930523 
-0.9986420536201881 0.049658302387647194 0.015751245831067878 -287.1683334980968 0.05017031700372685 0.9981626845154878 0.03397343863344208 6.227715220929548 -0.014035242534394124 0.03471754952198863 -0.9992986058842417 -173.5533366743876 
-0.9984539300917913 0.053427594045547575 0.01533759038311918 -287.2410927653626 0.05397975573790095 0.9978117737086516 0.03818180481422416 8.061157218085743 -0.013264066297056017 0.03895069245724904 -0.9991530954275075 -174.11400704869567 
-0.9981626592964625 0.05885469728421586 0.014402437078413672 -287.4004688278972 0.05946937717277767 0.9971318674750814 0.046812733784062234 11.147567084723033 -0.011605979704282931 0.04758322680566046 -0.99879984869936 -174.4312577926125 
-0.9981701677035308 0.05914712878277017 0.012567158129829186 -287.723669946374 0.05970479128261413 0.9969647216810265 0.049966805194788 11.780777012136095 -0.009573620245506606 0.05062569387404865 -0.9986718104137954 -174.5662229433618 
-0.9982341485461868 0.05836615528048622 0.011044301428494472 -287.9910185969567 0.05882055596424283 0.9971778303100068 0.046653155673381415 10.976642465319095 -0.008290167207397729 0.047220405080871865 -0.998850092091737 -174.8538597632846 
-0.9984060237031724 0.05590388422973548 0.007756775183583732 -288.56909854497906 0.05615939948666215 0.9976990297313448 0.03798378499348437 8.7230786916006 -0.005615485955622667 0.03835885557680421 -0.9992482496938991 -174.67234553274756 
-0.9984790335709081 0.054887669432310465 0.005192616257226362 -289.0166090202282 0.05502448209286791 0.9979881078930051 0.031496712122872327 7.280173118474577 -0.0034533881503586395 0.03173452770136792 -0.9994903670680648 -174.62789773323445 
-0.9987106677548195 0.050709139711905556 0.0023633159756765256 -289.5086934780456 0.050757323759411624 0.9982582328797918 0.03006982827516455 5.800866582242155 -0.000834384506496734 0.030151013870085785 -0.9995450065730416 -174.4763503216658 
-0.9988477535665015 0.047965518210441226 -0.0015729774180699486 -290.1851298192022 0.047888861939144885 0.9983205306642065 0.03260022939352961 5.423893131976993 0.0031340225473704595 0.03248733779707249 -0.9994672334726797 -173.95817820425637 
-0.9988986482651271 0.04641014508553481 -0.006898472819469898 -291.1040184029701 0.046121870562582025 0.9982390246431139 0.03730445999305761 5.750536009711464 0.008617630179450572 0.036945204190866644 -0.9992801350659315 -172.99567438733578 
-0.9988251270192133 0.0467545012029159 -0.012742929503065655 -292.10716628229216 0.04621009428502196 0.9981262393583599 0.04010782330800704 6.286119121749396 0.014594273576404169 0.039471849736280276 -0.9991140977171596 -171.8555662349225 
-0.9986369770624339 0.0476507236140219 -0.021297806991882547 -293.56828712729975 0.04674994039243677 0.9980664681956669 0.04096056807139393 6.609492289780144 0.023208427712944773 0.03990906667021706 -0.9989337491949135 -169.90194985400757 
-0.9981950661747512 0.04975276873987943 -0.03363438518985819 -295.64723429681413 0.04838770568706232 0.9980173501755684 0.04024920728263242 6.969206502635323 0.035570209483863593 0.038549069395437015 -0.9986234172329533 -166.80606708536786 
-0.9973875272087903 0.052470106038962384 -0.04964885235929747 -298.2780033677234 0.050560060092781835 0.9979602028018125 0.03897581233507651 7.383626288870974 0.05159264377553763 0.03636374012701205 -0.9980059506396873 -162.57450303122772 
-0.9960607885981072 0.054075895573673205 -0.07027590579438334 -301.5684923384584 0.05154661160278137 0.9979730124758066 0.03732041267504305 7.386257532499629 0.0721515921486692 0.03355091485889343 -0.9968292149924899 -156.91471667807136 
-0.9938385155616348 0.0556181279110245 -0.09587298281538406 -305.4939968787972 0.052320887717073605 0.9979604603083545 0.036571086525209386 7.488274958401279 0.09771146142978053 0.031329594775705905 -0.9947215322875275 -149.64949003320987 
-0.9904488095089434 0.055959633704564034 -0.12601458303691604 -309.8661778840744 0.05182230561602283 0.9980116676653742 0.03587700997044416 7.2266532530447725 0.12777168850319065 0.029003975579752417 -0.9913794253552037 -140.84927654919989 
-0.9853767777378993 0.05564329901289304 -0.16104790954817372 -314.65026064188436 0.050416821121490894 0.9980660818186946 0.0363626246451173 6.913095779627303 0.162759792463859 0.02771136225521773 -0.9862764979249392 -130.33044228052427 
-0.9779740557243592 0.05711950822935834 -0.20075883071407852 -319.64861060154595 0.05067913233760027 0.9980264453836573 0.03707883305026805 7.123733875182346 0.20248054690650152 0.026087853389996273 -0.9789387376286356 -118.03351798358149 
-0.9677916251648295 0.05865669039261057 -0.24482394272824706 -324.6039616048258 0.051044636656516706 0.9979985402826862 0.0373277197566584 7.281814466989159 0.24652345796987093 0.02362850536561422 -0.9688487386608732 -103.96912097364401 
-0.9540991750178105 0.061268741415257635 -0.2931567934667785 -329.4014577473872 0.052412631388264165 0.9979031069277529 0.0379776941756076 7.800445284056485 0.29486892054146946 0.02086936772708596 -0.9553097870268996 -88.04121548574474 
-0.9369244379645212 0.06230100341507039 -0.34393485214258507 -333.6422682212488 0.05195780050516035 0.9978789309549629 0.039217676153068884 7.8984476603352425 0.34564864315013943 0.01887390075359267 -0.9381741796483278 -70.76746389183964 
-0.9161175851989002 0.06376767028521776 -0.39580582905729284 -337.0039642796911 0.05205737861010068 0.9978318651853401 0.04026907191618137 8.119031331459604 0.39751553356011143 0.016286591022733148 -0.9174508965232301 -52.515627034262764 
-0.8918289274041623 0.06373356630062357 -0.44786068902254195 -339.4586386765106 0.0507717384933984 0.9978723776654078 0.04090169266355237 7.864674203942691 0.449514621358972 0.013738646912625295 -0.8931673162210487 -33.5810913069278 
-0.8637120264582185 0.061468122382130785 -0.5002231554838834 -340.865720829258 0.04686031436873242 0.9980295118043465 0.04172774262816558 6.8927069110243 0.5018023976514073 0.012600138824406363 -0.8648905076441212 -13.851685481453913 
-0.8307192990160095 0.058859225237494886 -0.5535711678246902 -340.99279459808554 0.042831917828767926 0.9982049890265321 0.041859606993506764 5.760739975046889 0.5550413255402336 0.01106306860608949 -0.8317492022572418 7.031377171243307 
-0.7928099767403101 0.05658653648470729 -0.6068363079692043 -339.80919230245456 0.03860863118542479 0.998343667909215 0.0426531867925784 4.699781494544462 0.6082447816290885 0.010386752824616161 -0.7936815488511397 28.79902897774282 
-0.7502340923739382 0.05523416762669472 -0.658861133598302 -337.1078825514231 0.036498267828954524 0.9984447359650412 0.042142444983460856 4.0070256632381 0.6601641334435999 0.007569408846426332 -0.751083231715618 51.05885979471768 
-0.7034804882360663 0.054963616012579986 -0.7085860594070196 -332.7466705359022 0.03543449699718952 0.9984776312728978 0.0422707495819448 3.732275959119413 0.709830683398303 0.004628256959702426 -0.7043571396272026 73.39476280859489 
-0.6530131819015325 0.05243161901490503 -0.7555294233782782 -326.8987233189 0.03135164689024 0.9986170085094167 0.0422036082933011 2.5526583098013327 0.7566973361259489 0.0038724208423921522 -0.6537538878329633 95.6299932085647 
-0.5996636919994573 0.04734390950596087 -0.7988504307630256 -319.4681909113821 0.027006325879631005 0.9988770828846076 0.03892597655063553 0.7057407415597834 0.7997962958529273 0.0017684797507681429 -0.6002689044247655 117.2885683224831 
-0.5434048633155247 0.04304035940646392 -0.8383666751411335 -310.6405750318804 0.022897082176988725 0.9990731477214605 0.03644954224286583 -0.9242332996170659 0.8391584344763607 0.0006107078652432174 -0.543886705926048 138.43537602884743 
-0.48436822192568985 0.04112146103794088 -0.8738972771617108 -300.3522421298801 0.020080521662863303 0.9991541411249476 0.03588558098480277 -1.8228993823718658 0.8746337509142295 -0.00016647815078371498 -0.484784255155561 158.96305426200007 
-0.4237489669978842 0.04448200765472196 -0.9046867767151406 -288.79216263515445 0.01820795959000467 0.9990099203781401 0.040591245283075894 -1.475034686688645 0.9055966448567452 0.0007279979858201278 -0.4241393483787354 178.40051141025464 
-0.364246120724588 0.04620616660556378 -0.9301557685166008 -276.6407556911627 0.016433475258239683 0.9989318255106531 0.04318736936757556 -1.4875589512053118 0.9311577226378065 0.0004451399482125515 -0.36461637020627724 196.1525966971505 
-0.30866196541393087 0.04620517377278336 -0.9500488792811855 -264.562176391142 0.015528010853176477 0.9989311064486892 0.043537632550953984 -1.6752448782207914 0.951045042038364 -0.001313958075879538 -0.309049513069382 211.56798749153256 
-0.25689095030243775 0.0427337630436461 -0.9654951398887729 -252.68791848481743 0.014953901309822411 0.9990780816494021 0.04024136681783048 -2.4465111780119027 0.9663246972360414 -0.004100276073708069 -0.25729315429640376 224.93425768770027 
-0.21208979369942776 0.03749775711118749 -0.9765305103375749 -241.99757727846404 0.013861417741515284 0.9992784794674573 0.035360734882098864 -3.659027955403107 0.9771518717715937 -0.006036446374919722 -0.2124565386342195 235.76690947900786 
-0.17442378693755736 0.03158965232108419 -0.9841638260048962 -232.68737138046646 0.0134655525245302 0.9994683197193373 0.029694389581426343 -4.817334346479386 0.9845786009484317 -0.008072901810219926 -0.17475642137212558 244.28206541079902 
-0.1448949661410714 0.02727040661040209 -0.9890711671615352 -225.22172708109466 0.010895873600893485 0.9996034811574914 0.02596459890500989 -6.230557754198048 0.9893870469767894 -0.007014654740472506 -0.14513464746028412 250.5118241654348 
-0.12268508513410548 0.02597232848571897 -0.9921057443834644 -219.52249337858947 0.007925212154214975 0.9996512711657513 0.02518982074190865 -7.201762241341315 0.9924140068025785 -0.004772233201420428 -0.12284813752077553 254.84276694605154 
-0.10499297321141321 0.026788424034418324 -0.9941120942398698 -214.94533643087945 0.009279504318198455 0.9996199956540527 0.02595679271792664 -6.668796173755556 0.9944296688936008 -0.0064995866287848045 -0.10520165872180441 258.0723653763134 
-0.08922313889003675 0.028104775693549532 -0.9956150626973385 -210.83542536110966 0.013876663179929314 0.9995398689954537 0.026971994875098788 -5.178606919036682 0.99591499120437 -0.011409288837033082 -0.08957208506355765 260.82161615644185 
-0.07431517843823736 0.03126941773492209 -0.9967444395471751 -206.9323556771522 0.02115793936309523 0.9993327286977195 0.029773124718063603 -2.6178529968460604 0.9970103288610406 -0.01887646333635487 -0.07492718649669682 263.30086313958896 
-0.05914978117306709 0.03531125917680023 -0.9976243874136836 -202.93431553097014 0.02983694337341526 0.9989902059865657 0.033590551544295646 0.5058002357267775 0.9978031169510894 -0.027779188581872213 -0.060143632118645055 265.7370419338977 
-0.04346530354660569 0.03416288658384814 -0.9984706628478682 -198.7188617100309 0.03384979754875022 0.9988917138983322 0.03270374766232046 1.4546253484422986 0.9984813261115655 -0.03237655147651267 -0.04457353834932472 268.2118585444235 
-0.029500928578660764 0.03020599872812696 -0.9991082488168304 -194.90372337866668 0.0325462755988499 0.9990423347804834 0.02924300362486278 0.45215431292843444 0.9990347517267059 -0.031654556657714404 -0.030455769324762006 270.28848082345144 
-0.01779247751102734 0.028473661759290177 -0.9994361802186462 -191.70095400135864 0.030844547442236907 0.9991342820736494 0.02791595024813746 -0.2596820006314635 0.9993658197262415 -0.030330462759253354 -0.018655331455280772 271.85088441536834 
-0.008017482811614579 0.02953818807469421 -0.9995314979602344 -189.04055802635193 0.03194405359536754 0.9990610384003167 0.02926805409277584 0.30201195330087494 0.999457501552348 -0.03169443162048195 -0.008953524166096696 272.9837767388011 
-0.0022536881826989235 0.02720297228915251 -0.999627390175065 -187.4341120223292 0.03195837334984045 0.9991212752426291 0.0271171482714411 -0.09055061579434431 0.9994866598721602 -0.031885351749333726 -0.0031210705557397902 273.34672977258475 
0.002239763701019471 0.02292777543407817 -0.9997346150715243 -186.15177525782354 0.031468529941097216 0.999240377560159 0.02298694144025914 -0.9920824822806713 0.9995022336552883 -0.03151166398456528 0.0015165589385218372 273.4625188960465 
0.006210967427411451 0.020320684141368093 -0.9997742213518229 -185.02920811433256 0.032417918449229546 0.9992639033642545 0.02051170389446508 -1.1918618545044208 0.9994551027670202 -0.03253799670019468 0.005547641273855744 273.45583734643174 
0.010386154548816383 0.020067651742395855 -0.9997446759784392 -183.8788311850875 0.031270704340482 0.9993030820220732 0.020383653039520253 -1.5241491229114255 0.9994569879908479 -0.03147442794923107 0.009751386646545238 273.44895292381653 
0.015821545137267135 0.021275108649902674 -0.9996484624413744 -182.40013960690075 0.0303327586940514 0.9993032348359624 0.02174784118914677 -1.5204362616398472 0.9994146299006618 -0.030666180041125844 0.015165188498906738 273.64616052385554 
0.0207868015213347 0.019674649020076103 -0.9995903246172655 -181.01746929535403 0.02628497897410934 0.9994500049891828 0.020218491720536462 -2.895441216008744 0.9994383466541811 -0.026694488439743657 0.020258221148391136 273.74144623468896 
0.025735070953409565 0.015463095448778998 -0.9995491977897671 -179.6064040250306 0.02432756574549853 0.999574552767061 0.01608984168438512 -4.1873966884344735 0.9993727411071014 -0.02473067204246789 0.02534794256752365 273.8278130557785 
0.030927132680535797 0.013925898727487215 -0.9994246253764179 -178.1575332612063 0.02375760847419754 0.9996102005530142 0.01466366222845294 -4.600437335959606 0.9992392548853088 -0.02419744397648693 0.03058423125170075 273.93188979688335 
0.03557665480133153 0.012071008979469664 -0.999294047002866 -176.85037372908576 0.02479956355797793 0.9996084629738927 0.01295771578273016 -4.639123824720686 0.999059199087062 -0.025243048413172726 0.035263369469316186 273.9369438359254 
0.038518087176918375 0.010362210305065497 -0.9992041741094888 -176.01467163457178 0.02847957897839648 0.999528640612555 0.011463427778435101 -3.9310902238300085 0.9988519762915047 -0.028898463502610775 0.03820481992816697 273.6336977946438 
0.039656916892535116 0.00736704332980324 -0.999186196669648 -175.65647059634958 0.032774545997398354 0.9994251683581225 0.008669601317424268 -3.306719492598159 0.9986757021562324 -0.03309168362165156 0.03939266934140817 273.0085467772177 
0.03939758076939214 0.005494136162364635 -0.9992085093199271 -175.697085155177 0.03573072840121991 0.9993376078447503 0.006903665334577362 -2.850724105374092 0.9985845711192618 -0.035974435575322164 0.03917517463393751 272.10956966525157 
0.03827214390448446 0.005944964907546605 -0.9992496686980702 -176.00550539037283 0.03428519897090116 0.9993857278846011 0.0072589277508947605 -3.164657753099309 0.9986790115610122 -0.03453728844039457 0.038044810088956896 271.0156913367173 
0.036622292061061566 0.004610473772745939 -0.9993185434363688 -176.430405201232 0.030894942604929695 0.9995061351007867 0.005743554415723194 -4.335775646306027 0.9988514955916283 -0.031084231170789855 0.036461765273893026 269.8190205997081 
0.03385931781511541 0.0017506506696908458 -0.9994250756406549 -177.1365738285121 0.02974212718162797 0.9995537987165224 0.0027585035947670874 -5.182482324698455 0.9989839600653293 -0.0298184287581218 0.03379214166917969 268.4302848564339 
0.031415101208636116 0.0005053431094101781 -0.999506296150452 -177.77678193979924 0.029663971193274807 0.9995588935901047 0.0014377266678024523 -5.44063459437791 0.9990661340617524 -0.02969449230528287 0.031386253322684805 267.0905063989193 
0.028720515007333837 -0.0011211297605656183 -0.9995868521973339 -178.47343600994415 0.028695192638570597 0.9995881641547586 -0.000296649888578386 -6.008363979540422 0.9991755190841846 -0.028674817345208586 0.02874085790421195 265.68910725460944 
0.02556497419997397 -0.0027525445491457957 -0.9996693731392695 -179.2873673023301 0.027043550010662012 0.9996321319954998 -0.0020608456887177885 -6.754789553888033 0.9993072993313793 -0.026981923219757366 0.02563000824010107 264.196231255802 
0.02289731637957335 -0.003415334201041874 -0.9997319882823145 -179.9811489836752 0.024345561271392008 0.9996995186660248 -0.0028576258151993203 -7.589548901231207 0.9994413472280376 -0.02427360441331278 0.02297358439145659 262.76687892544817 
0.020588486053710286 -0.0033026556131308233 -0.9997825797181695 -180.59084943136966 0.019936843217296198 0.9997970582979435 -0.0028921447589739285 -8.723370799296344 0.999589233897877 -0.019872963661190034 0.020650152318467188 261.3791568930761 
0.01813489595668581 -0.0032128603889087014 -0.9998303871541231 -181.23340164219962 0.013185409381668713 0.9999086461119627 -0.0029739552753557203 -10.45982474543716 0.9997486036639801 -0.013129240597361376 0.018175602142944718 259.9323218635053 
0.01605032833567155 -0.0036225470503126736 -0.9998646228931127 -181.76557351355055 0.007953894283072149 0.999962258786136 -0.0034952208890911686 -11.880251691669928 0.9998395483906662 -0.00789671806500067 0.016078535933070445 258.55817996735624 
0.013920265975919445 -0.005348169582997247 -0.9998888054565229 -182.2888316325129 0.009502514175015743 0.9999412452348303 -0.005216157836082698 -11.788235709691158 0.9998579541212408 -0.009428847242839987 0.01397026915123347 257.26200695623504 
0.011548997418941194 -0.00808766231719173 -0.9999006002482752 -182.8549970977357 0.013856487636548774 0.9998725689907233 -0.007927391138981207 -11.169612159634907 0.9998372959681966 -0.013763556885315172 0.011659592311450449 255.95767118315467 
0.00930939046033642 -0.007402519580975557 -0.9999292664749394 -183.437494082743 0.015438998638480058 0.9998544671337308 -0.007258228004493727 -10.634100908775956 0.9998374730776488 -0.015370336905139165 0.009422323127791147 254.62582387115086 
0.007569117227871356 -0.008361101110114403 -0.9999363982037152 -183.86460169671085 0.014557896995207636 0.9998599905817505 -0.0082502647799242 -11.028813875287494 0.9998653789883252 -0.014494523865528238 0.007689777528898994 253.36952274795146 
0.005497650795072468 -0.006883821406119352 -0.9999611936663267 -184.41243882293531 0.01392808555887014 0.9998798315050029 -0.006806686579565422 -10.902083585074239 0.9998878858494088 -0.013890124275048687 0.005592868604166539 252.03491258574593 
0.004125596226086725 -0.004575479396959643 -0.9999810220419528 -184.79627026589083 0.016424232980706232 0.9998549546040402 -0.004507141527480271 -9.834347152069942 0.9998566017318561 -0.01640532663622581 0.00420014656696215 250.86697389545986 
0.002303142532839974 -0.005141108732872453 -0.999984132141841 -185.2469191513259 0.017203894601175187 0.9998389912747805 -0.005100738885924052 -9.735952295185625 0.9998493494247147 -0.01719187388353937 0.00239121879956991 249.6012317603945 
0.0001535699249839593 -0.008992157068130849 -0.999959557945991 -185.7226372530686 0.017239876545346693 0.999810981834236 -0.008988173360740497 -10.433200677142228 0.9998513704911245 -0.017237799016219125 0.0003085645752090644 248.2794125426617 
-0.0017446352084358456 -0.013863385990446812 -0.9999023766232737 -186.11395979087328 0.019110808563532304 0.9997208249447158 -0.013894213468414155 -10.866244460473057 0.9998158496663464 -0.01913318323587948 -0.0014792076340995719 247.021107604676 
-0.004235931985480532 -0.017298167876721986 -0.999841402557588 -186.66807756238921 0.020056833469036653 0.9996477711200066 -0.01737979073520426 -11.269322940747076 0.9997898680779927 -0.020127272118022094 -0.0038874934954789926 245.63759282418482 
-0.006573774136862712 -0.021035602558008466 -0.999757114962739 -187.17018218492058 0.018110262212747905 0.9996122381701315 -0.021151635943498674 -12.435827002751132 0.9998143847215759 -0.018244909578353303 -0.006190264800045888 244.2416555129086 
-0.009270646130226315 -0.024971410207041383 -0.9996451789473108 -187.75059158233432 0.015767206252870803 0.9995602064317447 -0.025115511643355105 -13.73024775983141 0.9998327111708777 -0.015994448736975902 -0.008872839584525498 242.76712448956874 
-0.01149651651261501 -0.025252849782868365 -0.9996149877257339 -188.28061725377808 0.013663328712155929 0.9995837563221562 -0.02540920198259814 -14.283987950469081 0.999840559067584 -0.013950185473059996 -0.011146693172797666 241.3667174880756 
-0.01366127083480773 -0.019449787127714276 -0.9997174978261936 -188.9066341423023 0.013641969320923486 0.9997141184619415 -0.019636140682696864 -13.202014501925325 0.9998136158065785 -0.013906370070951895 -0.013392031930395187 239.98409498837674 
-0.015276567819403081 -0.011890407379216147 -0.9998126047855251 -189.4232087668491 0.016908225204944848 0.999783240580999 -0.012148406223660117 -11.004911017474 0.9997403354852088 -0.017090642636029624 -0.015072210793692177 238.7421150920473 
-0.016887057814519907 -0.010679576991836208 -0.9998003670301607 -189.82667361270637 0.02050085971773655 0.999729044434147 -0.011025083474467108 -9.919145239607902 0.9996472087837802 -0.020682948292270176 -0.016663541662460184 237.51317860589367 
-0.017944187266739325 -0.012516577633174741 -0.9997606420677356 -190.04713681549734 0.01593720242828946 0.99979102246463 -0.01280300659569665 -11.336261576144915 0.9997119643787885 -0.016163127280400827 -0.017740958103261085 236.30623362117686 
-0.018111516629190406 -0.011279600000480715 -0.9997723458814111 -190.11030421290704 0.007442993291534128 0.9999071345957125 -0.011415955301879353 -13.091866895391066 0.9998082690277437 -0.007648059127744963 -0.018025880708741972 235.20120491249352 
-0.01840562375828762 -0.009314642860470575 -0.9997872125819833 -190.21256772832174 0.004811594313997488 0.9999441986761803 -0.009404684684260489 -13.324622115266035 0.9998190244110319 -0.004983669555130745 -0.018359778417492142 234.14693027696848 
-0.018002895105414127 -0.015187825531292875 -0.99972257437924 -190.01991460501281 0.009073716965672806 0.9998409635322868 -0.015353022609745644 -13.409877732912276 0.9997967610610918 -0.009347598539705548 -0.01786222195837328 233.3363034358104 
-0.017038018581226683 -0.02065571454427971 -0.9996414594140699 -189.69745705706504 0.016944553434071686 0.9996370406441423 -0.020944428403326165 -12.578395703561746 0.9997112523282637 -0.01729532968426439 -0.01668183261416316 232.69080236958985 
-0.015257982239816186 -0.017503063823745797 -0.9997303820204485 -189.3363023049715 0.021970409997765377 0.9995995073448017 -0.017836087030536803 -10.80987475684084 0.9996421835149313 -0.022236629079351564 -0.014867322041571568 232.12556545051729 
-0.0137951784407362 -0.01679702041541607 -0.9997637486711309 -189.0104481381604 0.023282635970818116 0.99958240655813 -0.017115237705287785 -10.35904006851131 0.999633738883417 -0.023513243175331263 -0.013398338752963767 231.4645035664236 
-0.013045028046807853 -0.017175656194299976 -0.999767384983904 -188.83012321798697 0.021411699478397616 0.9996184022613337 -0.017452477931396797 -10.849150111811117 0.9996856337712897 -0.021634386859680343 -0.012672290104828017 230.63447450302058 
-0.012691953275489713 -0.016390415474020564 -0.9997851112127255 -188.7636254529521 0.01928200412064707 0.9996757145648124 -0.016633400927716514 -11.178309009628308 0.9997335238147933 -0.019488970981552535 -0.01237179740118963 229.7267327525062 
-0.013687851586132865 -0.016186697373292782 -0.9997752915266027 -188.9993031312597 0.019591128007464858 0.9996726854534671 -0.016453256870587425 -11.058943898966247 0.9997143744201897 -0.01981193545315146 -0.013366255692939878 228.59725008755208 
-0.016065808702904714 -0.017623129571618167 -0.9997156171105986 -189.5211259294091 0.020856766854995483 0.9996212054100807 -0.017956641413501808 -11.033090057194176 0.9996533824616801 -0.021139323513269907 -0.015692161556755044 227.228597806874 
-0.018826525352020784 -0.017146599534983153 -0.9996757254567888 -190.1588385187707 0.021307003167399172 0.9996189864902116 -0.0175468932950283 -10.84093737564555 0.9995957050523947 -0.021630440880148472 -0.018454009540917603 225.76385284664258 
-0.021560853523860057 -0.015695129632679883 -0.999644333001062 -190.80463874185708 0.0190726138265099 0.9996883483712435 -0.016107188848516026 -11.07275900405268 0.9995855966334989 -0.019413115066632573 -0.021254786902301117 224.27632667060004 
-0.024420879326588464 -0.015621476930275904 -0.9995797067325011 -191.44810044741763 0.0182433165278298 0.9997044385307214 -0.016069131402788393 -11.238946878940546 0.9995352930512166 -0.018628071303586766 -0.024128673907342763 222.7862342937583 
-0.027317580134581805 -0.01760355157924457 -0.9994717928923192 -192.06618450372738 0.02196089540714697 0.9995930489191329 -0.01820592281284612 -10.777287703429765 0.9993855456671896 -0.02244663726146583 -0.02691987346079359 221.35203716047602 
-0.0291382367132158 -0.013921862027524016 -0.9994784364451951 -192.53666418900173 0.02624273115140325 0.9995476901440357 -0.01468789261389104 -9.149951824902063 0.9992308453120129 -0.026657023191057665 -0.028759709519250113 220.1009809669756 
-0.02990686361032553 -0.013245460881073466 -0.9994649254851531 -192.72644124991734 0.022928420818564096 0.9996400026583931 -0.013933865360837128 -9.748494333228614 0.999289681237508 -0.023332870615829424 -0.029592399717913193 218.98624079441453 
-0.030493277629436134 -0.01437609341483044 -0.9994315824295043 -192.84710748881173 0.018256864553364244 0.9997217433375477 -0.014937295431705848 -10.966365093315737 0.999368223887519 -0.018701974127402012 -0.030222330281494996 217.89637348891637 
-0.030467452688235152 -0.01194078319144616 -0.9994644325955104 -192.8903341810223 0.01640132341414623 0.9997880415021516 -0.01244462372094906 -10.903669088369021 0.9994011861694756 -0.01677169538437653 -0.030265150205789317 216.9456916915256 
-0.03035045612061951 -0.010890462469766264 -0.9994799886143125 -192.88841156343508 0.0210457950681252 0.9997120014373828 -0.011532072320875168 -9.690816434625052 0.999317729415035 -0.02138485467002351 -0.03011251679154643 216.09365115722176 
-0.029083042912837056 -0.009338705919042732 -0.9995333737233032 -192.6445960719143 0.024579881554405977 0.99964730138453 -0.010054961829835287 -8.626866203361015 0.9992747400178302 -0.02486084082217919 -0.02884324107850688 215.44328926871242 
-0.025838565173883284 -0.004570499460794413 -0.9996556802641771 -192.02495863160132 0.02568576421010594 0.9996563621675745 -0.005234414469057864 -7.47965957772438 0.9993360846415472 -0.025812169853964544 -0.025712289293881866 215.12619563460322 
-0.021709227193980035 -0.0009374201749372225 -0.9997638874744665 -191.1962426103428 0.023198623658364087 0.9997298370063302 -0.0014411313794534379 -7.306598986237903 0.9994951392152926 -0.02322443202127651 -0.0216816153063233 214.9574031436316 
-0.017321732597896915 0.0033640990043887777 -0.9998443080888628 -190.31920786882895 0.023481966504089694 0.9997198878569034 0.002956868695288323 -6.411230879690148 0.9995741867559943 -0.023427092462980362 -0.01739587623039456 214.85892507546845 
-0.012981815747088355 -0.00024528224949794557 -0.9999157025952377 -189.34573252801678 0.025807674168582692 0.9996667580895391 -0.0005802798981796703 -6.554828930171748 0.9995826311085633 -0.025813031735347602 -0.012971159497633509 214.79078572400363 
-0.009986724010678693 -0.0062955163982963665 -0.9999303134803011 -188.6228403381013 0.02833052898194152 0.9995769776189402 -0.006576240703306316 -7.117163249007174 0.9995487214093856 -0.0283942298269073 -0.00980414409313085 214.48422141146318 
-0.007928028743600563 -0.006611835405117842 -0.9999467135766867 -188.181039455215 0.02413348137341104 0.9996856082558718 -0.006801450057611684 -8.059167512213733 0.9996773086536674 -0.024186117478061677 -0.007765969630223213 213.90429119927785 
-0.007376981716637361 -0.006346808563960236 -0.9999526479597951 -188.07302012737648 0.019426674015733 0.9997902259910267 -0.006489094659384282 -9.000474562394201 0.9997840689256048 -0.019473624055743585 -0.007252136836596472 213.0295178350397 
-0.0074428710145096125 -0.009112704837665292 -0.9999307787450107 -188.05170233272477 0.01573612303903981 0.9998335866180745 -0.009228949135124388 -10.285138660740992 0.9998484775718582 -0.01580372364286667 -0.00729823377662924 212.04987850404586 
-0.006143373161574957 -0.006155675357268802 -0.9999621825984697 -187.8252697411477 0.020466111576319616 0.9997708222135006 -0.006280233075892067 -8.713613997859728 0.9997716725548605 -0.020503919416487514 -0.0060159824982228965 211.3921301274872 
-0.0049451481357598226 0.00039061307468121515 -0.9999876963899811 -187.6695809466095 0.02955066974178015 0.9995632537408272 0.0002443130424301764 -5.561269397844115 0.9995510509362324 -0.02954909799767782 -0.004954531238777507 210.71556124488973 
-0.004256957161894209 0.0034952661959025016 -0.9999848305999154 -187.5732394715052 0.0332714646292308 0.9994407313929257 0.003351727047294038 -4.191222076159837 0.9994372856548567 -0.03325669176261394 -0.004370869004999004 209.8994620396071 
-0.005042097324921654 0.0014046258594318823 -0.9999863020465637 -187.7172333933869 0.028347446573871584 0.9995973348209253 0.0012611469561021672 -5.6067054275641866 0.9995854138228045 -0.028340699446174906 -0.005079884604406202 208.7834669019526 
-0.005251560865004072 -0.0008698062354172521 -0.9999858321724335 -187.7355597463728 0.020271025457020864 0.999794045173603 -0.0009760954477609759 -7.700079706092518 0.9997807292778761 -0.020275864285281404 -0.005232847416357316 207.73798443147226 
-0.00578674518197701 -0.0018023697465949255 -0.9999816323530629 -187.8393518105106 0.016801134280770777 0.9998570469208123 -0.0018993708621144751 -8.581042735100201 0.9998421052681659 -0.016811816858653635 -0.005755636092798927 206.65006720771277 
-0.0075277959970824326 0.00013681971484632487 -0.9999716563822156 -188.22893240117298 0.01695776876258373 0.9998562066592133 9.145676493333471e-06 -8.178780747537544 0.9998278683683615 -0.01695721927128025 -0.0075290337072341845 205.3551548320813 
-0.01028955131402309 0.0014288347533183844 -0.9999460403266793 -188.8181928858137 0.020608613314586268 0.999786879830695 0.0012165424998381723 -7.189922280606701 0.9997346698954709 -0.020594983604066426 -0.010316804706026821 203.8989582618056 
-0.013195916208321948 0.003569024972628126 -0.99990656056262 -189.4441552495976 0.02344891601918826 0.9997197246795008 0.0032588992417562092 -6.214729891442277 0.9996379425236656 -0.02340372080434274 -0.013275907485531157 202.39410214790584 
-0.01594850323634856 0.004502884394098613 -0.9998626752092785 -190.01461954203847 0.021716341059098185 0.9997555341692665 0.004156011180427173 -6.396853127614473 0.9996369569876484 -0.021647076709345993 -0.016042390545508177 200.88099425920825 
-0.018935297465708833 0.007654941959438572 -0.9997914064311033 -190.646766182403 0.015969309681147778 0.9998454459953178 0.0073529089978978885 -6.962149034399241 0.9996931707570044 -0.015826749066735337 -0.019054615078397508 199.2840044727593 
-0.021395656728366724 0.0076169382150114385 -0.9997420707989594 -191.13338733942308 0.011445044977649883 0.9999073186978328 0.00737325979268378 -7.865913836176271 0.9997055750662902 -0.011284337230849727 -0.021480849951503504 197.79329875409002 
-0.02318190815288722 0.007196332962254934 -0.999705362557533 -191.47727109870553 0.013271933208932149 0.9998881863539748 0.006889889596817068 -7.576215728395422 0.9996431637956057 -0.013108302012657544 -0.023274825349639365 196.49272992038158 
-0.022909828302309282 0.004548365634601662 -0.9997271888556467 -191.38992568807538 0.01540628271481554 0.9998725119959643 0.0041959751895648085 -7.635546046545244 0.9996188204611143 -0.015305950638044593 -0.0229769809808835 195.59324428775813 
-0.021979459826599438 0.007609985871202463 -0.9997294591342059 -191.2396354368815 0.017494112220544904 0.9998208539544775 0.007226066381828609 -6.637288037699394 0.9996053518180794 -0.017330554312534944 -0.022108652240116725 194.79975964484 
-0.019982084915196156 0.008916602364225005 -0.9997605765805736 -190.8628027294372 0.015896504813939834 0.9998366610152053 0.008599559562355792 -6.682232622261871 0.9996739555560816 -0.015720861688992463 -0.020120563874139314 194.18389459593405 
-0.01722745185577846 0.007128511734217447 -0.9998261845055929 -190.30495643627097 0.015908627177654434 0.999849953979434 0.006854568450808581 -6.991647995520597 0.9997250274369843 -0.015787775263778146 -0.017338271780694525 193.73731809508536 
-0.013386201855585004 0.0056284047329811125 -0.9998945597712012 -189.54009578771064 0.011954385394364022 0.9999135905131732 0.005468471166318775 -8.012391080984823 0.9998389381644047 -0.011879922862358993 -0.0134523292800859 193.45648169526845 
-0.0103356903036948 0.005452370329298069 -0.9999317202508072 -188.94461426978685 0.009424756377629752 0.9999412472223402 0.005355004262637184 -8.510173976900141 0.999902168951127 -0.009368765191994371 -0.010386470315214988 193.02970428140864 
-0.00907040850159367 0.004984777832385788 -0.9999464384053666 -188.6934392563216 0.01072169940879518 0.9999305766198027 0.004887443358049745 -8.327227829492962 0.9999013815629029 -0.010676794029692028 -0.009123224092714469 192.3013887338393 
-0.008324154366135459 0.005039178998677 -0.9999526564438481 -188.54726529176244 0.01763668473109516 0.9998324950084176 0.004891756017958287 -6.973862510817633 0.9998098098167395 -0.017595130015506368 -0.008411634440031977 191.5228571024505 
-0.0070820777212109816 0.00597150511045567 -0.9999570917303737 -188.32031305698283 0.02356543329300379 0.9997054537959246 0.005803102997285451 -5.650841667444606 0.9996972114239709 -0.023523324114587567 -0.007220712827440799 190.81303091907455 
-0.004753200208042544 0.002757954843252264 -0.9999849002724315 -187.8374327367718 0.024072277627926332 0.9997067276156508 0.0026427655612701177 -6.136528368897573 0.9996989209444941 -0.024059352549276852 -0.004818196480356584 190.2741436613655 
-0.0033158822361395324 0.0039047073994016713 -0.999986879006481 -187.5760906793888 0.01919234322041472 0.9998084344104106 0.003840370231344681 -6.835797978221988 0.9998103114524808 -0.019179357182373208 -0.003390187511788888 189.51365713323003 
-0.001662342283950212 -0.002416902473928719 -0.999995697591026 -187.18362903057636 0.012726670407515295 0.999916040809978 -0.002437866123804291 -9.224037664149797 0.999917630846896 -0.01273066822011516 -0.0016314435938460327 188.78920478935086 
0.00015497555243185692 -0.005574096558128508 -0.9999844525942093 -186.80088216820465 0.01377988070723249 0.9998895309156 -0.005571431869473037 -9.598388748808109 0.9999050409265233 -0.013778803030103598 0.0002317688180459908 188.16116061723275 
0.0024724684935524795 -0.002818381631448253 -0.9999929717875664 -186.402711066839 0.020360618505371127 0.9997888708878828 -0.002767465051605742 -7.830729522960126 0.9997896439319758 -0.020353632936471862 0.0025293304766749636 187.64983138645613 
0.004536614973581659 -0.0009032605699399654 -0.9999893015652339 -186.04410554867025 0.03323490520870275 0.9994472850424307 -0.0007519954008710137 -5.041672080454047 0.9994372717686439 -0.033231138133642334 0.004564127298049423 187.1267610810351 
0.007150496843495807 0.0021053377440573983 -0.9999722185880348 -185.59665786514782 0.04427312762910126 0.999016533501276 0.002419909302778197 -2.391944531374292 0.9989938741377896 -0.04428920121293514 0.0070502546827556556 186.64374479269887 
0.009369288143080677 0.005789483396413562 -0.999939347321474 -185.23115933942677 0.04420779736175435 0.9990031290908429 0.00619828356298998 -1.6937577350277966 0.9989784217349812 -0.044263189545126806 0.009104007863473108 186.02812160011595 
0.010850799253891348 0.006990659688254665 -0.9999166919462222 -184.97406685766396 0.03282562490542034 0.9994341155673736 0.007343499821673316 -3.561134791062849 0.9994021905645 -0.032902573108881804 0.01061518618274358 185.24678827549184 
0.01125292737298382 0.00553244291108751 -0.9999213787598374 -184.8875327518298 0.02081788304126176 0.9997666580351343 0.005765867405556468 -6.037786855028209 0.9997199544728609 -0.020881129200636162 0.011135127843344372 184.25430225330774 
0.010914358260689832 0.00463885535850743 -0.999929676429659 -184.94170266825583 0.013318412553356935 0.9998998611749519 0.004784089189285609 -7.567318155675881 0.9998517373445013 -0.013369691218398042 0.010851483120237359 183.13258093925123 
0.010025292009523871 0.0036429822369142243 -0.9999431094820073 -185.09640286200442 0.013385976960735554 0.9999032701049375 0.003777043057424632 -7.726149140585888 0.9998601447907254 -0.013423081385155383 0.009975557387787805 181.9706782737758 
0.008645871768174634 0.003925402696265748 -0.9999549190413738 -185.3527992477282 0.01878153066411935 0.9998152572043315 0.00408724446902813 -6.684567478728313 0.9997862286545465 -0.018816021766277263 0.008570549434543957 180.76028275964035 
0.006992047751636219 0.007590722243122587 -0.9999467446839693 -185.69539724507771 0.023817500540920012 0.9996862418759828 0.007755286703702355 -5.086763823389731 0.9996918714965237 -0.02387045746736148 0.006809061908718755 179.47682141257454 
0.005245030520150879 0.009088107013255763 -0.9999449464674334 -186.02987426753623 0.02562573436696201 0.9996290910956015 0.009219651486679732 -4.477966263863427 0.999657847162216 -0.0256726809331933 0.005010195675406502 178.16283742933572 
0.003425747477462493 0.012215189271587549 -0.9999195234644037 -186.38840435404887 0.029818521890880367 0.9994795000787072 0.012311972817600875 -3.1455086247651645 0.9995494585094143 -0.029858299909364918 0.003059725487473687 176.8363972040587 
0.001782412265484239 0.015072782575404594 -0.9998848104816636 -186.71053146080507 0.030434759989828666 0.9994223876866525 0.015120065313135983 -2.49986134465693 0.9995351661601894 -0.030458204414354137 0.001322646202150651 175.52950397017324 
0.00015480295781354237 0.016120787546992154 -0.9998700396776121 -187.00948116521556 0.027661119214700467 0.9994873903774242 0.01611890071677641 -2.7853602989201645 0.9996173460478937 -0.027660019620238226 -0.00029119542184481093 174.22758902055446 
-0.0014258173575071075 0.01683351411147901 -0.9998572897406525 -187.29597453203579 0.023286360634171176 0.9995877387940875 0.016795769138035665 -3.4032500519231403 0.9997278191854412 -0.023259089732436185 -0.0018172208286644676 172.92830773614386 
-0.002973935058998304 0.016488010717548626 -0.9998596407560629 -187.56494005674725 0.022419746957367023 0.9996138394844793 0.016417273143385237 -3.6061227424685276 0.9997442226172814 -0.02236777623446073 -0.0033424436708208716 171.65844239992788 
-0.004791174479125705 0.015000289758932393 -0.9998760102904055 -187.86730884005178 0.023774384004279555 0.9996065701220636 0.014882326230172424 -3.6448572717591365 0.9997058683994644 -0.02370013240368694 -0.005145912136839805 170.35878204524164 
-0.00615683217233371 0.013284045149495778 -0.9998928080359757 -188.08691746977587 0.025259650901984374 0.999594766012153 0.013124549417798656 -3.706750965318348 0.9996619645929877 -0.02517613762229096 -0.006489887557722796 169.15076918643564 
-0.007247973590021741 0.01469512731497225 -0.9998657510446269 -188.2882950266818 0.024347809076479997 0.9995981731246467 0.014514698723860145 -3.5881302672551607 0.9996772734597972 -0.024239338255528795 -0.0076028553136612605 167.97679304243704 
-0.008199770419430463 0.015571559380861124 -0.9998451331598897 -188.46166152161592 0.021816914673632348 0.9996435292538361 0.015389498206843539 -3.836872782238283 0.999728356104393 -0.021687345604829555 -0.00853657082349868 166.82760368153856 
-0.009332358940298584 0.0161336517050077 -0.999826291092243 -188.66066221667992 0.019650140625233205 0.9996797173776073 0.015947872498701256 -4.079829391151694 0.9997633615261248 -0.01949789595027624 -0.009646398472706284 165.65540547420335 
-0.009582558912344915 0.022945595695698633 -0.9996907892958009 -188.76093034127518 0.015896907169647107 0.9996138445294296 0.022791449439048508 -3.410846077912656 0.9998277166127826 -0.015673591268839607 -0.009943622559525911 164.6334550037847 
-0.009222784381552428 0.027179868549888297 -0.9995880126301347 -188.73891630750143 0.013041128703754444 0.999548782100546 0.027058476739231275 -3.0690383649694057 0.9998724264676886 -0.012786201426780837 -0.009573079060067208 163.7580610854257 
-0.009125271096687934 0.025570186831753754 -0.9996313795458815 -188.71813634637482 0.01527120718847636 0.9995599824257861 0.025428955227626716 -2.9844918173240482 0.9998417473072521 -0.015033531798990106 -0.009511743437991996 162.88304422531837 
-0.008968226904428198 0.03357589146078854 -0.999395932760788 -188.74523822571746 0.0191162338764519 0.999259238563259 0.0333997567110546 -0.8467310832152526 0.9997770453999089 -0.018805149789092583 -0.009603428181556508 162.00312914644584 
-0.008629808415448682 0.03970640892001332 -0.9991741227120476 -188.7284803492501 0.020577180169787396 0.9990068009497965 0.03952203578151696 0.5478213296545507 0.9997510220364735 -0.02021911834705241 -0.009438283228169721 161.1637553368345 
-0.009492333832932525 0.028690185666972814 -0.9995432801258781 -188.8181339561392 0.02193091636552841 0.9993538538070954 0.028476477806685725 -1.2846355328401815 0.9997144244761965 -0.02165059184643999 -0.010115402459938827 160.1775807632385 
-0.01188761108416807 0.017707346111190916 -0.9997725414295049 -189.12445396338074 0.027086094397522235 0.9994820029851266 0.017380138064135967 -2.51216790613581 0.9995624183576531 -0.026873325111315006 -0.012361076185410139 158.93549600283092 
-0.014330227486645992 0.019336575130662212 -0.9997103287664871 -189.52711078417957 0.03439157532324109 0.9992309482299491 0.018834320966311584 -1.0564324277764285 0.9993056910310114 -0.03411171296919072 -0.014984222079932162 157.6383512590815 
-0.019419278139799052 0.018736527377348093 -0.9996358507868591 -190.3258553754875 0.03082298411384591 0.9993603719286153 0.01813258583373519 -1.751480997089097 0.9993361973264286 -0.030459638220735115 -0.019984372710075745 155.83430555625858 
-0.02424464293448868 0.012035480582448257 -0.9996336051254628 -191.02119823315664 0.02417398758711381 0.9996422021510443 0.011449279573385124 -4.047670768339399 0.9994137359537928 -0.023887546666851073 -0.024526913811603348 154.104937226399 
-0.028452744092446816 0.009079931904572156 -0.9995538985918766 -191.64157632004566 0.02065029886578556 0.9997506783329276 0.00849389955230257 -5.143422013642275 0.9993818121770899 -0.020399411988074698 -0.028633153514367623 152.48857155999 
-0.03156862649272302 0.00913033617878869 -0.9994598835284113 -192.12139337905253 0.019504353412522095 0.9997734935865127 0.008517142700287956 -5.306255896162654 0.999311263830906 -0.019224944293286063 -0.03173955729996403 151.09274647467925 
-0.03464629731654696 0.011280804316731076 -0.9993359682990609 -192.61140288851445 0.019363448076897737 0.9997561677719096 0.010614230099200818 -4.92349242616374 0.9992120350360213 -0.018982846361731864 -0.034856284701330176 149.72020978274622 
-0.03801638332805298 0.0122348841906937 -0.999202212871597 -193.12873791991072 0.018869893838076714 0.9997555355925939 0.01152372155620095 -4.815519450051543 0.9990989348934342 -0.018416749463612096 -0.03823796064123083 148.3080854173666 
-0.04153541982651466 0.011592197767101648 -0.9990697822728722 -193.64897611596245 0.018047295724718766 0.9997782604408861 0.01085011828599097 -5.0557141318600705 0.9989740256967944 -0.017579843592133163 -0.041735417602037354 146.89051748990022 
-0.04505622605289208 0.011126446850201638 -0.998922488822011 -194.16425994391503 0.017873431769852385 0.999786894125971 0.010329896936273427 -5.169012198054865 0.9988245476211726 -0.01738874677586757 -0.04524549209507692 145.4941534616691 
-0.04811485137336727 0.011711004892012215 -0.9987731541454936 -194.61756536951887 0.017822333771517554 0.9997821423689236 0.010864263396195454 -5.065002197072994 0.9986827952339299 -0.017277736096623284 -0.04831308662381316 144.20387689868534 
-0.049739308929561216 0.014122058781407272 -0.9986623897008367 -194.8781423824618 0.017589105517953476 0.9997573485418054 0.013261500810164872 -4.638409285584394 0.9986073425097013 -0.01690596026359316 -0.049975633995757086 143.20570435340636 
-0.05043543240568672 0.016854070059500834 -0.9985851027731597 -195.00599972312483 0.017727208770272042 0.9997151874720699 0.01597779731063228 -4.095446251237018 0.9985699841409549 -0.016896279475491393 -0.05071984338125987 142.40900020281697 
-0.05039093714411631 0.018823748935369887 -0.9985521618472198 -195.02020570758765 0.019175705813859488 0.9996562956645562 0.017876880174059705 -3.5087698735814663 0.9985454650441703 -0.018247109750191916 -0.050734576232451756 141.7881037023166 
-0.04920716068585947 0.02048908488281472 -0.9985784159183004 -194.8687710647552 0.019866783809561875 0.9996118440965682 0.019531309298726672 -3.0839858684053434 0.9985909904652152 -0.018877461230875858 -0.04959511285577102 141.40823936819584 
-0.04631469457010662 0.023617139014387886 -0.9986476755150706 -194.48410536292891 0.020712774955952574 0.9995282478988731 0.022677358881319665 -2.3562804781913895 0.9987121357130401 -0.01963446961298396 -0.046782022001138956 141.37388964779004 
-0.0413779406442486 0.026645686426984734 -0.9987882024848297 -193.80587236096505 0.02171258753036018 0.9994322453418024 0.025763356027146574 -1.6171434932000972 0.9989076181363209 -0.020620241654255064 -0.04193299492455392 141.75828332888818 
-0.0346862291132821 0.027529083876646387 -0.9990190263707767 -192.85999819167543 0.021488470794140523 0.9994099956617057 0.026793771559797574 -1.4481573339038567 0.9991672087958202 -0.020538016271827008 -0.03525732200249923 142.50539755250085 
-0.026364620075745266 0.02672149070891779 -0.999295185989884 -191.6619462263471 0.020539732919435918 0.9994461152503412 0.026183622411758926 -1.6962855790316715 0.9994413570489566 -0.01983493497081778 -0.02689886939712541 143.58692162595742 
-0.01591221924629914 0.02602674932085852 -0.9995345964990138 -190.1447300964076 0.020156320736845413 0.999466368823172 0.02570409161545329 -1.8363160166315926 0.9996702076250003 -0.019737930773295987 -0.016428331497065848 145.0901947263936 
-0.0022608519253488014 0.026882312520723095 -0.9996360486807742 -188.15040835502225 0.02027195830066047 0.9994344115144072 0.02683104149128732 -1.5994340461836916 0.9997919464844814 -0.020203919282878985 -0.002804530331977866 147.19955941874036 
0.014881273997101771 0.029727118340886455 -0.9994472703046268 -185.6105526263993 0.021724276512818073 0.9993123933095718 0.03004657031826295 -0.7729572689714601 0.9996532416264238 -0.022159400105658207 0.014225241394772293 149.93516025410992 
0.03621983354334759 0.030104934498541597 -0.9988902925631686 -182.36532456330346 0.023989382245617225 0.999231921978038 0.030985087373634125 -0.2560755783913131 0.999055870908913 -0.0250850357567331 0.035469815104078574 153.41305197733703 
0.062036591385458584 0.02871310099812904 -0.9976607735900743 -178.32386168157072 0.025130778982373807 0.9992242461741928 0.03032078174052347 -0.20836159715013736 0.9977574380965607 -0.026952990347801447 0.06126688366726892 157.63852505478164 
0.09307502197799164 0.026644933884918735 -0.9953025106881153 -173.30090322913117 0.025256776241974435 0.9992569978790932 0.02911266809355549 -0.4143271014622085 0.9953387039282962 -0.027847795028171054 0.09233290190614463 162.6683822543435 
0.13057295898471993 0.025619489363492804 -0.9911076349956798 -167.02151388879864 0.02433865901465149 0.9992819753977119 0.02903727471055148 -0.5608557630513653 0.9911399154808281 -0.02791371365478719 0.12985566037202761 168.66006937106454 
0.17215831908234733 0.024250463409099376 -0.9847707490554263 -159.7453738176498 0.022967507043234046 0.999326350412976 0.0286240980731314 -0.8346256465370541 0.9848015062899526 -0.027545605724420035 0.1714853720126444 175.0875916943266 
0.2163441347318337 0.02042534401064324 -0.9761034887188865 -151.65553491861618 0.02205432668124791 0.9994237795577569 0.025801463701237686 -1.4931549348321536 0.9760680417070171 -0.02710930055417128 0.21576900560945397 181.69307237268197 
0.26210283975981225 0.013326135037710643 -0.9649479340953061 -142.85218667062793 0.022598484788496357 0.999545704896885 0.019942224235336387 -2.508939326061715 0.9647753157471978 -0.027033274813552728 0.2616826172632577 188.24215182106462 
0.3081930285464592 0.0047446349227816395 -0.9513120127459824 -133.5241872403368 0.025540822712215396 0.9995858367430537 0.013259764623557532 -3.3282971598398015 0.9509809270067114 -0.02838385847869381 0.30794420443859105 194.4812636181472 
0.35359636679912065 -0.0014322751759067059 -0.9353970055405799 -123.92789424469643 0.028094063652680676 0.9995639570556091 0.009089518293759745 -3.7383499417674297 0.9349761135846958 -0.029493123658811977 0.3534824220281753 200.29359301812295 
0.39983440378916607 -0.0037918939610418036 -0.9165795497864607 -113.7367418864299 0.030157718412454602 0.9995044477989479 0.009020579264907498 -3.4530027166632484 0.9160911316930845 -0.03124868589729177 0.3997506198406389 205.81409019564248 
0.44590723389232784 -0.00507882768649669 -0.8950647709924826 -103.09619028825932 0.030785882651907834 0.999479265852122 0.009665741619082695 -3.243437973483679 0.8945495895655178 -0.03186538311451511 0.44583139096201974 210.8704089793338 
0.49165718371564243 -0.007129575418467928 -0.870759658490882 -91.99898447609114 0.030115033573776814 0.9995075238147205 0.008820124183672253 -3.499238373033318 0.8702679463554045 -0.030559433766309294 0.491629761664435 215.50357524816303 
0.5372752571831947 -0.0101751757254064 -0.8433455779321373 -80.34303406718426 0.02813693229366937 0.9995868714887262 0.00586509918786611 -4.3335211663275635 0.8429374894141526 -0.026880330101008206 0.537339591686512 219.65487879156836 
0.5831552428456037 -0.010897055417487261 -0.8122876442030342 -68.01959158652502 0.024336076615894542 0.9996955891316394 0.004060104147837683 -5.212238217683373 0.8119961318360019 -0.02213556536378083 0.5832429156272674 223.26047643746432 
0.6287258309461511 -0.008975497134100962 -0.777575250347044 -55.119976382576226 0.01934830274183572 0.9998043817484187 0.004103829634867625 -5.913610082505771 0.7773863085249714 -0.017624945045517284 0.6287765013341866 226.30569922599457 
0.6730456971082106 -0.008579527876527668 -0.7395511350174101 -41.79301092895413 0.018033687374274247 0.9998257953835348 0.004813003778300826 -5.971922498504374 0.7393810084954914 -0.016576205449344662 0.6730831699642258 228.66724587482986 
0.7157495683896531 -0.011153178858060836 -0.6982679728810322 -28.089147930854622 0.02039110325046279 0.9997799125104853 0.004932489103532723 -5.62168492882683 0.6980592799026845 -0.017768881278449142 0.7158194664856907 230.23749840968048 
0.7565478308582883 -0.014532624392516522 -0.6537768598320729 -14.075784993078159 0.02263614606217756 0.9997358807570115 0.003971601497543479 -5.4875128003502365 0.6535464669899688 -0.01780369498923043 0.7566769746263329 231.0194765000605 
0.7941651261359277 -0.01867832829362961 -0.6074149096636192 -0.17965105710894136 0.026334150994537658 0.9996463821488348 0.0036909549095298032 -5.024318661328854 0.6071311760409804 -0.01892698361870435 0.7943761730881622 230.9404445598543 
0.828282836278287 -0.019034001977995776 -0.5599868301089754 13.332404047952934 0.028364980442671925 0.9995657823986066 0.007979632970748487 -3.956754815818778 0.5595917896210445 -0.022493408513666647 0.8284630803856948 229.99008042359475 
0.8585756286420512 -0.01880602445357954 -0.5123419008300594 26.34099488024556 0.029155762342986852 0.9995007776847267 0.012171151540708943 -3.0859087716913773 0.511857237346612 -0.025387572784317684 0.8586953125084681 228.32826545079575 
0.8858882356400406 -0.020401885907076124 -0.4634498861862097 39.121297791006754 0.029219058687660275 0.9995027577954795 0.011852584892675277 -3.1424617880954195 0.462977624258433 -0.024041634941610355 0.8860438585224503 225.8966852485048 
0.9101879771722985 -0.02369379787183357 -0.41351717032477614 51.663530393589454 0.02956160554872367 0.9995325554960528 0.007796279940650301 -3.8380753523257654 0.4131391505151529 -0.019320311745415507 0.9104629415114485 222.7760536805182 
0.9314611791568671 -0.0300087192038477 -0.3626010872783532 63.9659297850652 0.03347118328706313 0.9994343365915613 0.003269056614751912 -4.122702018761446 0.3622978769094053 -0.015181686781489876 0.931938712992119 218.96730550203506 
0.9493467238917194 -0.03759248104647792 -0.3119737219780379 75.69647831741693 0.03959651617074207 0.9992157464496242 8.918666063748516e-05 -3.8476387456732453 0.3117257027311022 -0.012437741591241946 0.9500907266366251 214.54970153220913 
0.963382370724923 -0.04356181685135441 -0.2645690380392906 86.27745359508414 0.04375912442051777 0.9990288325653155 -0.005150799271323809 -4.212044423479412 0.2645364753798161 -0.0066151202402425545 0.9643529921029086 209.87830835706444 
0.9737935324060647 -0.044963238276583106 -0.22294497852116438 95.23953339913514 0.04369743539605876 0.9989884679780756 -0.01061013603236841 -5.196705188257359 0.22319652861083258 0.0005899580504642063 0.974773287265082 205.2938670644341 
0.9811930701984005 -0.045443292759839514 -0.18760348114515496 102.59705350879955 0.0441808772597046 0.9989640040553044 -0.0109072767617522 -5.17404552723575 0.18790478727057416 0.0024136579993990744 0.9821842826964107 201.02923998293124 
0.986279466970372 -0.048405819838878594 -0.1578280381882925 108.65384377777715 0.04799257659426585 0.9988269912981006 -0.006430711175961849 -3.8396954693269914 0.15795418837271322 -0.0012320958206069863 0.9874456725893365 197.1743073633398 
0.9896313155033463 -0.05266984627996841 -0.13362539679252797 113.46533694532454 0.053077983506203956 0.9985902407937286 -0.0005085847406550149 -2.0826705764006586 0.1334638042393189 -0.006589255221024629 0.9910317828776235 193.77446163717815 
0.9918738872808943 -0.055982553129254396 -0.11424598669283204 117.24562728665182 0.057078470808846093 0.9983495549674873 0.0063414719383752625 -0.3237816506522564 0.11370241818190181 -0.012810926639073836 0.9934322524753447 190.8274418544397 
0.9935277167236628 -0.05635690717199873 -0.09862340044772126 120.22101086885662 0.05727939319586069 0.9983367335544937 0.006545040172445162 -0.2619025178081338 0.09809050523357896 -0.012151767350952362 0.9951033048549633 188.2434468604047 
0.994580536689679 -0.05481263082766189 -0.08834665551010172 122.14695637470288 0.05499421877232354 0.998486600879918 -0.00037916340802115795 -1.7845561902362044 0.08823373470329755 -0.0044814467550832165 0.9960897171918254 186.25976863819702 
0.995177778361856 -0.05382083651922933 -0.08200309147301936 123.31739378266111 0.053491815841321025 0.9985490055460028 -0.006205575000672974 -2.9964464918491083 0.08221809467969972 0.0017891560751337526 0.9966127552002235 184.7291705325801 
0.9956687250181195 -0.05217140688295262 -0.07695410531379149 124.24311871612703 0.051726324760272425 0.9986310932901528 -0.007767035528997023 -3.499750792498852 0.07725397949353469 0.0037528413192293598 0.997004382555285 183.35721757886952 
0.9960918623500865 -0.04981746389391489 -0.07293299699802966 124.96293545944135 0.04958299974895445 0.9987573761238763 -0.0050229248498048955 -3.3134612728364132 0.07309259809194914 0.001387057796242522 0.9973241941188634 182.11632546317205 
0.9964916042429314 -0.04745057110582482 -0.0689414677467793 125.67417761191639 0.04789379566151068 0.9988409510565361 0.004789449823104517 -1.8517765296908977 0.06863429908203691 -0.008074515106535573 0.9976092096584273 180.89183085364573 
0.9966638144529085 -0.04792055453424967 -0.06606709781205691 126.18409852299226 0.04885646188559098 0.9987260421051657 0.01262295341718923 -0.37315325762060625 0.06537803218359815 -0.015808645548583865 0.9977353354641301 179.77498278850538 
0.9968871157035453 -0.04608315141383838 -0.0639720384233364 126.54343464498243 0.04714098452271668 0.99877372383521 0.015125348081178382 -0.18309546618310124 0.06319656733159291 -0.018093969495859497 0.9978370619221293 178.73398319861445 
0.9971270146351129 -0.04378951226596311 -0.06180772848419971 126.91117957646844 0.044528803343907394 0.9989515003969277 0.010634167926411484 -1.3046893533880626 0.06127725807856514 -0.013355840304398011 0.9980314219362724 177.66681751921226 
0.997276483077889 -0.04315005661348856 -0.059813785317856916 127.25129426653515 0.04324931257802979 0.9990642439776488 0.00036519432920552726 -3.204259736758916 0.059742056052045876 -0.0029511048139576226 0.9982094858891358 176.57895279459711 
0.9974948553747578 -0.04085597029875727 -0.05774775486404966 127.5933290850234 0.04076380971437117 0.999164961107839 -0.002773501747329617 -4.059884084436552 0.05781284734781504 0.0004125352336236535 0.9983273533747438 175.49212952663208 
0.997755894246776 -0.03747158494183994 -0.055489240558524174 127.95407720872238 0.03742852245356367 0.9992976582739446 -0.0018154545311578323 -4.348627435288204 0.05551829610820476 -0.000265499826976375 0.9984576347081953 174.39389815652768 
0.9979806589432502 -0.034860826384788136 -0.05309733664663023 128.34372119584572 0.034969273601535 0.9993877665173124 0.0011144681771828066 -4.192540321152261 0.05302597739765651 -0.0029689929785454484 0.9985887195445962 173.28045568891957 
0.9981344377060666 -0.03328529612346889 -0.051183330559545236 128.63756866704534 0.03347146600035382 0.9994357953323066 0.0027842363885428783 -4.111530463134308 0.05106177855286473 -0.004492223330728058 0.9986853932548356 172.2059463548124 
0.9982459750271981 -0.03223010248767128 -0.04966078770652618 128.88041158086787 0.03242996608720408 0.9994688108358856 0.0032238898685027053 -4.173520210080064 0.049530502133344055 -0.0048287327463503995 0.9987609387128054 171.17193853674925 
0.9982133813330124 -0.03551571368591195 -0.048048719120208624 129.16784165876146 0.03576319568125369 0.9993510390491042 0.0043005332390928025 -3.5311688433186186 0.0478648008705419 -0.00601122557025978 0.998835735246175 170.1233846366675 
0.9982196056536928 -0.03661323718541079 -0.047085982536119564 129.3480385071545 0.03689587610478624 0.9993058590320949 0.005147274093062857 -3.2340872113871435 0.04686483985939887 -0.006875388493293241 0.9988775779934298 169.14750788318702 
0.9983183188286199 -0.03582559695049076 -0.04557478353584194 129.5872365149852 0.03608869816603071 0.9993362667022254 0.00496305534321602 -3.3672356775536 0.04536672961410076 -0.006599443673500289 0.9989486008735994 168.07769958180268 
0.9984599640099202 -0.0328806354518688 -0.044682928301442645 129.71118355902408 0.032928669002309965 0.9994576467870342 0.0003391705496976897 -4.540316475962721 0.04464754222851275 -0.00180999757093685 0.999001161601801 167.0622584137628 
0.9985533496140135 -0.03139989126072861 -0.043649224545780387 129.8620311489624 0.03125272727723297 0.9995033088856324 -0.004050007951629504 -5.461223007928483 0.043754714173085095 0.002679991695471003 0.9990387092761444 166.01156977565518 
0.998652636822448 -0.03078910841677378 -0.04177250017023357 130.15751034344504 0.03062030116280208 0.9995201552497782 -0.004675083545640995 -5.628884705954304 0.04189639750946719 0.003389697974683614 0.9991162103696295 164.8638868988946 
0.9989074287220491 -0.026153242054282568 -0.038729275412203064 130.6287020933243 0.02610871793299245 0.9996577392728053 -0.001655040748401192 -5.757830348359416 0.038759304583539135 0.0006420607709289537 0.9992483695589236 163.58601828257656 
0.9991775089707127 -0.02187975717664261 -0.03414061793482942 131.3544457585167 0.02189919806466279 0.9997601646797524 0.00019555980638536567 -6.0387030366235255 0.03412815100771611 -0.0009430511144042369 0.9994170200488834 162.10237344777534 
0.9993349497318023 -0.02089749277849902 -0.029882319858214258 132.05003716629233 0.02083051012476934 0.9997797665421246 -0.0025511293413903453 -6.61306579494261 0.02992905097857108 0.0019269687457790028 0.9995501681751525 160.62446693704763 
0.9994418783405938 -0.021740557129534255 -0.02536296502231526 132.77450007452865 0.021595272754611892 0.9997488615832952 -0.005988151430949279 -7.02898700883191 0.025486781155721016 0.005437089166413265 0.9996603733507285 159.09967537991366 
0.999547814720707 -0.02200027944000431 -0.020497653319847882 133.53639375231506 0.021860724987969146 0.9997364655892369 -0.007007715329599577 -7.130138952359665 0.020646423178345013 0.006556452981761619 0.9997653415348221 157.54044848672362 
0.9996882449463982 -0.019769862402415 -0.015250096936747153 134.32957882218642 0.019665488150990347 0.9997823616319443 -0.006964046627873952 -7.402061350696274 0.015384456174134278 0.006661974950532806 0.9998594584230253 155.92951836400985 
0.9997306327174859 -0.020998207648841555 -0.009886216760317524 135.16428694763948 0.020889251820912006 0.99972130061629 -0.010998193144209856 -7.834183564937749 0.010114403821203474 0.010788714919347527 0.9998906452536359 154.2711152200585 
0.9997747643875948 -0.020617717171008028 -0.0050329148994746 135.89941813323958 0.02054018344005621 0.9996765078859497 -0.014999348159265307 -8.465244138067433 0.0053405391092907 0.014892592776623333 0.9998748368282968 152.67517884845597 
0.9997655636558972 -0.021651672951791868 0.00015095096839633424 136.68526827290174 0.021651516868471027 0.9996544202113771 -0.014908117558911865 -8.269734204100166 0.00017188688291973678 0.014907890871771842 0.9998888564458832 151.06856558648073 
0.9996386975503467 -0.026402426311471147 0.005038476427946889 137.43273868991545 0.026431669655422842 0.9996336308411345 -0.005828458681200776 -6.218966989502876 -0.004882745034736532 0.005959528189311162 0.9999703209719213 149.5717211839107 
0.999534659838268 -0.02885619801213692 0.009888559970143481 138.16783858066606 0.028856061308600276 0.9995835649029962 0.00015652978382002712 -4.978495196888942 -0.00988895888115006 0.00012888794852710923 0.9999510947442103 148.04111312714298 
0.9994969134192594 -0.028220169073290672 0.014475569862635715 138.83887949784344 0.028250281690570034 0.9995991133283153 -0.0018799515025114224 -5.3597316750024415 -0.014416714250362974 0.002287944650389324 0.9998934561539549 146.49284015992447 
0.9993336112945029 -0.03156634018909629 0.01832756132587305 139.41703438475466 0.03170104422603291 0.9994721326274825 -0.007106327887910597 -5.645434180473046 -0.018093566040626743 0.007682595143414736 0.99980678163323 145.02680218535156 
0.9990899633925385 -0.03749018101364711 0.02034038780014419 139.73588633510377 0.03774216017578692 0.9992136581117335 -0.012148859544524106 -5.537844356462086 -0.019868930357760245 0.012905493811989915 0.9997192975210129 143.82225874162293 
0.9990146042972322 -0.038940246757918795 0.02129501310815802 139.88115621274238 0.039184731764411916 0.9991693639786814 -0.011186549199329095 -5.185110666766004 -0.020841717717005135 0.012009965398381783 0.9997106499051286 142.80338515938715 
0.998970305378991 -0.04009252906787792 0.021234831855878777 139.87981591273606 0.04029328483238616 0.9991463472677496 -0.009111966798149159 -4.7187167244529995 -0.020851382889925843 0.009958205383286843 0.9997329913417499 141.93157079277609 
0.9988648233134806 -0.04302627087004754 0.020440273039935054 139.7671433604432 0.04320508942581012 0.9990310063216985 -0.008388602718104718 -4.197428284409011 -0.020059536251806485 0.009262203996444797 0.9997558834948117 141.15542579048582 
0.9987039850442359 -0.04694444703306323 0.019661361843060707 139.66557090141166 0.047121018598725625 0.9988520323523093 -0.008615513442679157 -3.680745804451817 -0.01923434072128333 0.009530811005489324 0.9997695753415359 140.37820663115212 
0.9983333319491061 -0.05460505664806813 0.0186774224093269 139.54915494109764 0.05474751069208312 0.9984742540761352 -0.007202362121163956 -2.4200395553420364 -0.01825564001659188 0.008212900557379936 0.9997996198599095 139.6487804065028 
0.9982153631922613 -0.05731156305827734 0.016777169807789614 139.2909872807826 0.05741143333424987 0.9983352736954689 -0.005532505571541132 -1.8066796520471877 -0.016432163869961446 0.006485833424415859 0.9998439468013708 139.04815469433316 
0.998174536165725 -0.05842531846569286 0.015299591907074892 139.09099782712295 0.05843483713925301 0.9982912095269554 -0.000175469992666959 -0.9025055375563671 -0.015263196219979978 0.0010691788399278114 0.9998829389972407 138.40197478746833 
0.9978796898232948 -0.06377830655051424 0.012978915660170932 138.78299959922697 0.06377395142430746 0.9979640881597676 0.0007495753280756791 -0.030975428857961784 -0.013000298377162269 7.973074097211404e-05 0.9999154893715332 137.87336790808232 
0.997861514101502 -0.06431696107503371 0.011650201420176639 138.60183985745732 0.06430752026026036 0.9979294273876046 0.0011835505160200266 0.10960876581061019 -0.011702201204656815 -0.000431823946067843 0.9999314336568513 137.21591706096524 
0.9980034889772545 -0.06242535822221303 0.009597428825233924 138.31799489317154 0.0624374959283272 0.9980484047304506 -0.0009700088676667315 -0.4347867511537493 -0.00951814537749601 0.0015673116574681674 0.9999534731389967 136.66990885653001 
0.9979493449475322 -0.0636386618566347 0.006872091085586665 137.9399047313304 0.06366046135296785 0.9979671028124821 -0.0030012271470283877 -0.5226216943907249 -0.006667126751382424 0.0034325531543838543 0.9999718831045817 136.2209013530177 
0.9977830323807736 -0.06643050105296115 0.004001102708099319 137.54381947714285 0.06644494950352876 0.9977836222086697 -0.003593318469186502 -0.19501489036983566 -0.003753528806566198 0.003851205265892438 0.9999855395151968 135.8137283362099 
0.9975349867471787 -0.07016146597196725 0.0011484371864087278 137.15868204892644 0.07016535908696811 0.9975281356783876 -0.003800120287362053 0.309760430674638 -0.0008789763952709649 0.003871333448064552 0.9999921200578691 135.42039005179112 
0.997367273817494 -0.07246539724727505 -0.002699503594113293 136.64218579532053 0.07245335049552203 0.9973624416209583 -0.004321116274083111 0.5779898910412866 0.0030055149031420945 0.004114151878062621 0.9999870202330087 135.1839663404774 
0.9974004702913362 -0.07165198344947936 -0.007635124778056894 135.96683281934682 0.07162199468389051 0.9974232898407673 -0.0041316777127711445 0.516706591742341 0.007911494177568014 0.0035740944275446857 0.9999623163444219 135.10777680794942 
0.9972932142776234 -0.07225513226223154 -0.013617658299930611 135.15614321788246 0.07223779148917862 0.9973858822262516 -0.0017616516475892601 0.9456595747886327 0.013709348510128032 0.0007731736732204154 0.9999057235389238 135.19669757466434 
0.9972107094469221 -0.07179581166901808 -0.020400058606628114 134.23760263788563 0.07182436539451417 0.9974170703771579 0.0006695191734378164 1.23103539774063 0.020299298018460126 -0.0021328729533641104 0.9997916729763876 135.40663860382026 
0.9972021439351254 -0.06997038042732699 -0.026306462970991835 133.43618644866814 0.07002232649952003 0.9975448638392912 0.0010575535189301568 1.0608721454995504 0.02616787960044866 -0.0028966343756057227 0.9996533657155917 135.5167993733781 
0.9972053365995351 -0.06765715096182297 -0.03168637847937008 132.70663072081865 0.06769999397338722 0.9977056842745532 0.00027996830220724725 0.6685140842473403 0.03159473806525541 -0.0024243535171315314 0.9994978214266467 135.58056889425944 
0.9972343304921752 -0.06421224923227413 -0.037422949327308073 131.92803448666444 0.064296120450046 0.9979303210762038 0.001040755406980415 0.32628906667491764 0.037278666592235526 -0.003444027479031446 0.9992989741272774 135.7091820033181 
0.9971952940629923 -0.06088333605197609 -0.04352889718111666 131.0926441257247 0.06105838405292064 0.9981305389537535 0.002702026042901486 0.12359469766680409 0.0432830132438588 -0.005352251775901589 0.9990485144203259 135.8910432206602 
0.9968949551479995 -0.06143988009387784 -0.049250274461341774 130.3142503757382 0.06174431616648689 0.9980810150810017 0.004682601414986872 0.49389910347741184 0.048868065457929176 -0.0077089862451966504 0.9987754921449926 136.02678476803106 
0.9967184693104203 -0.05891176395124825 -0.05551303453825446 129.46275908520317 0.05942984593724472 0.9982025779098331 0.007727021809222808 0.5890795622574263 0.05495804169881184 -0.011000796440134367 0.9984280625715181 136.2355788609883 
0.9964201707485438 -0.058541267044748296 -0.060989862913751185 128.7159032911049 0.059223267685668185 0.9982001860779524 0.009433614290084706 0.7968180120329813 0.06032783677602213 -0.013011862539155516 0.9980938049818711 136.33793919845937 
0.9959975411124768 -0.06021390143286641 -0.06605440312449729 128.03129331240126 0.060970220338869445 0.998094445685065 0.009492614205393074 1.0573296505855345 0.06535694553549923 -0.013481971920154254 0.9977708685381703 136.38627648099364 
0.9955497798894842 -0.06178524058205415 -0.07115630547054055 127.33713735775017 0.06269957945019258 0.9979752307413966 0.01068651315559445 1.4513287668459092 0.07035196158436575 -0.015100426248070665 0.9974079299004794 136.4344064484732 
0.9953654017794306 -0.060533558399027326 -0.07472218712018656 126.85224390212697 0.06119808245431944 0.9981035955617844 0.006633794581775022 0.739698525785216 0.07417891644117557 -0.011175904177759342 0.9971823241120069 136.29417226745562 
0.9954077810637525 -0.05812742150159568 -0.07605624410469249 126.66752324546187 0.058262211766064186 0.998301214385235 -0.00044725506237179395 -0.5434633646082383 0.07595303863482311 -0.003986003830954523 0.9971034287853974 135.86178027128696 
0.9954006305812261 -0.05675735819383204 -0.07717633658936109 126.51483297968495 0.056413689145266496 0.9983854813831766 -0.006627687402373022 -1.5555714960959084 0.07742790398505214 0.0022434023578943806 0.9969954296938086 135.39742439429742 
0.9954644452098474 -0.05634228841621069 -0.07665562509741974 126.59786536478553 0.055734087086503625 0.9983950442309764 -0.010052223219808906 -2.0668598015420376 0.07709896146956557 0.005734299525782544 0.9970069548148921 134.73495783425966 
0.9954485358270204 -0.05968374257193465 -0.07429712909964362 126.93449939595203 0.058619246007697745 0.9981452219948207 -0.016428627648069762 -2.4595225385229478 0.07513984640209888 0.01199861164956048 0.9971008157659652 133.83372144337068 
0.9955802241755932 -0.06065872920763024 -0.07169752995321384 127.29915260611247 0.05923010667354152 0.9980043522566111 -0.021888520742700743 -3.0461951632529987 0.07288217679184257 0.017545126040531867 0.9971862197495035 132.8990850475568 
0.9962355545373515 -0.05545074236761303 -0.06663283759931157 127.96998195148191 0.05424737455963315 0.9983324521555653 -0.019736699988706516 -3.445284208909126 0.06761613882086448 0.01604774575876505 0.9975823412766587 131.6644743637663 
0.9971668158644175 -0.047025188317313754 -0.05871092745426428 128.99826174236077 0.0461221353838719 0.9987971462262434 -0.016643596905236223 -4.157331041732606 0.05942297507236125 0.01388856918596645 0.9981362720989138 130.06053948229965 
0.9979849138823266 -0.04234061252687993 -0.04725869437610209 130.47733979932678 0.04186132533892997 0.9990619220521471 -0.011086268368482567 -4.052324638974471 0.04768376143042186 0.009085617002625038 0.998821160398361 128.0139351720347 
0.9988721901694432 -0.03603179012728203 -0.030920184448401153 132.54515611202032 0.03601512900721761 0.9993506440371704 -0.0010957851462169324 -3.638099628679533 0.030939589342670507 -1.9045122879515412e-05 0.9995212561264473 125.33105623369306 
0.9994681573531999 -0.030864253449990112 -0.010526171952500798 135.05625186804147 0.030891740502087938 0.999519712118341 0.002458750825132022 -3.9067334423467606 0.010445228851034367 -0.002782614929022899 0.9999415754174878 122.04184474485803 
0.9995136721216915 -0.028816449598829605 0.011917695848155059 137.77855205034075 0.02882913454074571 0.9995839544058416 -0.0008939217036670865 -4.594791113102303 -0.011886977893586706 0.0012370638216432103 0.9999285821645764 118.39334883342327 
0.9989735263335863 -0.027907018693282715 0.035680414687791824 140.57156152326252 0.027910181938784858 0.9996103511051807 0.0004095210893369313 -4.557512640718685 -0.03567794036633785 0.0005867461388645447 0.9993631673721948 114.52210091137016 
0.9977369678324055 -0.02739321421613873 0.06140484374629035 143.49628658504616 0.027179992772957542 0.9996212851704648 0.004305139603989899 -4.194702137833124 -0.061499520432761266 -0.0026264137253315593 0.9981036574111352 110.317157320062 
0.99541145298707 -0.02801408856362542 0.09149453592493442 146.79850625930493 0.02775434094020958 0.9996063234500836 0.004110313562401506 -4.145500400300139 -0.09157366335985702 -0.0015520826511561888 0.9957970954056354 105.37208005187159 
0.9917949220205587 -0.02678100473158379 0.1250024417353544 150.2963437701104 0.02678101755266681 0.9996399114437563 0.0016806390344067848 -4.573695165883037 -0.12500243898851573 0.0016808433261666068 0.9921550105767932 99.79312549575266 
0.9865522838305127 -0.02802950367689171 0.1610246508843477 153.8615247774294 0.028436916179383584 0.9995955636531522 -0.00022566156702001714 -4.577730090297873 -0.16095320148106942 0.004801671434328908 0.9869503588754759 93.68462768190868 
0.9792845563883007 -0.032841337355913526 0.19980791821157717 157.50553056793478 0.03457260342871376 0.9993887606981412 -0.005180741490858951 -4.31708614871145 -0.1995156452800888 0.01198130005088378 0.9798213897122072 86.96063251985483 
0.9695214088925306 -0.03558768040864951 0.24240823975717918 161.2262750005821 0.03925848499908888 0.999175712012351 -0.010328014339077998 -4.282751258284565 -0.24184087548348554 0.019529811257247242 0.9701193624588873 79.4231368031273 
0.9571837914963025 -0.03521246553581563 0.2873312923571863 164.77663851404265 0.039816607162607695 0.9991550014797773 -0.010194155776942925 -4.195831684554156 -0.28672953648136895 0.021198237870988686 0.9577770135163739 71.27737369720201 
0.9420816152469133 -0.03459118008079511 0.33359508460765075 168.10880351297988 0.04017687261241105 0.9991439605333822 -0.009857232712790303 -4.114497105462679 -0.3329685407374901 0.022689124934337966 0.942664921639106 62.632105717429546 
0.9237296386095448 -0.03390068763568302 0.38154200048239445 171.1237879558318 0.04085156316846066 0.999113870326114 -0.010130345930321864 -4.054435820167454 -0.38086047910090826 0.024944287919332994 0.9242959904485278 53.37315634236517 
0.9021154733607886 -0.033539819613858095 0.4301892063073061 173.78344688878806 0.040940809705603945 0.9991298953933673 -0.007956269973434916 -3.7982544877242663 -0.4295480448374661 0.024789768686103983 0.9027036859040739 43.65791308957496 
0.8775907235679525 -0.030770878115375544 0.47842206780988517 175.94281457802202 0.03735247803491176 0.9992931349372847 -0.004245332951144156 -3.8715960189150915 -0.47795325534211935 0.021595914595668064 0.8781197538950188 33.665685202481434 
0.8501564608459999 -0.029023989482152488 0.5257295883972513 177.53471589700007 0.03361054387335644 0.9994346661317758 0.0008243024950263481 -3.8137422523997 -0.5254563002023486 0.01696927130450918 0.8506513506772643 23.4856267417222 
0.819647459337532 -0.029197910249807873 0.572123696798667 178.62195521208167 0.03283185197668832 0.9994530042517304 0.003970111833706126 -3.5598238258039765 -0.5719266665380359 0.01552978844786665 0.820157737129545 13.066385399721838 
0.786986270576708 -0.02582303041259332 0.6164298670765996 179.10920273788588 0.029261468421935218 0.9995615933873114 0.004515250913333204 -3.993398695253713 -0.6162762176082697 0.01448420261279721 0.7873968703805702 2.6779426414844067 
0.7524310547087939 -0.01725529436488877 0.6584449580080274 178.95702476106533 0.024189853008623093 0.9997063394357874 -0.001444265668001095 -5.364472897225582 -0.658226677460913 0.017014397088337133 0.7526274984150453 -7.630347831801345 
0.7164290417964153 -0.012104314106187102 0.6975549538571778 178.31346603658534 0.025333898838412673 0.9996414211232693 -0.008673104651449383 -6.004546130851045 -0.6971998434023883 0.023885450690089134 0.7164787949444258 -17.728469141222618 
0.6794386599965231 -0.009345048531076828 0.7336727999388295 177.19233420683642 0.027742354405891782 0.9995310872830548 -0.012960220938408186 -6.120537561302209 -0.7332076575392177 0.029159485981515878 0.6793793162167563 -27.5008343607322 
0.6411229414896052 -0.009747337983796709 0.7673762853372172 175.5876068990054 0.0304311456913447 0.9994558085820215 -0.012729181575012606 -5.692476101807014 -0.7668346101133076 0.03151310987330658 0.6410706705492655 -37.03252809057514 
0.6015747371759497 -0.005029687943873397 0.7988006871747637 173.50730445146368 0.027477323770341906 0.9995187085262096 -0.014399582789762399 -6.271188707213383 -0.7983438058068137 0.030611330341667773 0.6014234067481972 -46.398915302538455 
0.5609939536164553 -0.0022566517633504013 0.8278168224484193 170.978774261165 0.02559964749445978 0.9995653112178836 -0.014623496779343905 -6.549107109474511 -0.8274239796222598 0.029395512118605135 0.5608078653276429 -55.512433314814885 
0.5206845800657534 -0.002628147498208426 0.8537450795890298 168.17883768877095 0.02671208483459347 0.9995558255756506 -0.013214237835380256 -6.219513356655962 -0.8533311388936543 0.029685760871303393 0.5205235085910644 -64.17111191078666 
0.48046477786892583 -0.005670612645313083 0.8769956906277193 165.09720186089336 0.02971040847857473 0.9995103671577921 -0.009814151625724257 -5.406357324360593 -0.8765106324828011 0.030771254383324457 0.48039800275217337 -72.43302882451766 
0.4402428208276879 -0.010915821466396303 0.897812398862588 161.72422396438026 0.03488200732662271 0.9993791604040032 -0.00495371729665574 -4.120575683781072 -0.8972009274819911 0.03349833715132005 0.4403502664170324 -80.3330771179933 
0.4029755167460631 -0.014414850492970368 0.9150972325324284 158.36168001187215 0.03830622000769276 0.9992654107792803 -0.001127975548731726 -3.199049245568557 -0.9144087523706046 0.035508462447444995 0.4032316737096097 -87.42008805403108 
0.3701954172966005 -0.019510418473814656 0.9287489954684062 155.24148031241805 0.04392589247590449 0.9990287376347586 0.003478124508493616 -1.8723431888173616 -0.9279147961870154 0.039508542758218135 0.3706928729640364 -93.50749008142701 
0.3428633557677512 -0.026753098240370733 0.9390042550522429 152.52790822426857 0.04883422467833323 0.9987503913121777 0.010624234270693915 -0.36645038564518306 -0.9381150983603999 0.042212884150619 0.34374137754996015 -98.48898674643944 
0.3215940358313644 -0.038542736485194906 0.946092877883524 150.3742956859527 0.05446849329490375 0.9982697050574487 0.022153537024512764 1.7294771513173866 -0.9453097161014892 0.04440780819570265 0.3231369480814225 -102.3368739530087 
0.3059319600169239 -0.04841471331665153 0.9508215665279526 148.74668830622863 0.059106933249113196 0.9977454673092967 0.031786048915192114 3.467020832189357 -0.9502168206688875 0.04647577861876667 0.30810387164021746 -105.24448174687332 
0.2955020624995053 -0.04934884741103304 0.9540666760335684 147.6148006559839 0.059084057810065614 0.9976972547469795 0.0333055848625852 3.6337730061287536 -0.953513295749585 0.04652826162177862 0.2977373266811205 -107.38445621548753 
0.2880674373892153 -0.04923096700612432 0.9563437997935959 146.7923079864338 0.05724365351803969 0.9977769867636739 0.034121090497096475 3.4567305495730114 -0.9558976491486508 0.044915438019086054 0.29024522008060116 -109.05991857179568 
0.28400779861216313 -0.04776793416372314 0.9576313459746413 146.33123204696022 0.05528046002050029 0.9979126606624262 0.03338251682482495 3.099141274153293 -0.9572270582612021 0.043457406219977096 0.286055611336742 -110.20752875583096 
0.2834853256531708 -0.0514078956845139 0.9575976704235482 146.31195480553734 0.05648410415986956 0.9977235677168156 0.036840580881503986 3.6577358379444833 -0.9573116609112066 0.04364528249100695 0.285743719440529 -110.77657927042043 
0.284970235987686 -0.0556309029030642 0.9569206692528454 146.5167331186738 0.0571856630561203 0.9975229105012763 0.04096148149048539 4.215027879697312 -0.9568290153114897 0.04304933991658143 0.28744562927759487 -111.02815992586429 
0.28923936948842616 -0.05145452828145507 0.9558729092600493 147.00967031846307 0.05380729376670235 0.9978494801949811 0.03743247269562883 3.3304418307677643 -0.9557433558625666 0.04060598963131168 0.2913859834148181 -110.92634729911934 
0.29907211257819516 -0.04682108485461792 0.953081138986106 148.1302569685049 0.05026649412521303 0.998181762439489 0.033263323669703235 2.349770584005758 -0.9529056359610724 0.037959914992425896 0.30088186021658536 -109.95643463948993 
0.314823736194729 -0.04307176829882963 0.9481723671906942 149.91648518363905 0.04943459566149901 0.9983580691255103 0.0289376323109968 1.7557379328360947 -0.9478619287006812 0.037762264068701513 0.3164360528325274 -108.0149029851388 
0.33447341373443745 -0.04362062634480439 0.9413951223912936 152.13501465486962 0.05125954525159944 0.9982915173837109 0.028044702535893605 1.9340609141643714 -0.9410100926798981 0.03887527848150452 0.3361379451914864 -105.36440905243386 
0.36042933640110186 -0.047505134718869656 0.9315760600384727 155.0184426539762 0.056095278229378244 0.9979986613703598 0.029188896233633563 2.782940944820587 -0.9310982833309432 0.04173648377991706 0.36237280899628643 -101.56017536983619 
0.3922683916715564 -0.04988733342574912 0.9184970129832104 158.4327786509938 0.06336313301066553 0.9976218724354217 0.02712403018571002 3.660103923654364 -0.9176658554563764 0.047558948706954665 0.3944965451400127 -96.60676620530268 
0.42703031917215867 -0.048264083248420554 0.9029483289623573 161.9947353202714 0.07101621095869007 0.997280197963952 0.019720662515549846 4.032015363063256 -0.9014442879561639 0.055702648206085434 0.42929641355831816 -90.95899150908514 
0.46510124786424345 -0.030635292190156236 0.8847272506866443 165.6031373084974 0.06520046225212452 0.9978721475499306 0.00027724753999782336 1.062794481407702 -0.882853175198024 0.05755567753500021 0.4661090162464728 -84.63923927986754 
0.5058088158836088 -0.01816208534441678 0.8624543932466019 169.25711246422654 0.05403676954868266 0.9984819944038263 -0.010664632581608558 -1.800136035261887 -0.8609514906840946 0.05199851447205315 0.5060224156907835 -77.41040049049927 
0.5495322158459419 -0.015695073558206468 0.8353250914544891 172.95142500977155 0.04389032003411118 0.9989852611851051 -0.010103847892289146 -3.277585254706753 -0.8343188740252443 0.04221507551728084 0.5496634459779169 -68.99020626887265 
0.5938506986881008 -0.025025686208340895 0.8041859627582761 176.4759433760625 0.04034861078602962 0.9991848194937466 0.0012984994749577709 -2.603557410704771 -0.8035629018784353 0.03167667159047244 0.5943763548473795 -59.83750399595223 
0.6387809893474428 -0.0399612416923144 0.7683501459690828 179.67941538110063 0.044735869168204836 0.9988898135099253 0.014759487656208567 -0.5051753421343461 -0.7680869414708651 0.0249447314781488 0.6398595242030989 -49.91695263811093 
0.6837200853842075 -0.04960943190147496 0.7280561442008608 182.33531712635303 0.05146228916669468 0.9984804669216045 0.01970761197452677 1.0448224071452157 -0.7279275222410101 0.02399294568051142 0.6852341650280124 -39.31779273030841 
0.7264452507509568 -0.046140894549448225 0.6856736217119314 184.3512226423751 0.05267576381225195 0.9985467438259661 0.01138702337561874 0.3488795579879609 -0.6852025697326125 0.027846332698180824 0.7278200465685783 -28.684030955833677 
0.7664471716633202 -0.0356277022105688 0.6413184855315583 185.6465286281855 0.04818699767089068 0.9988361250350026 -0.0020996620030059817 -1.7671389451478283 -0.6404972648690723 0.0325124923722606 0.767271914991669 -18.06363687271522 
0.8033447241652406 -0.031498375344131094 0.5946806760830158 186.31368701954023 0.04433349493229853 0.9989924313347872 -0.006975913051125911 -2.8539469941561264 -0.5938617645403356 0.031968335685320516 0.8039317322575035 -7.39414620612915 
0.8371864641611806 -0.030384764638896583 0.5460728800289748 186.3855293734366 0.040807919674343725 0.9991427117647701 -0.006968157517901771 -3.4009321717354513 -0.5453930123471994 0.028117745378690533 0.83770869308947 3.2961597951184274 
0.8676003605656835 -0.029168673256647588 0.4964058851854431 185.7985094893609 0.03670653902185872 0.99931130762787 -0.005435111784794187 -3.8779663716705617 -0.4959054792390714 0.022936846939442035 0.8680735318584161 13.811184808456574 
0.8936961119254613 -0.028723303227227097 0.44775242197115006 184.71819526739904 0.03388425094388873 0.9994195690218026 -0.0035188910534226523 -4.119217328712574 -0.44739145842012373 0.018316574679537595 0.8941506506314952 23.709745143292217 
0.9148958451183369 -0.031038027874311522 0.40249501041736846 183.26548177766085 0.03472712799433279 0.9993950828676985 -0.0018694708156264891 -3.8236431174169407 -0.4021935096026159 0.01568786682563081 0.915420270514037 32.57705534110044 
0.9320782121012119 -0.03568699263582386 0.3604950000801949 181.619195633328 0.03873900523878838 0.9992485915922457 -0.0012416416647669877 -3.1443339988577472 -0.3601798106492342 0.015122524839630265 0.9327603192906305 40.511180476479986 
0.9469376699110515 -0.04052620317129197 0.3188521227151345 179.66747375613733 0.04294561097789336 0.999077255681732 -0.0005582805697594548 -2.4297410624983873 -0.3185352787387349 0.014221956123484378 0.9478043111121932 48.148731923309164 
0.9600415665158782 -0.04190461380482101 0.2767023561583959 177.35077782860355 0.043946280319858436 0.9990332001783865 -0.0011787227751923603 -2.3454121902916354 -0.27638544644714463 0.013291662168485978 0.9609549504055918 55.66202525163415 
0.9708030103751906 -0.03974316440861384 0.23656287944066287 174.87342821895595 0.042166570092311687 0.9990971059383705 -0.005191654093143767 -3.0307958623093665 -0.2361429554594376 0.0150151186596243 0.9716023110298373 62.58526846082848 
0.9792534108569018 -0.03668734350308504 0.19929073272937375 172.3374182916731 0.03931218540625008 0.9991843599985789 -0.009228586718224165 -3.8820174242189203 -0.19878961090486735 0.016871679256013454 0.9798969522533351 68.80892180533016 
0.9857981529202363 -0.034225894353559425 0.1644098228657586 169.75513323771213 0.03633515956803066 0.9992912318033927 -0.00983820207267351 -4.402079733865616 -0.1639565731473332 0.015672338579675836 0.9863430538738677 74.46670937051348 
0.9903859465382107 -0.03204390679595963 0.13456918271604545 167.41582380953434 0.033385813606310745 0.9994126715408885 -0.007726539545620876 -4.647359644357925 -0.1342425578922616 0.012144957832665953 0.9908740765858127 79.14857943197573 
0.9933533023576525 -0.03065702086860953 0.11094757215282984 165.47258833213908 0.031302216402996075 0.9995016473978384 -0.004077756401211782 -4.605974964255533 -0.11076726927845533 0.00752355770026839 0.9938178948560573 82.6979130648251 
0.9952831443973393 -0.031750428107862584 0.09166991214958733 163.84169086107016 0.03183450928470714 0.9994930048546941 0.0005452202641901125 -4.062592117923252 -0.09164074692595908 0.0023756181305214603 0.9957892999733177 85.46668608586242 
0.9965977534445244 -0.033400432089442524 0.07534805216836041 162.42920673551748 0.033137705870823216 0.9994395804859506 0.004734702491800374 -3.445620739918487 -0.07546396675862067 -0.002221732275862532 0.9971460543103747 87.69500859174339 
0.9975710199435557 -0.03516095384207297 0.0601312522211984 161.08347746606358 0.034693320242874054 0.9993592295817659 0.008803623132846964 -2.802001110273576 -0.06040226568018133 -0.006696086517917672 0.9981516561755764 89.69900220771017 
0.998353123169149 -0.0358629014499385 0.044776039999074084 159.68806942643153 0.03537078421627816 0.9993053548808805 0.01173521752338749 -2.4083499755049975 -0.045165795490970155 -0.010132127416676892 0.9989281209935373 91.67877336617423 
0.9989924806614956 -0.0333919716851229 0.02998332551220754 158.30268862549246 0.03301588492085437 0.9993709006336154 0.012952000218131962 -2.656303454966218 -0.03039695584567537 -0.011949024802784517 0.9994664806193253 93.53102077643973 
0.9994007479858995 -0.029290853763951 0.018444262278648677 157.19086639334733 0.029063487177293054 0.9994996942789166 0.012476972767758478 -3.319846316849488 -0.01880049569346715 -0.011933441336467654 0.999752036426808 94.83121463737055 
0.9996076397287645 -0.02591008960334224 0.010641139630539467 156.42676823348722 0.025788427590052888 0.9996022420454069 0.011415546427076907 -3.9349224082525573 -0.010932684863401909 -0.011136649161346887 0.9998782183081786 95.51324491948381 
0.9997006030403838 -0.023408763184245503 0.007122786454490895 156.0790086806572 0.023344353008438394 0.9996870124453252 0.008995461675590814 -4.550570095843154 -0.00733112974307339 -0.008826491620318193 0.999934171624496 95.48890629969377 
0.9997207789766557 -0.02266935240167728 0.0066681739627626425 156.04534002629595 0.022628689814494146 0.99972525803427 0.006111533816719864 -4.946986353139059 -0.006804886449346432 -0.005958935307761065 0.9999590914684514 94.96554978217722 
0.9997100395810827 -0.023261929328574113 0.00622249184022202 156.0141600017916 0.023246172660685155 0.9997264093239546 0.002592673690018832 -5.19362257407105 -0.006281100016622677 -0.0024472727975723796 0.9999772790610975 94.39149844298676 
0.9997119678598106 -0.0236074806736608 0.0043206682478552595 155.8309468555597 0.023599234794974056 0.9997195982474578 0.0019496145860037845 -5.1953930934753725 -0.004365482213567086 -0.0018470885698899057 0.9999887653513206 94.05328802578015 
0.9996948362830093 -0.02453611409229464 0.0028659055003761582 155.7035745018052 0.024531402820277826 0.9996976689025944 0.001667652957874792 -5.088016427531015 -0.002905956771262096 -0.0015968393684254645 0.999994502744528 93.62762301986571 
0.9996832525139496 -0.02511365997281668 0.0016427799304992617 155.58195953133742 0.0251105325413022 0.9996828801410549 0.0018974478590956354 -4.971647551376865 -0.0016899108327098316 -0.0018555957683534666 0.9999968504779018 93.1504200270033 
0.9996836685931973 -0.02514199802870124 -0.0006653444003871795 155.3574650959662 0.02514436143291529 0.9996765288831868 0.003820822973439081 -4.782507388507581 0.0005690660570240827 -0.0038363439872133617 0.9999924792860372 92.83802418751196 
0.9996747794471622 -0.025312759205411144 -0.003098315457897905 155.12224865728047 0.02533171911906785 0.9996596170952696 0.006241310392222716 -4.524225155316825 0.0029392760571980195 -0.006317766246728466 0.9999757229482685 92.5296139807747 
0.999638738842226 -0.02626731997276144 -0.005693830641406987 154.8793475373011 0.026313342507604608 0.9996204020129441 0.008164550542304192 -4.2036058035066635 0.00547720841322831 -0.008311424723170473 0.9999504589763785 92.23127216527878 
0.9996114346528903 -0.026630302001997903 -0.008234483983480964 154.62597274389287 0.026708365985511632 0.9995979345535592 0.009520106230650234 -4.0158812375005555 0.0079776498779886 -0.009736336659201079 0.9999207772873226 91.88855687557486 
0.9995459958239332 -0.02831861973088173 -0.010288732131760596 154.43462557780956 0.02841274646215067 0.9995546669435712 0.009120506005877074 -3.7832516554118714 0.010025870077899516 -0.009408696395539817 0.9999054747131443 91.45888768483982 
0.9994912793209161 -0.0293655083535698 -0.012443853124138208 154.24540012609992 0.02947172569011706 0.9995299809670392 0.008440055265168285 -3.696427091169824 0.012190157762932573 -0.008802503460325085 0.9998869516033038 91.03346517209215 
0.9994738406643743 -0.028974159972446165 -0.014578747596949125 154.04886906634061 0.029075356740309748 0.9995542421931525 0.006777945418544455 -3.9144047094267624 0.014375863731551634 -0.007198261426494525 0.9998707514346078 90.58573902924917 
0.999456723355524 -0.028333824347322536 -0.016836048743524654 153.83463305669017 0.028428982838300795 0.9995810128317963 0.005439827289589701 -4.168267076556704 0.016674863544234746 -0.005915503699267172 0.9998434656193768 90.13714837112357 
0.9994130236578904 -0.02793326009846381 -0.01983282943164938 153.55565585522504 0.028028461864824477 0.9995968222824356 0.004538524908977814 -4.316814100676819 0.01969805748000011 -0.005091744605624801 0.9997930089115376 89.79342449612139 
0.9993631288521395 -0.02759027638299874 -0.02262992134258183 153.31565165542708 0.027679184122526374 0.9996102853665233 0.0036249352779494856 -4.46700085349152 0.022521089164890602 -0.004249004420777973 0.9997373387566654 89.41636967892416 
0.999325333098508 -0.027118878787000766 -0.024767822691782893 153.13929489324596 0.02723571557281415 0.999619390069459 0.004392128686628256 -4.485294051176455 0.024639286207038247 -0.0050637348369676925 0.9996835820221861 88.94691138084751 
0.999347180252852 -0.0243544733933284 -0.026684694984363672 152.9640823909739 0.024472234245690627 0.9996921215433141 0.004095348001389533 -4.9487235031733405 0.026576739297718723 -0.00474570858377514 0.9996355111631139 88.42933041337866 
0.9993451103849511 -0.02295434208664875 -0.027972281441800355 152.85510282519084 0.023079065117496318 0.999725053786359 0.004144102455923631 -5.170502573212061 0.027869465423514542 -0.004786962631141819 0.9996001089864767 87.80739028260837 
0.9992924458851914 -0.023231885914258617 -0.029578490050351704 152.73055806439382 0.02339007525414798 0.9997138443729684 0.005013357021482619 -5.054100888033965 0.029453556260614126 -0.0057016529082752985 0.9995498882885823 87.23215178412227 
0.9992356830350031 -0.023769197269933713 -0.03103344986805845 152.62400973088057 0.023990786183733303 0.9996891373072634 0.00678755686135759 -4.821548641093244 0.030862467948248692 -0.007526885876826064 0.9994952996693586 86.62736564370161 
0.9991792832565177 -0.024271738578300183 -0.03242903972335234 152.52131911563194 0.02462029442009905 0.9996428549746806 0.010392478084549519 -4.4338989274085 0.03216521434188975 -0.011182361309529622 0.9994200086959859 86.02001078905754 
0.9990797736386096 -0.026114668724257994 -0.03402396190403996 152.4306046868496 0.026540812534260032 0.9995740863484908 0.01213388522283313 -4.001255651003517 0.03369259824125394 -0.013025742896353403 0.9993473564510752 85.42226081353394 
0.9989648486821509 -0.0284654692386367 -0.03548165946614063 152.34304860877086 0.028975046766850247 0.999483051705496 0.013931116908857915 -3.4859489813821405 0.035066761502964144 -0.014944778837227772 0.9992732238097856 84.79647099109599 
0.9989367790568126 -0.027689361251988082 -0.036859336959011904 152.23792630287517 0.02820003113458285 0.9995123806801961 0.013407427457068728 -3.651284940344036 0.03647012053187673 -0.014432606849246377 0.9992305190334841 84.14081374168919 
0.9989588548944178 -0.026574844139100308 -0.03708077516740438 152.22082241817805 0.02701975575085352 0.999568180415498 0.011549264046404235 -3.9783773626258956 0.03675784307052365 -0.012539153074745471 0.9992455306945194 83.2979935632732 
0.9990426187672145 -0.02463863077239879 -0.03614946417871224 152.29416184488196 0.024953301192477545 0.9996543320588751 0.00827944173979295 -4.552380399321926 0.035932974359827875 -0.009173563625251463 0.9993120969367232 82.26759293434205 
0.9992018212873357 -0.021459693011494717 -0.03369275755891892 152.4791520538726 0.0216672580421928 0.9997483697940057 0.00580749715122193 -5.251137211463638 0.03355965233736348 -0.006532891402804497 0.9994153646332019 81.00362543142592 
0.9993770636094158 -0.01781798740407509 -0.03046315900050728 152.71991516572007 0.01796455796894706 0.9998282964407328 0.004544479442413227 -5.913478899293715 0.030376954890217047 -0.00508890570657443 0.9995255592781548 79.61975266615023 
0.9995057756992035 -0.015847588304891233 -0.027148817448502005 152.96423403231762 0.015976712376165415 0.9998620304327472 0.004545850916194092 -6.194286192744411 0.02707303096409162 -0.004977353093931753 0.9996210666800673 78.21740407656682 
0.999605150162793 -0.014967653938197802 -0.023780519414136832 153.2236967338041 0.015097353530612622 0.9998720671143828 0.005283873653129264 -6.250108218230538 0.023698389911373255 -0.005640810225214619 0.9997032397544849 76.8144027565406 
0.9996679259336705 -0.015392060135097458 -0.020666938434909708 153.46024699867417 0.015556664828816884 0.9998483477622743 0.007827621379121208 -5.947965737672099 0.020543321028466822 -0.008146530663330081 0.9997557731762664 75.45031944523234 
0.999704381788481 -0.016479732156080663 -0.01787644989855011 153.6757386108461 0.016657886148860334 0.9998125990857334 0.009863140396576799 -5.606759533294207 0.017710557923541714 -0.010158008539808945 0.9997915537753571 74.14052616475874 
0.9997359332229188 -0.016553364115552267 -0.01593894473788193 153.8263412393909 0.01671816002382432 0.9998075780988921 0.010262061266835829 -5.5498449360391255 0.015766006099108002 -0.010525821226130563 0.9998203039242599 72.95025650114744 
0.9997131513988979 -0.019019280659614952 -0.014556163068446757 153.9495971144909 0.019176321901950632 0.9997585796120146 0.010726190865390476 -5.113396737776332 0.014348644479434023 -0.011002247741203418 0.9998365201102855 71.8466284828832 
0.9996948280599699 -0.02067944418070966 -0.013513376281447042 154.03739157271374 0.020819029742008388 0.9997304937194214 0.010271705219895686 -4.8532590618741 0.013297321186931438 -0.010549905966404653 0.999855929988592 70.78343470167371 
0.9996931048180828 -0.02164597224995958 -0.012047741055304362 154.13988905580555 0.021731960771329557 0.9997389562701007 0.007052743934254997 -4.892145967057706 0.011891932568555134 -0.007312400517119748 0.9999025506210407 69.64401935621686 
0.9996193323033548 -0.02561191880864183 -0.010257684940321365 154.28248152835314 0.025591896341691737 0.9996703130009618 -0.002078496137800122 -4.861184883524226 0.010307537389281389 0.0018151913117637737 0.9999452283767697 68.42230458797198 
0.9997692313461748 -0.019621231219373318 -0.008745932706943287 154.3555163692956 0.01955843773342429 0.9997827299084048 -0.00720836252733302 -6.108573182959567 0.008885469425204389 0.007035642282946458 0.9999357720227637 67.27289649238877 
0.9998019559954484 -0.018861305345088262 -0.006348224031617647 154.5088723954348 0.01883615255306916 0.999814586806247 -0.003998920660669016 -5.982470577453016 0.006422471850756221 0.0038785525821062356 0.9999718539464971 66.05002891122606 
0.9997462340283444 -0.02178849192978865 -0.005720940968792076 154.5651610771819 0.02182766058703398 0.9997381042405209 0.006875766347563542 -4.792824022956497 0.005569630099036777 -0.006998896269741149 0.9999599965356444 65.14967181215421 
0.9997591133490069 -0.021484260491980843 -0.004487964652387823 154.64053076745307 0.021551096515426787 0.9996488810407265 0.015416383266114293 -4.27465690235287 0.004155179248976284 -0.015509390224560505 0.9998710883410282 64.14794969860299 
0.9998250466977848 -0.01836443774847891 -0.0035529455321316908 154.6771121345722 0.018419394504158113 0.9997005745195215 0.016108606750375495 -4.704254516739569 0.0032560561838260566 -0.01617123160183861 0.9998639354265194 63.1606426867921 
0.999866627982664 -0.015836935680659105 -0.003989701094591237 154.63806141471161 0.015875625237802938 0.9998253583774669 0.009859881778134481 -5.485137005201997 0.003832854013179278 -0.009921905745199886 0.9999434309082181 62.34705485304828 
0.9998346333135514 -0.017559546576959077 -0.004729519084286836 154.61089892667843 0.01756438031212529 0.9998452517017271 0.0009824427521873966 -5.7564318046180984 0.004711535949990379 -0.0010653513607751428 0.999988333159678 61.55969914118988 
0.9998072602572434 -0.01881923299755009 -0.005592745863032907 154.5670533151034 0.018802229174505167 0.9998184860401861 -0.003077523416661844 -5.787838235307182 0.005649647331818332 0.0029717741661580903 0.9999796248140921 60.826055975276375 
0.9998631220541839 -0.015556547956792248 -0.005633025095669099 154.53525425537322 0.015564217397865641 0.999877998605069 0.0013202432782917323 -5.994958483396596 0.005611799430876094 -0.0014077361933007998 0.9999832628529133 60.01993073392497 
0.9999071686485704 -0.012644803606877808 -0.005075729203095656 154.54192983217047 0.012675208201153837 0.9999016443138637 0.006003398661524123 -6.143655717638342 0.004999318179218071 -0.0060671772823354935 0.9999690976113056 59.13221000152106 
0.9999354116851964 -0.010468424948502912 -0.004425442018114487 154.55844466466368 0.010495624502480117 0.9999258942587913 0.0061682945017455144 -6.4479017046517715 0.004360541739401768 -0.00621434387967799 0.9999711833877437 58.1967280282944 
0.999934070274866 -0.011020788010270824 -0.003224489908841174 154.6262428970287 0.011029696832085717 0.9999353668370374 0.002758248769116969 -6.534472113738485 0.0031938834248951974 -0.0027936320646669015 0.999990997323754 57.15350960744388 
0.9999214241514908 -0.01232143642122418 -0.002308187031387365 154.68289572927827 0.012321869652530725 0.9999240678186537 0.00017356630251643383 -6.453424688508717 0.0023058731795495657 -0.00020199384413180466 0.9999973210700951 56.164867896676185 
0.9999224293105445 -0.012400736235650738 -0.0011649474290446947 154.739878401284 0.012402127652114334 0.9999223767453732 0.0011948696936632355 -6.361254379687161 0.0011500397381260174 -0.001209224833520425 0.9999986075909819 55.17116201792932 
0.9999205393381939 -0.012605868955082795 8.412789502783307e-05 154.80547307109703 0.012605399135338495 0.999911562997195 0.004239115137001049 -6.146847703191043 -0.0001375581849120845 -0.004237717828411195 0.9999910113722783 54.182206249223476 
0.9999321038730126 -0.011603776103552892 0.0010677191716196468 154.85387646862085 0.011596858722177509 0.9999130865749021 0.006271536018416588 -6.1807450662546355 -0.0011403998722729735 -0.006258728017022557 0.9999797637011169 53.23201691271805 
0.9999359550083908 -0.01108563039213848 0.002279184122946303 154.91441984611927 0.011071349668948504 0.9999195781715702 0.006185661298233019 -6.248437812717807 -0.002347572781675509 -0.0061600314932223794 0.9999782712209486 52.23260669763104 
0.99994067619783 -0.010410778392421985 0.0032030888670306497 154.9598371112251 0.010395847399654235 0.9999351809676958 0.0046432983905740745 -6.413625750497534 -0.003251221596464624 -0.004609724109390492 0.9999840898743169 51.26970459364382 
0.9999356944756481 -0.01042238882433404 0.004469980391176974 155.02787030846162 0.010411734526700748 0.9999429157673491 0.0024002064156620154 -6.508867007940207 -0.004494741110299445 -0.0023535118199575038 0.9999871290594018 50.25606595049986 
0.9999281045587742 -0.010516913062942534 0.0057602303013135825 155.10562847627546 0.010510419139209389 0.9999440952513774 0.001156486672369771 -6.546551233311833 -0.005772070946878815 -0.001095861091445278 0.9999827409937897 49.2580978528737 
0.9999232950601746 -0.010242866434801932 0.006963309787878319 155.1735827325906 0.010239572049228176 0.9999474448672819 0.0005085937915280526 -6.624020050207511 -0.006968153288485154 -0.000437253467598155 0.999975626527544 48.28844897677132 
0.9999108052781459 -0.010418458360002778 0.00835686624343814 155.2552687273567 0.010414485624801387 0.9999456332091119 0.0005187631435558323 -6.603818076959209 -0.008361816619648839 -0.00043168440926141967 0.9999649462213116 47.308400618679045 
0.9998759209389771 -0.012658913237386838 0.009375214241841968 155.33293431783926 0.01265562471376522 0.999919830312597 0.0004100130873165624 -6.263951177617457 -0.009379652953945505 -0.000291313020221955 0.9999559676541707 46.4018099932331 
0.9998239783449973 -0.01566630623019892 0.010323719072359488 155.4139440164239 0.015666264078287036 0.9998772729450893 8.495717593109274e-05 -5.810164905966504 -0.010323783037856268 7.679188762936044e-05 0.9999467053832392 45.52240416821995 
0.9997627326181939 -0.01851303051285833 0.011478073402465526 155.49693524516636 0.018504868427999 0.9998284365360992 0.0008169077310039469 -5.32809451276389 -0.011491227622184137 -0.0006043136673263411 0.9999337910545512 44.633676015308 
0.9996811319093052 -0.02198332233592485 0.012424493696124627 155.5762504451857 0.02196361798059746 0.9997572907885379 0.0017201745158175914 -4.757597110601904 -0.012459293307912558 -0.0014467391739104618 0.999921333383797 43.79042319930059 
0.9995982703954488 -0.025438199858499072 0.012497832227503159 155.61595173220917 0.02540111508835714 0.9996724797277649 0.003117150495326602 -4.170123359052168 -0.012573033631378893 -0.0027984393689248835 0.9999170403400494 43.08801931099241 
0.9995340309350682 -0.028023000580560918 0.012100927284950852 155.62338163460623 0.0279726090060213 0.9995993824396866 0.004313672634118311 -3.7189685276903384 -0.012216961491715285 -0.003973168088562722 0.9999174764885607 42.45974599028939 
0.9995031102206047 -0.02937401584127093 0.011432403627208222 155.60954140215634 0.029326514386194335 0.9995606331721858 0.00430071696060644 -3.51154164968886 -0.011553709936421866 -0.003963307428862668 0.9999253992078259 41.87195340076374 
0.9993911791682755 -0.0331872928876602 0.010764506093310129 155.6074938549292 0.0331397465210196 0.9994402991287478 0.00456570673199455 -2.9099848155180834 -0.010910004636425304 -0.004206194031268483 0.9999316375285892 41.28402143441766 
0.9993680302085793 -0.03421068884087075 0.00965240726749363 155.5832374818966 0.03418440654531777 0.9994114074452234 0.002874894346303376 -2.8339401448752506 -0.009745078048371736 -0.0025431156857503258 0.9999492817220488 40.76420138216609 
0.9994056748738728 -0.03336443228482009 0.008666699960815937 155.5521863966147 0.03335839251650075 0.9994431004870373 0.000840557894252274 -3.056699888192065 -0.008689918216773116 -0.0005509511504602813 0.9999620901685308 40.23140878248271 
0.9994868652105816 -0.03118727895503499 0.007304786301130037 155.49599761235783 0.031197015276289694 0.9995125067843972 -0.001222709868046365 -3.4779582465779297 -0.00726309227363133 0.00144996998290215 0.9999725721626936 39.763156487229594 
0.9995376764379729 -0.029975577222836027 0.0050890226111906306 155.412423496104 0.02998263741621865 0.999549552367491 -0.0013167442863896589 -3.6736540262496264 -0.005047260102963984 0.0014687178442346414 0.9999861839212317 39.445581948269606 
0.9995428942829917 -0.030087208191828065 0.0029601337134618974 155.3483087571829 0.030087225756150218 0.9995472761984603 3.860748212799574e-05 -3.6122192888161537 -0.0029599551818275307 5.047237687798717e-05 0.9999956180493301 39.13609582526361 
0.9995423312648533 -0.030236687267035104 0.0009331413276676202 155.2854866022683 0.03023434348134303 0.9995398810823507 0.0024311725835876666 -3.50053462999916 -0.0010062225767921427 -0.002401846996489404 0.9999966093178173 38.833999616575014 
0.9995304044641514 -0.030593235425712975 -0.001739108368350736 155.20080766760066 0.030601388192810438 0.9995197921588614 0.004872383747237188 -3.352829719284954 0.0015892112518117855 -0.004923314827869926 0.9999866175998073 38.64920731571266 
0.999526727304124 -0.030368131305996877 -0.004908971958542034 155.0938242759143 0.030393588605284256 0.9995244962908533 0.005197219084224561 -3.374179713430943 0.004748807892591801 -0.005343960656520403 0.9999744451275252 38.54801142676794 
0.9994504029977698 -0.03195645565018398 -0.008813449374259761 154.96153225895267 0.0319962783432982 0.9994782368774767 0.004414994956792148 -3.1484485178702895 0.008667763250861335 -0.004694566068142726 0.9999514142845437 38.57565851159167 
0.999379909383993 -0.03245096238941608 -0.01366498297265417 154.79266602479632 0.03250200348914029 0.9994654374363382 0.00352975061175746 -3.093065470584989 0.013543134379977369 -0.003971701170782936 0.9999003995903677 38.77150682496268 
0.9992540681971472 -0.033671505338542636 -0.01890864669105872 154.60077187704667 0.033700025151399866 0.9994312824821067 0.0011915959744798245 -2.9826222752700344 0.018857770182229155 -0.0018279289942138978 0.9998205054805318 39.04116870290936 
0.9990677768637872 -0.03508637970909964 -0.02515001374470594 154.3710244171814 0.035083928935695244 0.999384224208595 -0.0005388259653426083 -2.8191617231574657 0.025153432427504892 -0.0003440376356399543 0.9996835431651465 39.48995570021375 
0.9988329707757746 -0.035744345272113634 -0.03248135268594443 154.08508738823895 0.03575604895367917 0.9993605236734177 -0.00022064998230146717 -2.6938653812954434 0.032468468618997756 -0.0009410123593968637 0.999472317296121 40.130972335238184 
0.9985421116019455 -0.03605676733786244 -0.040169153422384286 153.78060913321815 0.03610096550087276 0.9993480772394873 0.0003752434458269339 -2.6128257691499104 0.04012943617137638 -0.0018248416046617846 0.9991928233857996 40.84032859823078 
0.9982295070621926 -0.03453041627460741 -0.04843037871289342 153.43911508340443 0.034576896209118635 0.999402032896591 0.00012202747775543512 -2.855243734311064 0.04839720528001376 -0.0017963836070920716 0.9988265532749023 41.65022625728031 
0.9978017319220708 -0.03342134795812885 -0.057225145469260344 153.0677222859468 0.03344933649658419 0.9994403043527585 -0.0004689597028637365 -3.0576095292315997 0.057208790069835924 -0.0014462143431484512 0.9983611885499254 42.55173287403839 
0.997251865666818 -0.03243919056825909 -0.06660642115686968 152.6568265009211 0.03248328782791978 0.9994721900422612 -0.0004211223270007458 -3.207006775625168 0.06658492649195182 -0.0017436305233512516 0.9977792377658794 43.55955819274111 
0.996587758206777 -0.03217981353653355 -0.07600855078965993 152.23548483072233 0.032285830413759764 0.9994786628835447 0.00016611747528027225 -3.21500590592536 0.0759635790815854 -0.0026195498230794606 0.9971071520212058 44.586406593695976 
0.9958439503975207 -0.031491428227727825 -0.08545827288705253 151.8027236868013 0.03159113384278824 0.9995008583168992 -0.00018570489624418135 -3.331480936444987 0.08542146521330016 -0.002514790639264736 0.9963417330960564 45.62992847659637 
0.9949372435674277 -0.03149505999466531 -0.09543554137941017 151.33826071391036 0.031491115618729616 0.999502833343378 -0.0015478293337064495 -3.387906580798793 0.0954368429881059 -0.0014653786169246542 0.9954344085202061 46.76411845987187 
0.9938746311558676 -0.032123500506500036 -0.10574165811068455 150.84293459832497 0.03197289440569783 0.9994838678567701 -0.0031196021206859005 -3.35189578784525 0.10578729398235882 -0.0002803734620069124 0.9943887418020239 47.957966970686925 
0.9926832381798608 -0.03167584090478621 -0.11651879564997239 150.30143072113117 0.03134060132604703 0.9994976717618341 -0.004708593334896494 -3.488341125861988 0.11660941362200208 0.0010223725574998461 0.9931773252592344 49.233109821336996 
0.9914237795067383 -0.027315937367575586 -0.12779956570468035 149.69590239179269 0.027105811691764126 0.9996268441409297 -0.003383407361909545 -4.082484307343521 0.12784429749153736 -0.00010972044792494326 0.9917942445690636 50.605346868965896 
0.9899967034272873 -0.021125814153415166 -0.13949991820592655 149.03750688286243 0.021232905823496556 0.9997742966715021 -0.0007207116584188696 -4.892866783752726 0.1394836582306153 -0.002248486459695792 0.9902218202984854 52.060105660262224 
0.98835953942865 -0.014913396995391702 -0.15140347225359246 148.34567026794008 0.015035926264268348 0.9998868977551733 -0.00033558741105134285 -5.8161614250630205 0.15139135292929312 -0.0019448104259347676 0.9884719904836179 53.54248595435753 
0.986503712414172 -0.013157107318894756 -0.16320942350261863 147.66859701022753 0.012923118504465607 0.9999133793876815 -0.0024953415852983765 -6.194016582366567 0.16322811767945294 0.00035248901666812504 0.9865882917156057 55.01503167494283 
0.984390805202866 -0.013159104552049241 -0.17550379084065806 146.95530292093179 0.012535976025562966 0.9999105686805266 -0.004658749410721144 -6.304672672942952 0.17554940027564744 0.0023859187692844984 0.984467732053462 56.57447070362243 
0.9819872680574148 -0.016190370145859626 -0.18825216409825415 146.21823338635573 0.01535601278521803 0.9998647423026201 -0.005889819305790693 -5.892508990034254 0.18832205989866382 0.002892924930707128 0.9821030662516382 58.23572845445088 
0.9793378920747718 -0.018143546858717313 -0.20141525476966252 145.42621542144877 0.017093174023058575 0.9998297242651257 -0.006953120000442867 -5.642075220984351 0.20150711289768333 0.0033666278838998262 0.9794812653993604 59.97304747519593 
0.9765464492250916 -0.01846919111686516 -0.21451321983820665 144.59756068794076 0.017298122269854787 0.9998234688609339 -0.007335262832836839 -5.609754312956298 0.21461082794631542 0.003452548968278616 0.9766935406942233 61.71778452436792 
0.9736448833284492 -0.01710980813375959 -0.2274266818866159 143.74522315638987 0.01636478003348677 0.9998527669272543 -0.005161244265608617 -5.6843862209141 0.22748150505653336 0.0013034314479977935 0.9737815288470381 63.4637916436135 
0.9703909965181327 -0.01615766778643905 -0.24099843080038483 142.82601669928778 0.01637775820315996 0.9998652815127245 -0.0010898906914332636 -5.561639740964195 0.2409835739480672 -0.002889393912834287 0.9705248932871497 65.3221144196359 
0.967170490930837 -0.013925581745677587 -0.25374656578099597 141.92485188029366 0.0150744981670427 0.9998830346311838 0.0025839043608904774 -5.65055248074237 0.2536809038489428 -0.006324178190000343 0.9672672866341572 67.04887689186263 
0.9637559282895666 -0.00976561912592068 -0.2666067204138027 140.9796645525197 0.011037750684338907 0.9999337240718106 0.003273457455277786 -6.236742883869356 0.26655708346721224 -0.006097552539225426 0.9637998449400609 68.76258601400102 
0.9597237289277615 -0.006656251042486057 -0.28086662040023963 139.90741528237652 0.007615855395946504 0.999968295542984 0.002325221590878462 -6.783478273863942 0.28084223841790706 -0.004370609902297906 0.9597439944534698 70.66520716341175 
0.9554079914510197 -0.0049880022408052924 -0.2952468284421935 138.8122724014783 0.0059847150783056005 0.9999790351705581 0.002472327808001116 -7.028053005201279 0.29522830666614513 -0.004129049891250007 0.9554178132576532 72.59278556921643 
0.951084578407702 -0.005122522718306127 -0.3088881423364205 137.75214189952243 0.006534653050838087 0.9999723925690501 0.00353728840161563 -6.912805387733415 0.3088614948881607 -0.0053827372898439885 0.9510917953145844 74.41727645811841 
0.9462128666238677 -0.00570409389820825 -0.32349447344312465 136.58575161312734 0.007665607881282226 0.9999591478625185 0.004789682857610721 -6.703097172186963 0.3234539372016581 -0.007011841332096164 0.9462179371528947 76.3765362391785 
0.9408955659153266 -0.006712925992282421 -0.33863028610196766 135.343011058417 0.009265033464268432 0.9999395507493886 0.005920642027414431 -6.425644038728439 0.33857007132318107 -0.008708126763716123 0.9409008849674251 78.40488622147029 
0.9353218960842312 -0.007873189048371011 -0.3537102820100187 134.06530770442123 0.01109493152019725 0.999913373153402 0.007081573522065251 -6.114806624997442 0.3536238866365796 -0.01054794213080947 0.9353282245911566 80.41783024858562 
0.928885964726924 -0.009533729324312958 -0.37024312625422723 132.61784668642568 0.014273337165221917 0.9998474849505322 0.010063731130332758 -5.550597322444023 0.3700907137169215 -0.014632663573884375 0.9288803737711516 82.63861536907672 
0.9211563523028249 -0.010044794496390256 -0.3890630754976362 130.9001964139428 0.017067270012617382 0.9997477782747257 0.014597538459113678 -5.00165766117755 0.3888183160635184 -0.02008685984105465 0.9210954538782908 85.16645547726816 
0.9121032902349562 -0.009814782578011216 -0.40984296747109766 128.91551344517086 0.018853162210200627 0.9996598955497297 0.018018088249861706 -4.631764354270937 0.4095267344353045 -0.02416119352288559 0.9119781195348424 87.92603723966712 
0.9009119329241055 -0.009586366037379125 -0.4338960597898415 126.5257637612456 0.020007725018539785 0.9996104709359664 0.01945757782351572 -4.4081419585677 0.433540517200566 -0.026210837097908276 0.9007528029177001 91.09742255933003 
0.8872762160125094 -0.008438481028896123 -0.46116126088001724 123.67050170256522 0.01999300186130446 0.9995965296585979 0.020175672753604688 -4.3739548168801665 0.46080494395687194 -0.02712139252346114 0.8870869369416352 94.6689386136658 
0.8704823954286183 -0.006820999085877445 -0.4921522866149516 120.21788804631338 0.019711708088339948 0.9995849106829883 0.021010828139852906 -4.371501760666979 0.4918046846188986 -0.02799071821788118 0.8702555210284809 98.6998233580895 
0.8507932290766317 -0.005655141634810882 -0.525470171113879 116.28545447509386 0.020017605718515834 0.9995651205599126 0.021653295854143308 -4.2692844597993735 0.5251192024851664 -0.02894113220209782 0.8505364389890682 102.99335771101404 
0.829157296365517 -0.0043731684481700854 -0.558998258746438 112.05904347639171 0.02005311931021658 0.9995584892301707 0.021924849231617416 -4.235756441402367 0.5586555739359947 -0.02938880748895559 0.8288789101579439 107.25199085719254 
0.8046666561357705 -0.003196582142083009 -0.5937182449326337 107.36382377448824 0.020662571183729193 0.9995305297550647 0.022622516209218242 -4.101816728595121 0.593367197151439 -0.030471329970448928 0.8043549386896793 111.59181339392276 
0.7763239335950632 -0.004634478496165572 -0.6303171199773634 102.08487504409814 0.024038573470020592 0.9994632155274144 0.022258207320616383 -3.5721139096358576 0.6298756203513634 -0.032431503459903026 0.7760186212136384 116.10866270252427 
0.7445253615251111 -0.007515653225044437 -0.6675518713946537 96.27164038533265 0.028253593021501187 0.9993954565934026 0.02025970932269345 -2.950881530744484 0.66699604236253 -0.03394460630299802 0.7442876078342674 120.58869264202414 
0.7097417209607104 -0.010019584278189027 -0.7043907278340777 90.04565401136938 0.03167364639662779 0.9993415432149609 0.017699156157323037 -2.4745115091316143 0.7037495787932456 -0.03487245238913084 0.7095917434783874 124.93464870450907 
0.672179099256047 -0.008975144044284537 -0.7403341848872812 83.40850494425318 0.03271024243858761 0.9993101799513979 0.017584205558217117 -2.3078181827172086 0.7396656667460905 -0.03603624612649281 0.6720089957747385 129.0706441622457 
0.6308241373325567 -0.005747053380127739 -0.7759045554293922 76.18697114020101 0.03315274585605552 0.9992590260069439 0.01955234988073939 -2.1840720449820776 0.775217261934253 -0.03805746078104825 0.6305472436527333 133.0196972416718 
0.5859627052936444 -0.001795612460655362 -0.8103360313973741 68.49828758192498 0.03310082626061197 0.9992159503523429 0.02172141483259975 -2.1369037896784002 0.8096616844743358 -0.039550731186114296 0.5855627176971098 136.71973340490788 
0.5377235247169312 0.0031167491114219175 -0.8431154706450218 60.36022458072131 0.03449844558857789 0.9990743642723182 0.02569575657253862 -1.827251811131307 0.8424151400692965 -0.04290338598338966 0.5371182656112043 140.0847019852714 
0.48624394420689954 0.005648935021770922 -0.8738048502126995 51.80563845596768 0.03760412857390327 0.9989174581528648 0.02738323048176219 -1.3178003113971135 0.8730136059857918 -0.04617359993047752 0.4855051415105152 142.99287547048158 
0.4321795868868478 0.0072169818669922114 -0.9017586816055863 42.993243901644966 0.03989200721908221 0.9988360878691158 0.02711267840609751 -0.9687312362847154 0.9009047854453579 -0.04769050998942318 0.43138866793021136 145.4381650206259 
0.37783533028445754 0.008339280195798836 -0.925835255104628 34.24501113482467 0.04022016354253563 0.9988676676726349 0.025411039389266074 -0.9508910837464462 0.9249988116929923 -0.046838433834268486 0.3770720879122535 147.23537391062453 
0.32448228091274606 0.013737876635823874 -0.9457920067959987 25.748468571790198 0.03963093710927477 0.9988190603399777 0.028104688672971976 -0.9711930183660087 0.9450611822509176 -0.04660209702473506 0.3235546419932725 148.47418207578085 
0.27390955906239556 0.023544473310956632 -0.9614672179698868 17.750934561576138 0.03810424305430346 0.9986497093015096 0.03531040601960251 -1.0276896069234058 0.9610003226406861 -0.04630783830541354 0.27264255719893943 149.13123839266714 
0.22554792250766914 0.02962083307389528 -0.9737816700372235 10.218498789226658 0.03681062366586094 0.9985648231800611 0.03890079552789141 -1.1274616678763123 0.9735363951274774 -0.04461950420366578 0.2241338600185483 149.27998515389982 
0.17931416801741784 0.03121990983569658 -0.9832963675200228 3.143109803009274 0.03437610859019841 0.9986871380791702 0.03797740635472129 -1.4976702317837383 0.9831910863644032 -0.04061178973017259 0.1780055342636738 149.03851719081558 
0.13768690533982592 0.0310852657924387 -0.9899878900009622 -3.1468628370537743 0.03194950839164916 0.9988478807064103 0.035806984260699545 -1.8953265262493084 0.9899603754754397 -0.03655977925162461 0.1365351146394167 148.455350329375 
0.10233806614243146 0.03254957504214669 -0.9942170011535729 -8.448844595958512 0.029687060600895356 0.9989193910852856 0.0357593141248677 -2.21640901943518 0.9943065918775286 -0.03317491941780535 0.10126117750903331 147.63106503269643 
0.0734881261188806 0.03538382097171274 -0.9966681897868404 -12.747275059126391 0.028216035620509908 0.9988965651283327 0.03754340832530945 -2.3806723394963014 0.996896860589599 -0.03088101987079816 0.07240864560493951 146.6948261906849 
0.049912408126547105 0.037815087383371256 -0.9980374595581057 -16.231106115842252 0.028765005819972315 0.9988140043620858 0.039283064167045315 -2.2497559008484105 0.9983392839887579 -0.030669265663906577 0.048765461019565574 145.70316817787813 
0.030466761889758474 0.03967084796719531 -0.9987482166399683 -19.080888255626878 0.02969597879553737 0.9987350603958753 0.0405761996670756 -2.0791692196814706 0.9990945527142703 -0.030895031277069492 0.029250158615999618 144.686827123522 
0.012670259456963817 0.03973972898042918 -0.9991297305484697 -21.657185425766258 0.029168898562686965 0.9987700138659131 0.040095320910611645 -2.1630068360999166 0.9994941920201104 -0.02965153188028102 0.01149551108997734 143.6322111350752 
-0.004133098467313654 0.03829683158058993 -0.9992578597078674 -24.057091096179988 0.029219464590586434 0.9988443460324862 0.03816012693866938 -2.195882064121601 0.9995644753521902 -0.029040060086436524 -0.005247334949972788 142.53792566223052 
-0.01844826228197793 0.03882989172386151 -0.9990755232351001 -26.09581771821435 0.02813685257109184 0.9988699854053722 0.03830234697330256 -2.33799417434206 0.9994338292984518 -0.027404228961673802 -0.019519966415139835 141.4463476102441 
-0.029260959627634336 0.04237147940070968 -0.9986733469834201 -27.651131918556004 0.02614430027372385 0.9987917918257322 0.04161048118852959 -2.5318096477083034 0.9992298393287044 -0.02489205324875549 -0.030333378977519674 140.3923392933761 
-0.03712892899449099 0.045877700058136704 -0.9982568202968111 -28.785642231308135 0.02555796286344606 0.9986624407542516 0.0449457446376464 -2.5262084537857494 0.9989836000485658 -0.02384462338007208 -0.038251807406576105 139.38987201998856 
-0.043452502175153666 0.04824909807274659 -0.9978897256660602 -29.68773028353585 0.02503491836630152 0.9985720664037998 0.04719195970118103 -2.5320867232702367 0.9987417748933461 -0.022931479089055778 -0.04459836711895804 138.4068856849173 
-0.04750792571734761 0.04849268044471215 -0.9976930674998817 -30.250160490833345 0.024759731847486928 0.9985711448065501 0.047356355841400015 -2.5572470266394207 0.998563945209758 -0.022452810581836454 -0.04864070953533361 137.47168222538164 
-0.04981350106324057 0.04959153890934307 -0.997526588307513 -30.576700658194348 0.024221915525590776 0.9985327441920272 0.048431989269613895 -2.601313189635622 0.9984647785075317 -0.02174943780753883 -0.05094161398073653 136.5678367128923 
-0.05149761317504153 0.05134896171545169 -0.9973521343878599 -30.822772089392554 0.0240484044799381 0.9984514328664682 0.05016383606610569 -2.576209500992801 0.9983835285496471 -0.021401409711580492 -0.05265272626478165 135.6609342231373 
-0.05224258094471705 0.05248652893596588 -0.9972541687135177 -30.937575846722094 0.023990532854057868 0.9983956170035231 0.0512898262965851 -2.5460616658556616 0.9983462160341033 -0.021245145996428235 -0.053417943632991335 134.76304738051047 
-0.05219027460345271 0.053240529127864394 -0.9972169379302586 -30.94001325409586 0.023825092954604596 0.9983599944986483 0.0520546475385643 -2.544264878860788 0.9983529136445292 -0.021042039892671317 -0.053373142821410036 133.87267426502353 
-0.05129987034261362 0.054606624793478005 -0.9971892698136581 -30.838712053555998 0.02461616828008821 0.9982697758238486 0.05339942823485463 -2.40355878587245 0.9983798713726343 -0.021807595128013592 -0.052555315931837536 132.99310830870888 
-0.049984919473125604 0.05509219222711051 -0.9972293408142763 -30.66910968784956 0.02538390217586925 0.998225003160457 0.05387486033050346 -2.281218022643771 0.9984273460475688 -0.022620641478890414 -0.05129465121718346 132.1078723292366 
-0.049178166215901264 0.057524195472826084 -0.9971321250981968 -30.58015201673463 0.026724359155320922 0.9980584482181525 0.05625959978626488 -2.039888682171694 0.9984324296593026 -0.02388097308690377 -0.0506199815195938 131.19152615065633 
-0.048040385864380156 0.058163047662900744 -0.9971505308691191 -30.435710247270503 0.028907658656502758 0.9979659676602992 0.056817907941444756 -1.7313156835614354 0.998426997129485 -0.02609573295400134 -0.049624027694181595 130.26714391344905 
-0.046457370198202064 0.05981065299905625 -0.9971280752952925 -30.24170578877002 0.03069637676914366 0.9978199264634879 0.05842197194246293 -1.4523236885779527 0.9984485190571989 -0.027894087908115293 -0.04819206005412488 129.34011236420844 
-0.04405359087723059 0.06293329609851694 -0.9970449745989386 -29.95304536054508 0.031373237841623665 0.9976087875514452 0.061582683828065816 -1.280237343335541 0.998536429519802 -0.028567590768404844 -0.04592267064897787 128.41527970291207 
-0.04055866233293079 0.063594640494229 -0.997151300761411 -29.507629538761197 0.0308017579741289 0.9975777467054935 0.062368990561770185 -1.3252351095263557 0.998702281270783 -0.028184410201400528 -0.04241924570442934 127.51090597517826 
-0.036627340143080146 0.062485046600195514 -0.9973735794101507 -28.997393609280874 0.0317317305359405 0.9976127251897128 0.06133471950493887 -1.2199929511928018 0.9988250773940535 -0.029401862031621727 -0.03852265927783208 126.60512833878337 
-0.03257737343202484 0.06065374452288438 -0.9976271036893615 -28.4694973026848 0.03238184436383482 0.9976969423080504 0.059600565976875367 -1.1707116092111192 0.9989445084166924 -0.030363375710223708 -0.03446642597678284 125.68898767249115 
-0.028845824326886572 0.05832497445851548 -0.9978808124086349 -27.983869045084166 0.03130479243194018 0.997859255201476 0.057418784204735666 -1.353416735076968 0.9990935533721034 -0.029582159542035212 -0.03060992399752199 124.74452725912806 
-0.025693110403213877 0.056012649282009414 -0.9980994174921753 -27.57286726772466 0.029816265424999766 0.9980277609172978 0.05524109660852073 -1.584370041533063 0.999225126982861 -0.028340281558527653 -0.027312525464870667 123.77067934804612 
-0.022913234861444778 0.05486720477813055 -0.9982307215809475 -27.220316344522303 0.030297123379704072 0.9980723654487715 0.054163065297385724 -1.5391088516946505 0.9992782735470132 -0.02900246829717479 -0.024531384990908303 122.77376859140509 
-0.020409639156581224 0.05474741902723447 -0.9982916240955624 -26.909956817232526 0.03033936525491563 0.9980736791251071 0.05411519152328548 -1.5201030737239547 0.9993312611669005 -0.029183062682479416 -0.022031325585256445 121.75286393031125 
-0.01806206501077283 0.055817370320553644 -0.9982776081722184 -26.632306531630178 0.028929745231745834 0.9980516256464497 0.055281302311948624 -1.6465389467015532 0.9994182466056805 -0.027881422398740356 -0.01964165564941364 120.71350114397978 
-0.015878699221384143 0.057146758399552716 -0.9982395077913222 -26.38024507782598 0.027271731026467287 0.9980187007425366 0.05670031441711416 -1.795429693199924 0.9995019357649373 -0.02632339211809106 -0.01740572979051476 119.66121531961325 
-0.013509210214517085 0.05827466897655391 -0.998209178576842 -26.105991084326554 0.027262330079601972 0.9979506206847294 0.05789062129217605 -1.7505595184816336 0.9995370261266017 -0.02643145154236486 -0.015070227979456426 118.60956416022199 
-0.011225427282597317 0.05816046739878304 -0.9982441333733341 -25.832816174950363 0.027887347088024605 0.9979369248788151 0.05782897055807206 -1.6592568928599318 0.9995480406937505 -0.027189225722139228 -0.012824209523997801 117.55241703845023 
-0.009190054941269638 0.05716620851971604 -0.998322376536586 -25.584004163480074 0.027789839085885847 0.9979935247416084 0.05689155840194183 -1.6751131099653267 0.9995715420787835 -0.02722038165238273 -0.01076025505932017 116.47768802393274 
-0.00795213906209623 0.0554048605541208 -0.9984323036196877 -25.425252818450048 0.027685626140300183 0.9980933167147581 0.05516554390699298 -1.7068339654943858 0.9995850487024889 -0.027203539407829977 -0.009470895107121851 115.37794533168275 
-0.007251132229453911 0.05443344223250417 -0.9984910722926429 -25.334147677462056 0.02727282616711199 0.9981566476565531 0.0542171531149432 -1.7584253596565418 0.9996017277067144 -0.026838537697709466 -0.008722319645551004 114.25779883927686 
-0.006617270441604741 0.054054785281215205 -0.9985160448986815 -25.254257330602115 0.026868746689419847 0.9981870006259005 0.053858910430947704 -1.7896817467298818 0.9996170677730761 -0.026472475699692705 -0.00805765766750812 113.12816899852677 
-0.005960374299119805 0.054295172883063805 -0.9985071397540496 -25.177081264977843 0.026765074032141754 0.9981758057337387 0.05411738777745705 -1.7740588280305833 0.9996239816802455 -0.02640255762989503 -0.007402715740301928 111.99719247349383 
-0.005316662695903467 0.05494154911003173 -0.9984754174636289 -25.105863019335796 0.02682003873744654 0.998138175429004 0.054780181392361835 -1.7308847153527958 0.9996261394240843 -0.026487901627878965 -0.0067802984780871755 110.86439038892898 
-0.005136723736359921 0.05552850338174833 -0.99844388894992 -25.087441558346985 0.026475631815751653 0.9981146042579454 0.05537398023405552 -1.7351049898363295 0.9996362613417006 -0.026149991953880528 -0.0065971911901144984 109.71223289815045 
-0.005254982084537385 0.054940569495011346 -0.998475797897403 -25.09542678174499 0.025490925004470665 0.9981724797064677 0.05478972074266063 -1.833097813810519 0.9996612415742187 -0.02516415268206262 -0.006645864434836342 108.54624413493819 
-0.005916006359499112 0.053736625554440955 -0.9985376186918435 -25.15684165934756 0.024714105718364923 0.9982579406663158 0.05357515165810016 -1.9278343573864314 0.9996770547768392 -0.024361013334194617 -0.007233752970303344 107.36583834275001 
-0.006581357832758654 0.05216959770842485 -0.9986165524384318 -25.21235848228544 0.02420751262018522 0.9983538338715195 0.05199633378212755 -1.9986688544735243 0.9996852915101931 -0.023831816317267975 -0.007833420019331936 106.17686610282668 
-0.0077157124887937386 0.05018552639904343 -0.9987101084503159 -25.313456797262504 0.024035841603057745 0.99846058944528 0.04998729481594962 -2.041210234539321 0.9996813222718641 -0.02361915037919231 -0.008910086202845119 104.97309896335811 
-0.00908767619118738 0.04877679985896321 -0.9987683605005541 -25.44109519269957 0.025049798530067037 0.9985072620248314 0.04853612342657272 -1.94674384227603 0.9996448978187441 -0.024577865635468637 -0.010295959681239444 103.76398991453067 
-0.010650052229030604 0.04798168987589071 -0.9987914365993406 -25.589652050222213 0.026054271962918225 0.998522282530137 0.04769094466760114 -1.839374034681505 0.9996037971616561 -0.025514872671831453 -0.011884442458063953 102.54549088698285 
-0.012328378056903134 0.04765417288529392 -0.9987878107491628 -25.75375326043023 0.025770653909627066 0.9985470727508842 0.047324590835113686 -1.8550901273992082 0.9995918589562228 -0.02515597955276699 -0.013538545017263605 101.31355466122564 
-0.014011333853713347 0.048409549596873665 -0.9987292916658987 -25.9171673412225 0.02298567753747286 0.9985789863613304 0.04807979436021817 -2.089187933081792 0.999637604910791 -0.022282807395062512 -0.015104149853979792 100.07158526091072 
-0.015503033432539594 0.048691555388450374 -0.9986935407762703 -26.062048342049856 0.019164738476165913 0.9986445610690314 0.04839166711720227 -2.439650567070484 0.9996961382107712 -0.018389482893639335 -0.016415180942494695 98.82176212117874 
-0.017080596969612255 0.04944498100998391 -0.998630786156768 -26.21632479674969 0.01734430135537997 0.9986408605930644 0.04914882261495001 -2.5754951301417277 0.9997036703031825 -0.016481062067245814 -0.01791497070832534 97.5680410286059 
-0.01879997266799574 0.05041724539876819 -0.9985512818048372 -26.385842143579524 0.01704498902243126 0.9985988108886286 0.05009873492458189 -2.5617664830970686 0.9996779628344855 -0.016078440789415328 -0.01963299174536283 96.3101157991756 
-0.02027358066790509 0.05045915122486196 -0.998520333285492 -26.52564226874252 0.018302473485721532 0.9985769727964763 0.0500904069151956 -2.419040470073587 0.999626931105403 -0.017259880019628363 -0.021168258088507166 95.0605228710297 
-0.021895938314319022 0.051762177676611835 -0.9984193732332676 -26.679631431506337 0.020179486620811565 0.9984782274907524 0.05132268062607871 -2.1880866648159727 0.9995565797917875 -0.019023832135005747 -0.022907151849217697 93.79623993377865 
-0.023146894050832457 0.05358670613314841 -0.9982948894097378 -26.803001916445503 0.02140758941941809 0.9983600350262947 0.05309383747241039 -2.0102353160772237 0.9995028446237904 -0.020142129681261063 -0.024256096158576757 92.53259013096414 
-0.024485740996942458 0.056084922179742994 -0.9981257085116703 -26.936489142141255 0.022408586019504455 0.9982049899197456 0.055539655849922806 -1.838143554958771 0.9994490000797629 -0.021006656169262096 -0.025698572648092756 91.26254166781459 
-0.025687673816168693 0.05862899231735921 -0.997949289630373 -27.054030165932623 0.02386067711136109 0.9980302591761436 0.05801956442947712 -1.6241305160162725 0.9993852167716419 -0.022321358127361995 -0.027036003211432378 89.98716982533928 
-0.02648269352597541 0.059984153305330815 -0.9978479685281988 -27.122759765594488 0.025660875802423756 0.9979099247063433 0.05930684299162358 -1.408185218239983 0.9993198619044166 -0.024035047843162877 -0.02796658861060921 88.7226167241222 
-0.027266806064784425 0.06015934248555491 -0.9978163031333638 -27.186300377227468 0.027196541277839756 0.997862584160434 0.059418947105986594 -1.2492601449066822 0.9992581595511486 -0.025516987368555556 -0.028844651602763553 87.44578228506825 
-0.028401896430015665 0.059102474638115625 -0.9978477989006291 -27.276226987216198 0.02683083527730174 0.997935911546533 0.05834400332606689 -1.289042855087367 0.9992364277574655 -0.025116009584341535 -0.02992904116503441 86.15485998607107 
-0.029372197821715733 0.05705867006405869 -0.997938666534995 -27.346289768979066 0.0239741542525281 0.9981224325045541 0.05636354902831775 -1.5664984457313729 0.9992809984799059 -0.02226921421407863 -0.030684982895376012 84.8557372533837 
-0.03017286602267849 0.05443251569744236 -0.9980614707475819 -27.395373591011534 0.0215753159318298 0.998318926330845 0.053794303342191416 -1.812799731004545 0.9993118151500157 -0.019910363243239176 -0.03129654193522176 83.56136344149263 
-0.030494797439372594 0.05402164483607875 -0.9980740098902169 -27.41183045721222 0.023258933065659838 0.9983063749198723 0.05332357665227175 -1.660379154541948 0.9992642740345413 -0.021588044921857546 -0.031699636506955384 82.28305299441166 
-0.03043740831649531 0.05443528880981159 -0.9980532869076522 -27.40410293833114 0.026863999839527447 0.9981997749620228 0.05362401307613594 -1.3363995686967702 0.9991756050302658 -0.0251795273577598 -0.03184496372180456 81.00739273917509 
-0.030144083841944423 0.05512700880737095 -0.9980242217047053 -27.379989655182197 0.028936143385794665 0.9981076137763717 0.05425763474014332 -1.1348207894395874 0.9991266355248901 -0.027243425291071134 -0.03168220262423837 79.73308187632989 
-0.02967175931501373 0.05593433409959137 -0.9979934553733246 -27.341555791738664 0.0295031363211597 0.9980470644077264 0.05506016867333373 -1.0506834088755728 0.999124192303623 -0.027810204888785342 -0.031264050564135885 78.45564455100428 
-0.02928211512533467 0.05677513411413424 -0.9979574850063052 -27.31036538676182 0.026808870149971693 0.9980710635867786 0.05599496863146538 -1.2202311128070304 0.9992116103283971 -0.025114461512820464 -0.030747708985426607 77.16328697258692 
-0.02889051450238443 0.05703652241518353 -0.9979539935701295 -27.27412277457554 0.023583365912918687 0.998131719894083 0.056363947639405276 -1.435035080538424 0.9993043395402648 -0.021906730747934894 -0.03018165210740787 75.86806426477058 
-0.028348629023334203 0.058009082313230854 -0.997913474005474 -27.227731780229973 0.024013379771070344 0.9980661126866348 0.057335785497014714 -1.3536349630273792 0.9993096180986495 -0.022337884317145614 -0.029686800093073756 74.58504941169139 
-0.027664366216128326 0.05853087774897594 -0.9979022092328464 -27.169864764427246 0.024932901610214678 0.9980141096898335 0.05784623822950522 -1.2526727724287143 0.9993062760030854 -0.023280318080812223 -0.029068772435397804 73.30503495857003 
-0.02708013949066875 0.05866613853048228 -0.9979102916771075 -27.117419150817522 0.02541266076963323 0.9979941623892191 0.05798144970288501 -1.1894794240975122 0.9993101934423433 -0.023789409975090568 -0.028516683805512803 72.0201926186469 
-0.026398772064572865 0.05918595886639614 -0.9978978540444647 -27.064605234603807 0.025939916914158485 0.9979501684721 0.058502837170456956 -1.1112472078291225 0.9993148780759586 -0.02434098435913732 -0.027879937884776516 70.73345724342074 
-0.025715333061992026 0.059224406565708605 -0.9979134187455598 -27.00516206248476 0.026124881028182268 0.9979424066860848 0.05855291221491408 -1.063268486430946 0.9993278802459048 -0.024564661701798454 -0.027209651940112697 69.440909889464 
-0.025137005796456193 0.05841004835758047 -0.9979761506120546 -26.953586283701423 0.025014998444070947 0.9980157598444704 0.05778228928405732 -1.130877260664871 0.999370992571043 -0.023511898114114523 -0.0265482552089484 68.14580975546119 
-0.02450097877630125 0.057974875819924526 -0.9980173424408358 -26.901566284097814 0.023988457473046322 0.9980636731889958 0.05738865888443422 -1.1759920560077841 0.9994119550751169 -0.022534818263176947 -0.02584426471731254 66.85074327941852 
-0.023649579139747415 0.05726267338331547 -0.9980789966949059 -26.83822681542017 0.023405904799673628 0.998116283802047 0.056710207455983305 -1.1970098123386173 0.9994462772090466 -0.022019769439932974 -0.024945314726232095 65.55774832830267 
-0.022821628607228948 0.05711022627280796 -0.9981070059481508 -26.779814146427164 0.022238983438199265 0.9981489865791783 0.05660413594954419 -1.2422277866076552 0.99949217149678 -0.020905086606558505 -0.024049458842625108 64.26617105013209 
-0.022003638990332464 0.05721577273109071 -0.9981193291495597 -26.72597549983399 0.02141981215688387 0.9981588559277328 0.056745836677268464 -1.2484695817321065 0.9995284045580429 -0.020130913636087565 -0.023188678225148352 62.952422155316285 
-0.021076331088281143 0.05718091308847792 -0.9981413384116635 -26.666312423232636 0.021270319111356684 0.998162782066506 0.05673300646145438 -1.221707523678571 0.9995515803562912 -0.02003506115843735 -0.02225386554330447 61.65342640127075 
-0.020248279795285873 0.05720736800806271 -0.9981569637140864 -26.61346381408293 0.02197827804128744 0.9981458595501718 0.05676088756521539 -1.1402240490655036 0.9995533814957921 -0.020788460944506378 -0.021468056080769727 60.353281104896595 
-0.019456477574835616 0.05746040902126144 -0.9981581772822834 -26.555869139437906 0.022898645834402934 0.9981108953162765 0.057011338081925995 -1.066904647734357 0.9995484467995187 -0.021747230767398353 -0.020735487807598364 59.06372265846208 
-0.018632927048482278 0.05748800126251326 -0.9981723016295577 -26.488143946103204 0.022698895278778043 0.9981126290769515 0.05706084323088451 -1.0781785084005442 0.999568694078966 -0.021594198015620503 -0.01990267392420405 57.770922512941596 
-0.017998322809483096 0.05817572842084944 -0.9981441003175592 -26.44144004018756 0.02246503510278579 0.9980773139716965 0.057766751101947476 -1.0583322793148335 0.9995856054255067 -0.021383637617284356 -0.019270637466789246 56.469893734871334 
-0.017184463827597987 0.057348863661829765 -0.9982062923262178 -26.377442853366702 0.02294233543493984 0.9981134752669925 0.05694857096747457 -1.0390736209459077 0.9995890872992508 -0.021922552933992 -0.01846776177850646 55.17357558805871 
-0.016301375629463457 0.055911266262149574 -0.9983026572425574 -26.311891345308712 0.023263461154506823 0.998186254935341 0.05552487580599367 -1.0419975653904467 0.9995964568403092 -0.022318843229910734 -0.017572498660657503 53.88946705333967 
-0.015722469493307595 0.055088375773548845 -0.9983576888108114 -26.264496520504718 0.02126366703514957 0.9982737185477835 0.05474887506605845 -1.1551081252189168 0.9996502690527571 -0.02036795795883552 -0.016866708965794477 52.594066435629955 
-0.015561791443422948 0.05367584892028336 -0.9984371456880796 -26.239918481354827 0.015008196465417643 0.9984581081946635 0.05344305585563783 -1.4920833221023289 0.999766265026945 -0.014153071151532828 -0.01634337453076399 51.27712686090629 
-0.014897577782484177 0.05449424428971677 -0.998402944464562 -26.19793167422498 0.010869993110721458 0.9984635757591341 0.054335358028249105 -1.6521703785358897 0.9998299382524949 -0.010043167905488945 -0.015467040842852487 49.975682939645864 
-0.013752349806819096 0.05531093437817735 -0.9983744655253383 -26.133650534920356 0.011099815080537721 0.9984158113388275 0.055160327897949564 -1.5934337529778286 0.9998438212940904 -0.010323187823750999 -0.014344504633720499 48.70138264077215 
-0.012868364268623514 0.05617131938928835 -0.9983382132719941 -26.084635573697515 0.013292882541205798 0.9983422641171956 0.05600020492013347 -1.442778113843735 0.9998288375891126 -0.012550161569392307 -0.01359371067024905 47.435209236841374 
-0.011931573360463533 0.05616270111209265 -0.9983503335808217 -26.035992009344856 0.014105080982217168 0.9983315195537843 0.05599306882032528 -1.3783283268307907 0.9998293275592736 -0.01341372689547431 -0.01270384521098548 46.16987275284174 
-0.011059812511482199 0.05642952401163181 -0.9983453257100123 -26.002886454155238 0.01350119381030008 0.9983238058105016 0.056278739482438576 -1.3653647011474348 0.9998476875569139 -0.012856421424959885 -0.011803140058317894 44.904666479938285 
-0.010206583039450667 0.05772303848084252 -0.9982804598364122 -25.96933840715605 0.01213804225088248 0.9982660598696363 0.05759810450584812 -1.3348327243539773 0.9998742388885584 -0.011529290563170766 -0.010889530115454673 43.63074357440905 
-0.009415768067033911 0.058857906552474436 -0.9982219643686314 -25.937024296978386 0.01115990010053142 0.9982102309508056 0.058751948519909065 -1.304972321052655 0.9998933942883381 -0.01058686267976055 -0.010055764374025394 42.37289355797816 
-0.009035848074176825 0.06076186997553809 -0.9981113908811262 -25.927775792186928 0.00991072488542333 0.9981085556419452 0.06067197612238297 -1.255416343139994 0.9999100614464413 -0.009343784641428517 -0.009620951447168442 41.11155655527334 
-0.008659271604836507 0.0607533386548166 -0.9981152482842688 -25.91463790194253 0.010468861737976131 0.9981034761844917 0.06066179821226314 -1.180020088195611 0.9999077057154756 -0.009923843546096175 -0.009278867392511063 39.874933248292436 
-0.008554820996706021 0.060995603232938116 -0.998101373320348 -25.913319104768153 0.013218764791457607 0.9980575810962717 0.060879627739058216 -1.0087289350434125 0.999876031963514 -0.01267285297429886 -0.009344490483133594 38.635798164050286 
-0.008953803203182932 0.05977984415862922 -0.9981714279824726 -25.92583580377382 0.01566006490564362 0.9980974083907169 0.05963493716678475 -0.8998539159166077 0.9998372826492068 -0.015097469857739238 -0.009872924011911172 37.39533018352631 
-0.00909398648203447 0.05701018225255187 -0.9983321784503375 -25.922346424158984 0.016308154846021206 0.9982491365267199 0.056856886207186985 -0.8937597006133324 0.9998256565498719 -0.015763899999355173 -0.010007795033251384 36.18286097297664 
-0.009650601665528107 0.056278121924072846 -0.9983684885252504 -25.935350410731985 0.017050277428933683 0.9982790943683069 0.056108268435139365 -0.8191218827310172 0.9998080585427833 -0.016480981156850795 -0.010593551482757743 34.978375995167525 
-0.010775818440526734 0.055800966838112545 -0.9983837608038657 -25.96896341754499 0.016763944291922236 0.9983114903877008 0.05561598989198924 -0.7860162339001739 0.9998014062346154 -0.01613754193860962 -0.01169306766701901 33.779617394284514 
-0.011818307635781743 0.055117632724434665 -0.9984099229111663 -25.997738437799228 0.01722383453146526 0.998342740089767 0.05491004310770509 -0.7268318192450476 0.9997818097608394 -0.01654750352505414 -0.012748058614142204 32.58121887914358 
-0.012769983542392236 0.0554518519698315 -0.99837969712602 -26.026086190378486 0.017837113004579384 0.9983148690348941 0.05522010198744388 -0.654559812897404 0.9997593535046266 -0.017103051685525297 -0.013737565397600432 31.414815830230708 
-0.013939312662692107 0.055038858228512406 -0.998386908792074 -26.058297814736793 0.01757140884435858 0.9983432168881623 0.054791120490634705 -0.6270268633442133 0.9997484389353736 -0.016779313999582483 -0.014883328525142228 30.26017225054227 
-0.015152512756326736 0.05465191405765835 -0.9983904895615762 -26.09065656371321 0.017854866404764164 0.9983607040191509 0.054379301356804854 -0.590999273192164 0.999725764948987 -0.01700214575341991 -0.01610347592732995 29.13045998632026 
-0.01631893015836286 0.05385823453125534 -0.9984152358070582 -26.11907208932434 0.01877642027635921 0.9983886287709247 0.05354990179747288 -0.5431034755176793 0.9996905213915419 -0.017872786970413956 -0.01730389915071833 28.014087684271047 
-0.01737191999154953 0.054385445234451456 -0.9983688896106784 -26.146473431779548 0.01963849996201213 0.9983455024851902 0.05404245541085989 -0.4680401942609205 0.9996562137630359 -0.018667646189149012 -0.01841122675726711 26.91038919169496 
-0.01841610315084268 0.05468846367771095 -0.9983336211333916 -26.172207956753972 0.019715549198709315 0.998328676076478 0.054324503156305194 -0.4205919622870593 0.9996360058864077 -0.018682249970435844 -0.019463536973308604 25.8220943986059 
-0.019584415539580725 0.056086544120402815 -0.9982338154143064 -26.203138270820567 0.01996589880831013 0.9982481449571644 0.05569563694182389 -0.34461135000487264 0.9996088302694952 -0.018839868847985396 -0.02066992474687282 24.760341321796773 
-0.020578921116703244 0.05727772042671837 -0.9981461670258481 -26.229621882510852 0.020010759295241178 0.9981811934588519 0.05686716572408794 -0.2838043020773773 0.9995879538680432 -0.018803397772255516 -0.021687662716805788 23.726963940554853 
-0.02170747680017661 0.05777068666642351 -0.9980938499024333 -26.25741997500446 0.019034907667083028 0.9981720104925267 0.057361221739195556 -0.2657091374294094 0.9995831419852353 -0.017753456885843042 -0.022767455446911798 22.709060302209124 
-0.022846642549797767 0.05790358884007868 -0.9980607222627502 -26.282382970854435 0.018533759833001085 0.9981742677612835 0.05748591936882464 -0.242958271802868 0.9995671716651435 -0.0171844574737037 -0.023878101906979313 21.710907064292044 
-0.02399736580252464 0.05809385364170576 -0.9980226603657844 -26.304201283203334 0.017718756374616316 0.9981780534060402 0.057676852992043476 -0.2250136883835241 0.9995549870352695 -0.016299627835779523 -0.024982994723177023 20.736619880943138 
-0.025331083610603728 0.05723112727374089 -0.9980395454460158 -26.326928189329433 0.01734689485101548 0.9982347485685518 0.056802042122696836 -0.22748563962130408 0.9995285996119073 -0.015874029773744403 -0.026279150226022934 19.79321165790273 
-0.026696238041323605 0.05617163230646394 -0.9980641555523715 -26.34562698629582 0.016310329145203174 0.9983115696303079 0.055749287936681206 -0.23159519023805375 0.9995105222245615 -0.014790458623696942 -0.02756734111380021 18.87138852160986 
-0.027860932659441236 0.056279749071847185 -0.9980262312563516 -26.362387056526476 0.015243209669440889 0.9983216363598293 0.05587087734058787 -0.21311435747490526 0.9994955792750256 -0.013656508347432882 -0.02867205589833038 17.979547729447503 
-0.028996443753995266 0.0563695033599175 -0.9979888202482925 -26.374339180562032 0.013484019573099205 0.9983398495293844 0.055997554034075255 -0.2034858483373272 0.9994885629489586 -0.011833170860052325 -0.029708392780882244 17.101130630127656 
-0.029527538344963956 0.057737692033948795 -0.9978950262416793 -26.37839634409737 0.011999057386963266 0.9982788717026027 0.05740485113650821 -0.16030179204004424 0.9994919444903559 -0.010278775742919228 -0.030169515543272466 16.272966636433864 
-0.02859671018255039 0.06013621044214026 -0.9977804690213153 -26.3635901517685 0.01049881416026375 0.9981517080956632 0.05985768561295109 -0.09182615635940383 0.9995358938367164 -0.008763778829324142 -0.029175214012364156 15.502819566759285 
-0.02470860083313578 0.06339846867195013 -0.997682373912119 -26.307400775441984 0.010454507056423569 0.997948877131651 0.06315648750433316 0.019770490378050454 0.9996400293741121 -0.008869768978366362 -0.02532072019501969 14.841460356285879 
-0.017276303139656078 0.06746622879534037 -0.9975719709985653 -26.198812682681634 0.010815336054577521 0.9976751154925697 0.06728590069928847 0.16187234856486254 0.9997922573494221 -0.009626624487471279 -0.017965807666897957 14.28639036115672 
-0.005195430738357897 0.07147655006674525 -0.9974287494803826 -26.02622254348225 0.010300725929739317 0.997393116981328 0.07142034194535815 0.29005314756943257 0.9999334490578679 -0.009903180742952659 -0.005918147210832509 13.868545908145734 
0.011697413585195604 0.07370239822322036 -0.997211676130782 -25.785268888665886 0.009437874075076423 0.9972273466920073 0.07381426381508506 0.3654916406449029 0.999887042144442 -0.010274994197850825 0.010969386759261412 13.606474492764946 
0.03220541000874837 0.0750818325843943 -0.9966571777607072 -25.491932644285512 0.007845171526069002 0.9971247324347725 0.07537055957474721 0.41159546845552786 0.9994504814396236 -0.010246286285915104 0.0315237809828085 13.452810502654472 
0.056993269721669605 0.07554248621023132 -0.9955124810787715 -25.136517493776154 0.006886303790246735 0.9970797938410177 0.07605566076277755 0.44122403657355713 0.9983508131045624 -0.011190062159403063 0.05630662911529345 13.426526556816839 
0.0868511133456021 0.0775601957303433 -0.9931975131608525 -24.70686003317897 0.006893906751841825 0.9968940782463351 0.07845171003291142 0.5295065220041879 0.9961974493845717 -0.01366062940211684 0.08604666782631226 13.528360882532397 
0.12020720798404648 0.07650359086055931 -0.9897966597913531 -24.22110677840036 0.006284659053596866 0.9969476514696294 0.07781955595973553 0.5281950324203204 0.992728930881567 -0.015575006087655779 0.11935949470448158 13.72602069954388 
0.15699448753608408 0.0734413274827378 -0.9848650172997603 -23.668820110060295 0.006655875652814163 0.9971298756073915 0.07541691117039062 0.4920656136639323 0.9875770502611816 -0.018395178410704066 0.15605507748439867 14.01513059391256 
0.19562680074576044 0.0677925559645475 -0.9783324200831606 -23.069575887775706 0.0070051199946125535 0.9974857325465799 0.0705205052440389 0.38842667403364617 0.9806533960191234 -0.02064903682516841 0.1946600476583553 14.355106166694299 
0.23536600642380662 0.06109657423741045 -0.9699845625764164 -22.43575823221022 0.00718881173026273 0.9978854526066504 0.06459833172712197 0.25990788232102124 0.9718802210180101 -0.02217728776187646 0.23442910207888323 14.703373644462772 
0.27792204881786015 0.05522969971345733 -0.9590146062758614 -21.731869525407852 0.006702358033789082 0.9982100159702403 0.05942930601545918 0.14413081800078853 0.9605802481717338 -0.022944373738534706 0.2770544035673797 15.110724088967686 
0.32245219864380303 0.04648768486770732 -0.9454435333458147 -20.962474249189043 0.006567217494041796 0.9986594272658065 0.05134413294153669 -0.041525996433373624 0.9465629673952831 -0.0227649618662758 0.32171463328089944 15.549965094935217 
0.368194641288822 0.03591260087991513 -0.9290548913946027 -20.13579799676789 0.007516966678870069 0.9991060894891698 0.04159948506423448 -0.25599115847670184 0.9297183451659677 -0.022300382142480164 0.36759555440477615 15.986324626302348 
0.41565413372895643 0.02558552590480936 -0.9091628137898105 -19.234412119151564 0.007887864720166391 0.9994652560282059 0.03173300462657112 -0.4767384452124528 0.9094885500676672 -0.020361307832454285 0.415230050019462 16.458523471221824 
0.4639969390316387 0.01594796114844082 -0.8856932330691466 -18.272848867698677 0.008958426684239943 0.999702320834824 0.02269397075899045 -0.6662897135806767 0.8857915032108926 -0.01846435085982315 0.46371594816947176 16.93062114142745 
0.5114706257776781 0.008431428901236354 -0.8592593962088951 -17.286386293130505 0.008914993984952267 0.9998459795800929 0.01511753947482733 -0.8283701164538786 0.859254515175125 -0.015392469724124898 0.5113166827191864 17.343886905946952 
0.557898435806589 0.0007618354946589136 -0.8299088835114621 -16.260308798400466 0.009438148954007644 0.9999290853580075 0.007262616568478518 -0.9898637512168258 0.8298555637391865 -0.011884606084253485 0.5578516823218691 17.72699254529894 
0.6044373603333725 -0.004316454233794599 -0.7966409766363227 -15.171992401288072 0.009179077455499958 0.9999566756836142 0.0015463805619609801 -1.1038209115276305 0.79659978782968 -0.008247119413712475 0.6044507945656828 18.095776337802334 
0.6509624104093977 -0.006675161159444468 -0.7590806165734196 -14.034378368494579 0.008774897395041002 0.9999606954753826 -0.0012683375322946604 -1.149352047777144 0.7590592476280709 -0.005835214467761637 0.6509953984955821 18.427394162185543 
0.6948813229900476 -0.006614233041021137 -0.7190940125469559 -12.882187109113403 0.007997011604045269 0.999966942963164 -0.0014699613294598115 -1.1415494032145133 0.7190799640964881 -0.004729154489377741 0.6949112463709369 18.707759597275157 
0.7364129849516091 -0.007188157843405171 -0.6764940842176518 -11.704574570671483 0.009048559153949552 0.999958760508866 -0.0007751508307256141 -1.115406541946304 0.676471757852387 -0.0055504656012983775 0.7364476581262991 18.9122788287333 
0.7753635018541021 -0.009389392626761748 -0.6314453890073514 -10.523635369225559 0.011407878603098913 0.999934557554199 -0.0008607640010998646 -1.1028807496456783 0.6314121477278695 -0.006536047352120249 0.7754198732213985 19.03668051821225 
0.8111155283206106 -0.011630326187666351 -0.5847703269061667 -9.338986595249736 0.011834830086597477 0.9999239398679068 -0.003471494759293319 -1.1493604081888682 0.584766223814267 -0.004104874152872306 0.8111914777006667 19.085736594939043 
0.8441877295850637 -0.01514981289427932 -0.535833519283074 -8.15812375373578 0.013845249061629213 0.9998832991541973 -0.00645733311356415 -1.1951050995644525 0.5358688144466305 -0.0019675471497296593 0.8442989650957635 19.05668292059461 
0.8741203310871528 -0.02055642140505507 -0.4852742320782177 -6.972240577768147 0.018325287932018115 0.9997884304751061 -0.00934227543656391 -1.2265856551370864 0.48536360659024946 -0.000726517131105971 0.8743120962051045 18.96991171018692 
0.9003719909323279 -0.022167247829876256 -0.4345559700064014 -5.838849262721396 0.019705061974660227 0.9997540994236263 -0.010171097198878872 -1.2255688363287205 0.4346745776752192 0.0005948187144853749 0.900587395933102 18.800299733425412 
0.922718054755013 -0.02160605534884412 -0.3848695490700551 -4.786302567864013 0.019960522317761277 0.9997665606475924 -0.008270535634809029 -1.1753444580950592 0.38495839902244844 -5.0824670906498766e-05 0.9229339241998462 18.56316676915903 
0.940996863031483 -0.021431604292808982 -0.33773597691442975 -3.812452605193741 0.020991853797400786 0.9997673698980473 -0.004954610104719339 -1.0988254093798755 0.33776359460287647 -0.0024274316834250772 0.941227847939257 18.256671387890293 
0.9553876120196132 -0.029048750589871056 -0.29392291657614633 -2.9187917399172107 0.028504565843012773 0.9995748296515449 -0.006135931321916507 -1.0940593340600548 0.2939761904058935 -0.0025159523551543522 0.9558094315595479 17.88766271554281 
0.9665421576634905 -0.03271046626065636 -0.25441360587872536 -2.167188944181362 0.03162519021193419 0.9994648690491044 -0.008356008659355475 -1.1179148208863063 0.2545507902232158 3.0555960649133065e-05 0.9670594057569938 17.458168027838603 
0.9750289973958195 -0.03476521830603324 -0.21933954005932668 -1.5183344074920058 0.03402175529196378 0.9993953945405235 -0.007166975515909417 -1.0807578497636174 0.21945608764433194 -0.0004743072061130101 0.9756222632907257 16.995187369134705 
0.981275004166046 -0.03239707391278289 -0.18986783772091664 -1.008801394572373 0.03212152174344267 0.9994737079393685 -0.004529346400639305 -1.0238808674870814 0.1899146493554725 -0.0016543094695765975 0.9817992102361709 16.49955385441063 
0.9856140559859503 -0.031672062793290635 -0.16601750835782808 -0.6016316582329182 0.031688148675316816 0.9994945450993074 -0.002552557592049502 -0.9748993086025646 0.1660144387589665 -0.0027449508461113666 0.9861195015658083 15.980385512114513 
0.9885682452011585 -0.034210683960771815 -0.14684159384466058 -0.27930897055667003 0.03472238362614251 0.999396570821349 0.00092212030054741 -0.9028594681614117 0.14672143897611925 -0.006010269001124993 0.9891595907695141 15.448748781615691 
0.9907055322886303 -0.03470521813318956 -0.13152222674145134 -0.04478312402156348 0.03624090454417373 0.9992998089875486 0.009299924476599282 -0.771303829269733 0.13110738015276627 -0.013979971093608342 0.9912695976764856 14.909015107754074 
0.9922457557135391 -0.032505404788435485 -0.11996565728577484 0.11857037519060043 0.03412935053891499 0.9993511831130955 0.011506530417425956 -0.7424983039740205 0.11951379711255002 -0.015511655939817752 0.992711358265707 14.348960279991507 
0.9933848482373152 -0.029417233464478817 -0.11100076426683941 0.229643940791334 0.030564142381232166 0.9994954240854975 0.00864467654993787 -0.7849583992586413 0.1106904534864044 -0.011980133866098485 0.9937827226811331 13.770404152699607 
0.9941535298309221 -0.028485189138103592 -0.10415062709597521 0.31672207418384346 0.02903891961746612 0.999571043904162 0.0038038580145440476 -0.8429312631701822 0.10399759743459754 -0.006806040560483652 0.9945542607317723 13.179003616082603 
0.9946022444969722 -0.02899535037835937 -0.09962753082367541 0.367535936739813 0.029231838351647003 0.9995722402118604 0.0009144530747996691 -0.870124506082302 0.09955839928488841 -0.003821812957094223 0.9950243810467928 12.580015053204907 
0.994776315859077 -0.028918850420928736 -0.09789679001976749 0.37991181298102106 0.029131058477527116 0.9995753276941683 0.0007387131212045759 -0.8639530395062089 0.0978338532299597 -0.0035866914320172153 0.9951962986299494 11.9770421882832 
0.9949055634653275 -0.026379004129096936 -0.09729885881599674 0.36700341332205255 0.02666441715516032 0.9996431057469234 0.001634010532526364 -0.8518744144453874 0.09722102984187027 -0.004220103529762493 0.9952538681576094 11.366738434445352 
0.9950957273597484 -0.022586238462851408 -0.09630345384499152 0.3622428304671814 0.022943343281157512 0.9997333800853905 0.0026022571210161014 -0.8406642881783886 0.09621900222647332 -0.004799018143341774 0.9953486188443746 10.74138700505716 
0.9952118023531723 -0.01903197415814793 -0.09587101969101072 0.3412645237880696 0.019521095780618326 0.9998007638744864 0.004166458390344042 -0.8178067590500611 0.09577262279208199 -0.006018015922057999 0.9953850452000415 10.106218342391617 
0.9952050876509316 -0.01646592401437268 -0.09641424614679316 0.3161561057428912 0.01703114515700508 0.9998422448785532 0.005042365601271337 -0.80007132519136 0.09631600909683985 -0.006660232921511003 0.9953285224934972 9.455758264979801 
0.9952119289812524 -0.014894837914961684 -0.09659896592045342 0.29047212012049783 0.015467791786104305 0.9998669222303378 0.005185098542249188 -0.7861863731043095 0.09650887954315687 -0.006654444613800542 0.9953098786489595 8.786182854510287 
0.9952535285493962 -0.013330945855617551 -0.09639865036695955 0.2778263083082493 0.013863354383846494 0.9998921108929318 0.004855304244402416 -0.7837136308871107 0.09632352420465388 -0.00616866733358433 0.9953309631615626 8.10782438922275 
0.995343958184354 -0.010273251599891339 -0.09583770243213018 0.26621176035710903 0.010790951012824828 0.9999298431122047 0.004885102848524 -0.7792763913239518 0.09578079286653944 -0.005896537557514667 0.9953849861047183 7.411560994137087 
0.9954997848258117 -0.004789710908819686 -0.09464268107557353 0.25284654347025537 0.00533287687010419 0.9999707260431715 0.005487028429037594 -0.7730802496118767 0.09461362922988936 -0.005967053385272726 0.9954961855466086 6.702252865025374 
0.9957594778436204 -0.0006396003623746783 -0.09199268012172085 0.24931540960820087 0.0012020320838761437 0.9999809240719031 0.00605859811944095 -0.7642961624881996 0.09198705019441653 -0.0061434846528672735 0.995741251627575 5.974654519671764 
0.9961532038482647 0.003015155326727779 -0.08757684226548396 0.25308969606116705 -0.0024685602131396104 0.9999767982376637 0.006348952419564028 -0.7570777442929675 0.08759395340611009 -0.006108340585420113 0.9961375344308545 5.227517965498105 
0.9966766853228224 0.00622592853697241 -0.08122082705663622 0.27165969015378266 -0.005704061909823181 0.9999615817352788 0.006655729201899087 -0.749236964751534 0.08125914478777388 -0.006170321493457407 0.9966739078159049 4.464516112020634 
0.9972919793667111 0.009381998585382372 -0.0729430325210844 0.2907495443185155 -0.008918422799633449 0.9999379282488216 0.006678426777557293 -0.7432617028461861 0.07300116180989867 -0.006009804655735535 0.9973137483372051 3.683634515068661 
0.9979159532016885 0.012258976373786775 -0.06335193638581223 0.315819889753854 -0.011946190744659297 0.9999145228222307 0.005313715826273283 -0.7435269547318213 0.06341166195785444 -0.004545827477710264 0.9979771022324538 2.884272165750552 
0.9985283819707266 0.013467340442240327 -0.052532857721000296 0.3424609326926742 -0.013258267922602651 0.9999027459209726 0.004326318457016848 -0.7458215870542184 0.05258601268982588 -0.0036234570663704647 0.9986098246203439 2.0788751748732857 
0.9990902711504374 0.01044702489547787 -0.04134597638681453 0.370592494600146 -0.010371748513835474 0.9999441417730651 0.0020347399082188103 -0.7437669448904218 0.0413649238523594 -0.0016040587774801525 0.9991428176542769 1.247764295103675 
0.9995033591712589 0.00861155712994248 -0.030312968992964852 0.3877051867416128 -0.008566660416953467 0.9999620083188773 0.001610666998568891 -0.7395980719673747 0.03032568770318879 -0.0013501861639834177 0.9995391586439486 0.4079607948772548 
0.9997962449610739 0.006343360285736363 -0.019163254995478062 0.3979091572205533 -0.0062871632010835805 0.9999757613507488 0.0029913692305579176 -0.7314486796393003 0.01918176583683848 -0.0028702772123835995 0.9998118929919295 -0.44865341428991456 
0.999962321010761 0.0027528194107022544 -0.008232772562376936 0.4013228212503037 -0.00269497971016956 0.9999716689071965 0.007028404322337046 -0.7259678607398041 0.008251887246777887 -0.00700595234415231 0.999941409777902 -1.309319906417663 
0.9999987019113054 -0.0009703707167813933 0.0012862956023391397 0.39407307387384094 0.0009554398772889256 0.9999327492680986 0.011557857750542458 -0.7272360000285207 -0.0012974245047285928 -0.011556613769306256 0.9999323783975803 -2.1722015443429896 
0.9999374465072081 -0.007369355856150783 0.008414016098723668 0.39067088331081834 0.007265236076996344 0.9998974801039652 0.012338785454221157 -0.7222172573465917 -0.008504082395513477 -0.012276883806781588 0.9998884731341817 -3.042439740508229 
0.9998374029619835 -0.013460674261301054 0.011999078575769482 0.38834334214007526 0.013345567398646542 0.9998646475196017 0.009621978554936357 -0.7032962868739023 -0.012126972789799328 -0.0094602795378692 0.9998817128250833 -3.917939334651532 
0.9997459920328826 -0.018423600170189694 0.012981616654211825 0.39520507068812094 0.018322933940790116 0.9998014510194662 0.0078312598713576 -0.6806708116782918 -0.01312331916815843 -0.0075914093645580135 0.9998850678942408 -4.792720015136222 
0.9996905324739366 -0.022312675148488288 0.010999264052437238 0.41571060309939867 0.022250345633383482 0.9997358553100852 0.00575688514810323 -0.6505344355094507 -0.011124810163421905 -0.005510366152219534 0.9999229342622847 -5.662565789693115 
0.9996172395254991 -0.02671438760466706 0.00719137944549234 0.4432394135496338 0.02667580012317073 0.9996295019713546 0.005409295359771674 -0.6253603621110813 -0.007333221066493751 -0.005215389094615506 0.9999595109730103 -6.529385379607874 
0.9995483858423726 -0.03003126212990626 0.0010712865128960913 0.4886552034810876 0.03002483236186875 0.999533558005844 0.005583534885677277 -0.6049747776045562 -0.0012384674196422548 -0.005548848084312472 0.9999838381110905 -7.384229491950919 
0.9994249197552801 -0.0331625522614294 -0.007076362035638974 0.5542253474373382 0.03320912167408262 0.9994268423188384 0.006568187743315226 -0.5928892937431152 0.006854488295082508 -0.0067994102761521165 0.9999533909188515 -8.236272775297284 
0.9992079979955378 -0.03602313264378441 -0.016902977734039867 0.6417221301118019 0.036142624509419435 0.9993233854510022 0.0068177697466951384 -0.5791750043126558 0.01664594350946321 -0.00742328803672261 0.9998338898834166 -9.086934244068665 
0.9988924574261853 -0.0378864185512832 -0.027901214784187483 0.7424979025980178 0.03805227026846982 0.9992609572307156 0.005437286250502702 -0.5524138113427219 0.027674595290476833 -0.006492968790280994 0.9995958974164496 -9.933600732467337 
0.9984686955083898 -0.03880441136045774 -0.03942691655130376 0.8536743159632749 0.038946620814122465 0.9992372425168347 0.002844977067331684 -0.5111811256516545 0.03928644571523416 -0.004376165709963958 0.9992184067343556 -10.782155783481823 
0.9979094755060827 -0.039248211775728015 -0.051344489164693266 0.9774709464202118 0.03933729796106333 0.9992257257237495 0.0007252868184269372 -0.4715723089054298 0.05127626823685809 -0.0027435240574983652 0.9986807384702329 -11.621821286358404 
0.9972647521926712 -0.038151853227724054 -0.06330442424807374 1.108239480164812 0.03832441779784175 0.9992642034956534 0.0015134770080700304 -0.4670183994013306 0.06320010312132623 -0.003935442476737531 0.9979931158369614 -12.453629220444647 
0.9964872812037481 -0.036669167364521645 -0.0752892460046932 1.2466294947052887 0.03704113000744765 0.9993074378558221 0.0035495540289088587 -0.48296092143699676 0.07510694433229101 -0.006325884193176045 0.9971554192312462 -13.277793182947828 
0.9955553833367571 -0.03502110038014657 -0.08742426000468798 1.3973689519869623 0.035553236989173224 0.9993574864349687 0.004536699898946896 -0.4875357137897316 0.08720920850916587 -0.007624751441529898 0.9961608389796608 -14.101654704520236 
0.9944718245132192 -0.033735309300399814 -0.0994370109956784 1.551730298770039 0.034261298586775575 0.9994064748495419 0.0035862860954935663 -0.4621452407595048 0.09925700815809484 -0.006973301600912236 0.9950373959788074 -14.922212571934663 
0.993295496860525 -0.0327658130653171 -0.11086233540193649 1.7112434402985457 0.033260110302811285 0.9994433169597757 0.002611751727333115 -0.43338845719784036 0.11071504405114761 -0.006281534733573486 0.9938323406602058 -15.745546432340722 
0.9921791788258888 -0.03037245544592921 -0.12107019061094222 1.8562013968315938 0.030972987929074967 0.9995154734148771 0.003080977601186832 -0.4282470510832841 0.12091795203000333 -0.006806787378690286 0.9926391673324461 -16.568367004094362 
0.9912661142962151 -0.02801246868935197 -0.12886734359801932 1.9694530289004888 0.028744876105886427 0.9995794558996647 0.0038266749257901077 -0.4290654047247484 0.12870595458540046 -0.007497529010182967 0.9916544581218816 -17.39402714352021 
0.9905514482108488 -0.026287556246191772 -0.1345986360777588 2.054449289927831 0.027233441861009074 0.999615623795943 0.005190790638302332 -0.43689240532442497 0.13441044636408508 -0.008807329314324534 0.9908866044399617 -18.22485630765213 
0.9900329458543986 -0.025574808434350928 -0.13849438723792143 2.1139100551154115 0.026954423519755417 0.9996038878874735 0.008094836191377176 -0.47835192412050276 0.138232504048718 -0.011747190889478499 0.9903301360307216 -19.06248018803877 
0.9897431968117077 -0.024511257575473278 -0.1407394849251966 2.1428082292617603 0.026301490281944444 0.9995949124719546 0.010873939908506974 -0.5233876264459809 0.14041593917319226 -0.014464066242030154 0.9899869467896322 -19.909291323729217 
0.9896347427216827 -0.023562739750441385 -0.14166112132000677 2.151041723044088 0.025649350356582234 0.9995874882764628 0.012921459183738913 -0.5553639526513181 0.1412982194667503 -0.01642104066753153 0.9898308757555105 -20.766478538286194 
0.9897443299021476 -0.022831148924200042 -0.14101382934077467 2.1288640219663932 0.024952171918590445 0.9996002862341231 0.01329123309569214 -0.5531220097614988 0.14065401004981407 -0.016673523906478967 0.9899184022218427 -21.636183540404552 
0.9900150446244478 -0.022758218513728962 -0.13911245417766954 2.0740649473730883 0.02477111832419804 0.999611773891756 0.012755124223009201 -0.5305613902901913 0.1387681631867387 -0.016073735939637568 0.9901944414602222 -22.519628527136174 
0.9903417422336876 -0.022801498146342 -0.13676010116926443 2.0110255257214362 0.02450396717562513 0.9996416329636549 0.010777812320381755 -0.4731276372598572 0.13646534058947254 -0.014024882460821779 0.9905455635606873 -23.413972331293234 
0.9906899871773343 -0.02242616021332785 -0.13427738694455738 1.9389960899999465 0.02376170785477004 0.9996827651191728 0.008351668306977892 -0.3983013359058667 0.1340474936222112 -0.011464574208028079 0.9909085896246089 -24.314686845103466 
0.9910086590571233 -0.022086264235372886 -0.13196224689633038 1.873810334684137 0.023167712282729715 0.9997093737083389 0.006665225222477667 -0.3373391826219816 0.1317766852724231 -0.009662559278318267 0.9912323341007426 -25.21906131626112 
0.9911718965285875 -0.024171101414283577 -0.13036114984282426 1.8264209135636378 0.024987724733341772 0.9996770268364937 0.0046320220204750335 -0.26763481640231124 0.13020708561585112 -0.007848558578991085 0.9914557554342293 -26.124022006985136 
0.9911591162665224 -0.026475877134945234 -0.13001013103486164 1.810163126621859 0.027267198945031358 0.9996188891834329 0.004310017328416265 -0.24271515381408948 0.12984647127842405 -0.007816925074123678 0.991503297815457 -27.029062430223306 
0.9908694772392302 -0.030368410866382093 -0.1313599584999392 1.8407675445512979 0.03119944659201125 0.9995040473376229 0.004272456911737661 -0.22870996582148173 0.1311650624518868 -0.008331805156208152 0.9913255304968354 -27.92834147597668 
0.9901877184375554 -0.03505583835092765 -0.1352751656917924 1.94875486053661 0.03602736989151252 0.9993395635174556 0.004739768711790422 -0.23251182204162157 0.13501966847140554 -0.0095668691981637 0.9907967319988588 -28.82236380553936 
0.9891004987406586 -0.04104643226409336 -0.14140506988566598 2.126082492916197 0.042016180060385315 0.9991094048529071 0.0038778534789057077 -0.2019829412901486 0.14111996316649916 -0.009776887687797237 0.9899442249253374 -29.713138655664864 
0.9874628357959837 -0.04612635257116733 -0.15096194063483215 2.4127445550300735 0.047273408260429285 0.9988739126656854 0.004016399804323549 -0.20035445188448553 0.15060668243207836 -0.011102530991885084 0.9885314163001492 -30.591431473301178 
0.985204381805822 -0.04965390474369926 -0.16403297172919745 2.811759147954646 0.051335824392065736 0.9986632562697731 0.006027745071021732 -0.25480199064992926 0.1635144006031119 -0.014359328687578084 0.986436440159754 -31.453919156693257 
0.9821637506256534 -0.054302412316973775 -0.1800155964729372 3.3143586951102293 0.05692231557312872 0.9983342042825429 0.009416291697635186 -0.36179205889652133 0.17920439990899487 -0.0194952449612522 0.9836186855063083 -32.29588118229921 
0.9786753597216418 -0.054619645668763005 -0.19801826830051297 3.8956674821199897 0.057905083958188906 0.9982632959440707 0.010834815304211735 -0.40072290202871397 0.1970825753980046 -0.022070031216564093 0.9801384454231917 -33.12097960414584 
0.9746706299535708 -0.05282892927370753 -0.21731605402662507 4.531577189606466 0.055924132893327975 0.9984020581019699 0.008113059711355999 -0.2920668459196043 0.21654019134109684 -0.020060772904956784 0.9760675749785039 -33.93068318521816 
0.9699748918956882 -0.05018845869943469 -0.23797022440911192 5.2328389613066975 0.052345645507036735 0.9986252395158128 0.0027503451487294298 -0.08035164093825675 0.2375050367642744 -0.015124470746464688 0.9712685560112824 -34.71735204629367 
0.9646103893145799 -0.048491887904124856 -0.25918204728311833 5.970903857212349 0.050646290699558796 0.998715311103353 0.0016372556638551859 -0.016307970568643304 0.2587696853666411 -0.014705923134126601 0.9658270993091999 -35.47866978020095 
0.959018076696034 -0.04472728066051549 -0.27979242115353203 6.7067861622250575 0.047314363013071126 0.9988769306010039 0.002495709475293208 -0.019556961154132413 0.27936656854911424 -0.015631630683752538 0.9600572756347718 -36.22098577171401 
0.9532402581617798 -0.03827162212405977 -0.2997804082318542 7.436678253582812 0.04193736368501501 0.9991034000604837 0.005801164946059832 -0.1119323683541138 0.29928960514326963 -0.01810190397648258 0.9539905939397999 -36.94873570627503 
0.9469869677957903 -0.03427289359704879 -0.31943865074442834 8.1820098745022 0.03779925720450849 0.9992736114070669 0.004844140818062025 -0.048444905342337474 0.31904059142955843 -0.016661881945422487 0.9475945771849452 -37.6604878394826 
0.9406158849995082 -0.03029352815541711 -0.3381184097893656 8.907153436018575 0.03407318517966239 0.9994055644961038 0.0052474475639534435 -0.03494879974983078 0.33775845650154246 -0.016456603723763084 0.9410889465165206 -38.361949276810684 
0.9348250303024503 -0.02537019815628278 -0.3542012362563606 9.542070349159786 0.029741164389932354 0.9995338096128419 0.006901201458533486 -0.06416516112967852 0.35386102619637844 -0.016985773057214833 0.9351437630936197 -39.0735047322661 
0.9293228509026635 -0.02343150385838144 -0.36852408797401687 10.127335318250559 0.028793366019257475 0.9995443579438553 0.009056410761813731 -0.13616342523153646 0.3681439675771246 -0.019027378420063405 0.9295740841950322 -39.792874201741235 
0.9242053298801528 -0.020478714806672915 -0.38134647036649627 10.663303114219929 0.025478983142491834 0.9996428067651026 0.008067236256248549 -0.07024818086577111 0.3810450493565594 -0.017172103035344607 0.924396986818002 -40.52717428619788 
0.9200590063695933 -0.017771715962796617 -0.3913765334175455 11.09295457942332 0.019076398384694316 0.9998178751232406 -0.000554624842703805 0.3327689837006309 0.39131511064980007 -0.006955767088208084 0.9202304610701331 -41.298313010798275 
0.9167582729251575 -0.01915616273092688 -0.3989828448100357 11.429140179150977 0.016299993433304842 0.9998114826865634 -0.010550322372856089 0.7871845717990964 0.39910973332826233 0.003168677566937502 0.9168976934451962 -42.09703049355577 
0.9145931658173915 -0.01944350876257641 -0.4039075277920949 11.648985673645015 0.014516309003004638 0.9997782158580723 -0.015257649510310632 1.022490602512696 0.404114609749575 0.008091295486497015 0.9146725715381979 -42.92449365592543 
0.9140001097149675 -0.0175963448247146 -0.4053321700652894 11.706280013757052 0.015390703564010254 0.9998437037621597 -0.008700246604049779 0.7426961022320229 0.40542191071133743 0.0017136790762166882 0.9141280750634404 -43.80153277355055 
0.9139071132611388 -0.01482961951175669 -0.40565240134359953 11.713052964389917 0.017924932686244628 0.9998319908886579 0.003832333990815687 0.1672138603344724 0.40552741598920977 -0.010773689282697143 0.9140193884707011 -44.68987380127224 
0.9141912544729058 -0.013539074037460849 -0.4050568401094633 11.676968047389025 0.021083413673490557 0.9996773013961371 0.014169782680419187 -0.3279851272982204 0.4047342830958692 -0.021493872325526377 0.9141816961301114 -45.588127186781634 
0.9144253410126502 -0.013508013294933756 -0.40452914516845656 11.641101709853274 0.02175422409916062 0.9996385726943886 0.015794863575517026 -0.4000707818321878 0.40416958006230697 -0.023243441189926984 0.9143886990738175 -46.4975024006864 
0.914141609299203 -0.013667992602347368 -0.40516453957137716 11.664445000316348 0.020374139063064907 0.9997174530831745 0.012243710970524234 -0.2081687310642124 0.4048827146289436 -0.019447364323039645 0.9141617949879469 -47.40348481816761 
0.9132052332945001 -0.0140202938973716 -0.4072586809910495 11.763865441010466 0.01853822289185626 0.9998025903355506 0.007149451051306486 0.06894539000977318 0.40707804678654685 -0.014078768318091779 0.9132848690891011 -48.29573180845343 
0.9112695796907746 -0.013116702456534606 -0.4116013912110441 11.98311722351093 0.01583228767718837 0.9998695767924389 0.0031887414159257076 0.303742066450424 0.41150588306500113 -0.009422394683817604 0.9113583963959062 -49.157702182250134 
0.9086596168269186 -0.012792390879493788 -0.4173416531854256 12.283385936991209 0.014432664671840024 0.9998955435404199 0.0007747247762233538 0.4529237284068648 0.41728814857173663 -0.0067273132523263494 0.9087493297482961 -50.00566648781208 
0.9048737013516507 -0.013284560719491323 -0.42547280177310265 12.723639169314012 0.015272978547342077 0.9998825643432947 0.0012623979445460821 0.43488040063434674 0.42540606569306955 -0.007640547674618728 0.9049703317251767 -50.826284205468355 
0.8998810871899978 -0.014137064970344131 -0.43590615080745515 13.302315245411464 0.01785684435280378 0.9998307062027947 0.004437571833906636 0.25577966429348775 0.4357696203586332 -0.011777195253778645 0.8999811862724953 -51.61062047732901 
0.8933981615360033 -0.012185452677763251 -0.44910047840892836 14.048647278870362 0.01730279282287935 0.9998237022638516 0.00729230772356155 0.12081802926090823 0.4489324429406038 -0.01428562684815064 0.8934514998257808 -52.34765751164314 
0.8862982354391137 -0.011515612887084668 -0.46297173619709225 14.851650295544218 0.01759431081362153 0.9998063620518596 0.008813547958593834 0.04977763668679147 0.4627805938935947 -0.015957100628233575 0.8863292237397078 -53.06819848739682 
0.8791326824551103 -0.011933745693894207 -0.4764276569984124 15.647943775128311 0.020475870842815158 0.9997091453333428 0.012742191730905813 -0.1818476344118456 0.4761370237153492 -0.0209573483673938 0.8791213364473062 -53.78285791055944 
0.8727076531793148 -0.008253688029881178 -0.48817335928557 16.353413311840413 0.02203331909743153 0.9995042420516154 0.02249006381442263 -0.7290676924589574 0.4877457174920181 -0.03038333021134208 0.8724568575657279 -54.51662668070914 
0.8670891109666694 -0.005411109349121078 -0.49812367293538856 16.967441937981178 0.022628622563824717 0.9993366551837666 0.028534103227265087 -1.069071587565062 0.49763884402636155 -0.03601346278452194 0.8666363778508109 -55.28259455490843 
0.862444653247617 -0.006433972140102853 -0.5061104860473631 17.474335667184747 0.02217879321928649 0.9994391736693202 0.02508862823117659 -0.8566702954083438 0.5056652264254814 -0.032862473091452495 0.862103669314996 -56.10711757610154 
0.8596425622108931 -0.005366038126081322 -0.5108677626062543 17.78023597221906 0.018263215522939805 0.9996284948781731 0.020231835961202305 -0.5094070221791958 0.5105694078127411 -0.02672223535611845 0.8594212017068925 -57.00415801102632 
0.8582877853662316 -0.0043268970890228175 -0.5131504218576756 17.925482351807332 0.01607884676471533 0.9997002355028304 0.018463743453114224 -0.3598096248420606 0.512916706861695 -0.024098072478242697 0.8581000726750864 -57.95172644965105 
0.8575896161919794 -0.0022146802530118885 -0.5143298021610947 18.000092866029362 0.014473120871006852 0.9996986498167064 0.01982771612942821 -0.40413576181413147 0.5141308967295656 -0.024448000859639923 0.8573632347389414 -58.92339482013418 
0.8573278307514801 -0.0012538004447166452 -0.5147692867716628 18.025256149805642 0.013368305510787262 0.9997140002756948 0.019829424110104365 -0.37401337152963254 0.5145972007567973 -0.0238819102505009 0.8570993964156405 -59.91368317204207 
0.8567893391367876 -0.002243831837943677 -0.5156617045701869 18.08327868423129 0.014147660121898595 0.9997163923477465 0.01915668510684352 -0.32713893222240964 0.5154724745848434 -0.02370865010688192 0.8565780920940531 -60.895016460020045 
0.8562882657525241 -0.0035850393958105258 -0.516485772724734 18.138167602580523 0.014665885163913353 0.9997414713716838 0.01737533400948661 -0.2078540801557347 0.5162899551094265 -0.022453015657431134 0.8561194684978226 -61.87503678538364 
0.8556873644140092 -0.0065436278043421855 -0.5174517516806431 18.200668272442414 0.017248067760089615 0.9997251273876344 0.015879982000067416 -0.13806473260799956 0.5172056056741365 -0.022513342820144836 0.8555650243285503 -62.848670034111706 
0.8544265473255945 -0.010268868139403189 -0.5194707167612046 18.34326473495426 0.020309681286520068 0.9997006426964007 0.013643380755679085 -0.02970374303182366 0.5191751073301798 -0.02220755140802404 0.8543793259373479 -63.795040992518594 
0.8519129605499943 -0.013898348190960908 -0.5234989432315099 18.639071572493577 0.023558303846208755 0.9996528496458227 0.011797733463551213 0.0519744924307699 0.5231532413804143 -0.02238338921053064 0.8519446401736539 -64.69284765195546 
0.8477882534391913 -0.01794371402709685 -0.5300312259267739 19.131226792858655 0.027024619885470866 0.9995907042506116 0.00938583484896681 0.16390775636670707 0.5296458696625236 -0.022281092941776378 0.8479261793615932 -65.53305779348332 
0.8424334711996638 -0.02457759470593836 -0.5382395270146526 19.764427210931913 0.031847000074594324 0.9994839040763145 0.004206433004275201 0.43367624702749463 0.5378583597832558 -0.020684954214146574 0.8427814173796349 -66.32666532664635 
0.8361734500528177 -0.02564182742582955 -0.5478653649511285 20.51873266175673 0.03135510952232139 0.9995077292810679 0.0010752740339921936 0.6762900110823447 0.54756809488283 -0.01807749412028502 0.8365658286546966 -67.07627359050161 
0.8292579319853365 -0.025153761260276616 -0.558299713893769 21.35012883897329 0.02986237418707812 0.9995537894245865 -0.0006787155966810404 0.8480694974547069 0.5580676669072612 -0.016109324672724717 0.8296390593573062 -67.78901288135813 
0.8216901238906352 -0.027080339285984037 -0.5692907829262207 22.24587017646641 0.031519384616785294 0.9995010362526187 -0.002051078574799378 0.929063416873019 0.5690622713675296 -0.016258344137606268 0.8221336859367407 -68.46771150206095 
0.813555981832016 -0.026879776186597933 -0.5808649946911106 23.209161887395666 0.0310214212821526 0.9995147852150355 -0.0028045602465953437 1.0127814740487406 0.5806585363593476 -0.015737590943342705 0.8139950813022891 -69.10896192331175 
0.8049345092142365 -0.027609949460985078 -0.5927209516853594 24.21366056006984 0.031690623179920975 0.9994915238278844 -0.003521107593064614 1.07130979465721 0.5925167848074046 -0.015949435318391356 0.8054001957005723 -69.72220136128954 
0.7956628420705594 -0.027198259147553267 -0.6051288263234067 25.284289527205658 0.03256267044742801 0.9994674752111443 -0.002106772031472087 0.9744094872510694 0.6048638807546146 -0.018028330327652782 0.7961247798329509 -70.29507922568041 
0.7861921581389621 -0.02808936549288275 -0.6173434036474426 26.356916401769723 0.03507027328524956 0.9993845204360496 -0.0008100891964651953 0.8458043686428867 0.6169861962900782 -0.02101351610310805 0.7866933746565338 -70.84746248041438 
0.7765627586375797 -0.028035639062134188 -0.6294158282404176 27.440250288777747 0.03631521564007637 0.9993403422995614 0.000292173937776868 0.7542720562842962 0.6289924379594769 -0.02308426292894967 0.7770686133121194 -71.37997846505255 
0.7669647999291967 -0.027892049046735184 -0.641082700803525 28.504953764880042 0.03561786708214688 0.9993651052024801 -0.0008683594622689891 0.8765973889836589 0.6406999010567165 -0.022167997284638377 0.7674713132634359 -71.90239435751928 
0.7571774871095099 -0.027170055404521172 -0.6526438853646332 29.58235383623243 0.03411143790282039 0.9994159710838907 -0.0020313903237174744 1.0212662037230489 0.6523179154513012 -0.020724498347620555 0.757662083220158 -72.39880231264007 
0.7476191869588297 -0.025137554193245412 -0.6636517570685699 30.626351547238855 0.032293953896321455 0.999477321524938 -0.0014779374403098963 1.0490971343170026 0.6633420323127129 -0.020327004858485195 0.748040213518446 -72.89671140294482 
0.7389374122978274 -0.0227073220253826 -0.6733913262234867 31.56789474583738 0.030831772986186615 0.9995245796773279 0.00012804448259251796 0.9865112723362408 0.6730682747545886 -0.020856465359615738 0.7392862134326486 -73.42053564003444 
0.7318918003434376 -0.019076604849603607 -0.6811537827373889 32.330871657045265 0.028438873834846588 0.9995922492866007 0.002562346807125755 0.8840810639851933 0.6808271609190155 -0.02124660710716948 0.7321358880982319 -74.00994427316294 
0.7265501188325594 -0.014145224869287546 -0.6869678576453134 32.90950401232581 0.024817896471453903 0.9996759445485586 0.005663736017851714 0.7639623910546969 0.6866651271465054 -0.02116408524706464 0.7266657310321776 -74.67088143029586 
0.7228970369751654 -0.010525604988174068 -0.6908755934118382 33.30456878990853 0.021939997861977752 0.9997294372535004 0.007725851578756661 0.706564508381629 0.6906073489518794 -0.02074280425674171 0.7229323797183406 -75.40294461932247 
0.7207123701077581 -0.007570992867800126 -0.6931928733337179 33.540643260044604 0.019819351339403213 0.9997566488743904 0.009686916120995773 0.6385830550899376 0.692950844494864 -0.020720113379169958 0.7206870361088866 -76.20005221177621 
0.7199392447919452 -0.005584199371560707 -0.6940146255849249 33.624229346234515 0.018508524347260868 0.9997664667997104 0.011155554191159241 0.5827104650516666 0.69379025528966 -0.02087650785461251 0.7198744703661227 -77.0539200460413 
0.7206124937567878 -0.0019413649363607833 -0.6933353192675304 33.54993111425654 0.015868818975779242 0.9997803073526926 0.013693707097430324 0.48183517416333155 0.6931564141129596 -0.0208702690912257 0.7204849876590925 -77.96148252503022 
0.7226271311940327 0.00036294473778163583 -0.6912379456695074 33.320454555642755 0.01367056476546974 0.9997967757379584 0.014816304632928032 0.4790487987871992 0.6911028468479025 -0.020156276816415415 0.7224753141690203 -78.91731867827446 
0.7257841190199917 0.001668127209443542 -0.687920511345598 32.95244195360797 0.012260519473910303 0.9998068600347221 0.015359762033906611 0.49872166991806655 0.6878132684389021 -0.019582134181991093 0.725623488994309 -79.90987276250794 
0.7298981060797995 0.003959477732096495 -0.6835444954625934 32.468419938021555 0.010229504064699609 0.999807970275665 0.01671465883125356 0.4744915136540899 0.6834794159210004 -0.019192319019439505 0.7297174404541422 -80.92337772642705 
0.7346901053453322 0.005445726875473756 -0.6783810088486129 31.89228276922664 0.008793900383743712 0.9998073168851672 0.017549826749119413 0.47439973310113537 0.6783458678459715 -0.01885929907714171 0.7345006537877368 -81.94674148371533 
0.7390805044464528 0.005702638220139431 -0.6735929689838727 31.356220713689098 0.008178592865254306 0.9998144934707822 0.017438155421588823 0.522486104140722 0.6735674565816863 -0.018397243355820447 0.7388967606309998 -82.92593215152218 
0.7432087232520815 0.004338248728147673 -0.6690455689114039 30.845767006067646 0.008823342232929191 0.9998284667220597 0.016284525294146018 0.6147630493777645 0.669001451653022 -0.01800601927655856 0.7430429603703687 -83.86697743973028 
0.746909724243996 0.0037525782494562143 -0.6649148682246768 30.37806909196688 0.008556260399096679 0.9998470378762128 0.015254220994407463 0.7239908188127058 0.6648704040922112 -0.01708271075225172 0.7467633673096283 -84.76094129913645 
0.7497649509082712 0.003448286342515232 -0.6616952680130171 30.010587829488372 0.008318498822042707 0.9998582818007595 0.014636218493152572 0.798974258815282 0.6616519636235236 -0.016478034947518476 0.7496300110036968 -85.59133072647633 
0.7517672864811892 0.003049185135796272 -0.659421450550949 29.747124876901267 0.010002914195662255 0.9998215236074335 0.016026934794402276 0.6390093824357566 0.6593526284806209 -0.0186446614696395 0.7516026130305686 -86.37360921060127 
0.7521041537956605 0.0025883723072053443 -0.6590391810599088 29.696680968335954 0.012463202724118728 0.999757598884505 0.018149712134020522 0.38952344044343423 0.6589264074395355 -0.021864212802878962 0.7518895835010211 -87.07621591915228 
0.7508974455498563 0.003784919537942981 -0.6604079804566204 29.849553478441592 0.01516243641165512 0.9996211906969409 0.02296901459995486 -0.1010054773350646 0.6602447476419354 -0.02726076839932685 0.750555610010021 -87.70204269179487 
0.7487992366688934 0.0070644308033322835 -0.6627592300236248 30.119971530905374 0.016139107284530024 0.9994523683864311 0.028887584579068724 -0.6327511864059763 0.6626003564594127 -0.032327343599179006 0.7482751569280377 -88.28009800460498 
0.7459451914892326 0.009315733071547852 -0.665942180982278 30.49089690900739 0.014889882117212518 0.9994189789494684 0.030659352996070095 -0.7381244082859997 0.6658408689053478 -0.03278599751329549 0.7453730714631632 -88.82913981866716 
0.7424415367548872 0.010253058263031824 -0.669832396422641 30.94901324191902 0.010998418178167326 0.9995615485452802 0.02749082514840635 -0.3178464538318977 0.6698205724659553 -0.027777427274982867 0.7420032447606704 -89.35182223863666 
0.7389079287152315 0.008609500246338674 -0.6737514002859475 31.411659193936217 0.00599627151679056 0.9997947516751177 0.019351983122836154 0.5881242741121553 0.6737797248431147 -0.01833933009675914 0.7387046441995191 -89.86955359098928 
0.7348838195217964 0.007198179101070226 -0.6781548186238048 31.938518050197786 0.0020099186565459663 0.9999161650806861 0.012791522088068557 1.3313347080872195 0.6781900412362675 -0.010763318631556306 0.7348077428416133 -90.34983963804063 
0.730437070123529 0.004349649016149237 -0.6829661537314942 32.52221894787591 0.00425084080416088 0.9999313982578253 0.010914629201569756 1.4284646463394468 0.6829667758696691 -0.010875630169622301 0.7303684712024483 -90.80979716579586 
0.7269347304087017 0.003026466613019769 -0.686699889489921 32.98114132301481 0.009003680582385664 0.9998623251940139 0.013937876222418082 0.9846848920867943 0.6866475307329073 -0.01631475275514044 0.7268074004720505 -91.31382568246508 
0.7243905846328424 0.0020384154874252465 -0.6893867751542606 33.312386950081645 0.013840028627717526 0.9997510904738396 0.01749887721977314 0.48229036857805196 0.6892508502010524 -0.02221715460335452 0.7241820651869646 -91.86603421537717 
0.7223510461647633 -0.0001799673022920154 -0.6915265242320374 33.57605877765579 0.017723017587290443 0.9996763116350919 0.018252851921223456 0.26611126185962286 0.6912994002255983 -0.025440903431828216 0.7221204190994043 -92.45120342042634 
0.7208438408566705 -0.00273749052647873 -0.6930921030026398 33.76885620827757 0.01977823059750548 0.9996662129582178 0.016621800871387576 0.3391802062139062 0.6928152558174763 -0.025689858220582767 0.7206573752423351 -93.06870951571358 
0.7195062956987832 -0.004015187531568145 -0.6944743110575813 33.940756290420325 0.021214888688662007 0.999643680643766 0.016200007620694498 0.3312709842101609 0.6941618103495342 -0.02638920267967966 0.7193351034352404 -93.70477525494914 
0.7188305746265214 -0.005254792963254122 -0.6951654422747285 34.02579583903153 0.023210559804404247 0.9995953388524299 0.01644470912059803 0.23502164067801923 0.6947977222873359 -0.02795613877859817 0.7186616585076183 -94.37772527891907 
0.7192333045992433 -0.003717431528937122 -0.6947586877888473 33.97044069520531 0.02185038741348974 0.9996120523711154 0.01727151771815616 0.2231135750452351 0.6944249521187539 -0.027602997250948003 0.7190355070631983 -95.10911086566553 
0.720181943338554 -0.002844423739321389 -0.6937794157675015 33.83887697555669 0.01712371660411223 0.999759837458876 0.013676466424624605 0.7607162565308507 0.6935738942742625 -0.021729626269060283 0.7200576897189844 -95.88087245187722 
0.7229640252297818 -0.0038440213472418503 -0.6908749827019607 33.44910110477366 0.012109810728784863 0.9999014036251114 0.007108833423629429 1.5948663298228984 0.69077953842573 -0.01350579610440845 0.7229392939686717 -96.74388241926532 
0.7277148402727982 -0.002161211086892735 -0.6858764031612214 32.784762202077346 0.008129296373340658 0.9999519720637828 0.005474313310919568 1.929862591068635 0.685831630786456 -0.009559431593437398 0.7276974587563162 -97.7099809613085 
0.7334117869330701 -0.0031527542433929688 -0.6797773245176116 31.9645049011703 0.007386777222567654 0.9999671666948204 0.003331824514794331 2.1760893018386294 0.679744500757384 -0.007464963028307605 0.7334109952932807 -98.72511312954289 
0.7395824808862429 -0.004601045595170764 -0.6730502093793469 31.059791473048435 0.0118360563848275 0.999910911941729 0.006170571214705005 1.7205905407978164 0.6729618575635663 -0.012529906595490954 0.7395710511541826 -99.77483715181206 
0.7452290138756019 -0.00926578776789336 -0.6667442253631001 30.20829025873924 0.014710859819880079 0.9998885454595312 0.002547010440369411 1.9368495909721228 0.6666463136336678 -0.011706486913839126 0.7452822624232905 -100.80364759301736 
0.7506291181150178 -0.015675527238620993 -0.6605378148778941 29.367360756360767 0.019417291768811087 0.9998100863620946 -0.0016613214579019983 2.132958462864884 0.6604384118282611 -0.011578819214967156 0.7507909396945006 -101.82630409654358 
0.7549558701401666 -0.022546785742260173 -0.6553878825501716 28.668403790762397 0.023756653263279547 0.9996930825016509 -0.007025825508506277 2.4670310861443747 0.6553451423232131 -0.01026563446847174 0.7552597971442195 -102.8096456935657 
0.757665826930205 -0.031444721282730535 -0.6518847476399651 28.199506688056644 0.03501644156543437 0.9993585401045036 -0.007507139288028494 2.0048800435289955 0.6517026496204099 -0.01713878127658842 0.7582808969333791 -103.74442612984421 
0.7590709994142625 -0.041353451090350615 -0.6496930890283129 27.910937800765794 0.04744328249281708 0.9988407131957429 -0.008146447626203429 1.4906437336333718 0.6492767921268552 -0.024639840615103503 0.7601529618832803 -104.63389242789638 
0.7602949673311187 -0.05133478233807504 -0.6475463711374471 27.633556625191105 0.057854320030469746 0.9982620927370467 -0.011210346027770232 1.3041471962300482 0.6469964762692181 -0.02894018532340085 0.761943584111489 -105.52628580459037 
0.7617313132706344 -0.05141997446319238 -0.6458493575201576 27.402511553647074 0.05755045079817872 0.998275179235638 -0.011602246979842964 1.3639082820254238 0.6453319703810757 -0.028331126844153322 0.7633767059950279 -106.41744285978253 
0.7634100349776268 -0.050109510262035986 -0.643967511196612 27.138331783015104 0.054710701304638 0.9984197862084735 -0.012832368065981708 1.6308843705029332 0.6435929285334117 -0.025435555600872732 0.7649452103602336 -107.32448551595975 
0.7641627158916563 -0.05209418549571961 -0.6429164327333894 26.994438521317065 0.05416174645293578 0.9983954784940343 -0.016521917075108132 2.0355422403001526 0.6427455553033848 -0.022196043796280724 0.7657581124464419 -108.20970760603913 
0.764668405221904 -0.0534162936507824 -0.6422062983403414 26.896484740850553 0.05459124512762528 0.9983458558930159 -0.018037404931311913 2.1768515177914 0.6421074878949825 -0.02126620779203533 0.766319595466109 -109.08988170837112 
0.7649613228141259 -0.049429645360130496 -0.6421766772143273 26.88260054320584 0.052660728492156174 0.9985125167488432 -0.014128041993345905 1.8861051288018817 0.6419197942680513 -0.02301008595077552 0.7664264567924308 -109.96268635346166 
0.7638987355031754 -0.046758266523180145 -0.6436399509107539 27.08489806804556 0.05290404438982771 0.9985519750855661 -0.009752699109220121 1.43712753093852 0.6431639635301788 -0.026601082016773032 0.7652662925097958 -110.79590188342993 
0.762270691386864 -0.048189374476674686 -0.6454619874478589 27.346008028784823 0.05318967554787921 0.9985155011268717 -0.011732537000336215 1.6368993781911296 0.6450691834739153 -0.025388544599872675 0.763702278597751 -111.62499060747939 
0.7614220640249522 -0.04685179568403442 -0.6465611724014705 27.500018883413503 0.05036800713972653 0.9986454754496787 -0.013049069723847987 1.9281118551673444 0.6462967617687362 -0.02263014814505017 0.7627505307255963 -112.48932237533568 
0.7605191384958919 -0.04478783432862825 -0.647769009661329 27.669430420540067 0.04608522057114315 0.9988255800445109 -0.014953698327024156 2.36254964302379 0.6476780005731056 -0.018480003920397333 0.7616900268670496 -113.35949327858795 
0.7593794656601939 -0.04727579293881083 -0.6489282136998247 27.841062420415838 0.04859000224850227 0.9986923006344429 -0.01589655104016664 2.3396314593248766 0.6488311327418931 -0.019459908928068894 0.7606835564999299 -114.24696409057012 
0.7576462850770587 -0.05192841719920856 -0.6505963004783518 28.094823630295537 0.052848044496138065 0.9984376427531982 -0.018148215514774798 2.3619549065853978 0.6505222447402292 -0.020632814171155995 0.7592068862158137 -115.1225221636632 
0.756587523708207 -0.05227844419741521 -0.6517992660638569 28.275315191466476 0.05334771502034478 0.9984109533448899 -0.01815460115390167 2.346780682134665 0.6517126209236652 -0.021036456765504384 0.7581742063771104 -116.02971130175975 
0.7553087672034356 -0.05160478238667415 -0.6533342273449722 28.504441869886335 0.05117713744851688 0.9984952157144913 -0.01970291343552181 2.643062787979093 0.6533678648267015 -0.01855399229535417 0.7568131754810442 -116.92609065837874 
0.753977872375896 -0.05462167610725713 -0.6546249616893264 28.70834149274428 0.0495318290861794 0.9984272918126323 -0.026259110249006123 3.4534177348922346 0.655029744267308 -0.01262598364191248 0.7554975967282617 -117.83051639913208 
0.7528297408124445 -0.05573070985529878 -0.6558517129102379 28.903115295309476 0.04563974181104449 0.9984306799704782 -0.032452908361346386 4.360130019906996 0.6566310953006187 -0.005501388253272482 0.75419184523011 -118.72528073528098 
0.7524996442363108 -0.05816320067351453 -0.6560193042217884 28.93578366460767 0.043755972393602176 0.9983070795119895 -0.03831957562570106 5.126658541385788 0.6571375048679818 0.00013070446042725545 0.7537707095743562 -119.66166905832492 
0.7517957174913267 -0.06146555550023205 -0.6565250830309151 29.024104904662295 0.04881137335896782 0.9981019114220304 -0.03755028956615719 4.775395834381165 0.6575869896770412 -0.003815744060954054 0.7533689608052279 -120.62144468059503 
0.7515999846934872 -0.06550109714991742 -0.6563589485037191 29.009767310657168 0.055659686085420566 0.9978063579163317 -0.03583952352666566 4.206909109513336 0.6572666600046154 -0.00959574769901013 0.753597013842594 -121.61226314516705 
0.7519054764474123 -0.07061520563339178 -0.6554781821096297 28.885350200561675 0.06263932702318906 0.9974012191415623 -0.035596667891927405 3.7835362850493155 0.6562884039798905 -0.014293382674511157 0.7543747278463458 -122.6249888283854 
0.7532459193619978 -0.07087283221282897 -0.6539094942105004 28.631717692805097 0.06176306285113771 0.9974064052129705 -0.03695655432242803 4.005857072466336 0.6548327336287835 -0.012550079452830196 0.755669627862588 -123.65242540976911 
0.7552050885678702 -0.06830477405903466 -0.6519200350057821 28.295168319028065 0.05927864527025747 0.997597424746089 -0.035852759376295416 4.051057935239521 0.6528026626907385 -0.011568750179504051 0.7574396659821602 -124.70334922264315 
0.7574337289333661 -0.0586124265040158 -0.6502758873996546 27.995825247963296 0.051146949747424446 0.9982283559557358 -0.03039965291650351 3.942669530168633 0.6509056274189303 -0.01023390566796485 0.7590896728115518 -125.74328628733136 
0.7611194662183514 -0.053994229656242544 -0.6463604113088303 27.33350717472075 0.049102828036846825 0.9984659378406747 -0.02558677882669194 3.53724125123549 0.6467503926726874 -0.012263528683504707 0.7626031310202926 -126.866863098457 
0.76449682567265 -0.04792862800467985 -0.6428432547316891 26.73406825821789 0.045767762638134 0.9987511724513126 -0.02003515485907924 3.124428415357941 0.6430007118499493 -0.014104685204459535 0.7657356870459558 -127.9702097663222 
0.7674630755357797 -0.037914461288645764 -0.6399710316212407 26.237033046119777 0.03826333428190407 0.99917905139915 -0.01330941376342845 2.8329876508826244 0.6399502675511541 -0.01427294189319937 0.7682837615041201 -129.03845674759742 
0.7681208213365598 -0.039941188148378985 -0.6390579827516009 26.085672526405602 0.040015087891986566 0.9990960674423565 -0.014347151710859317 2.8618740229159916 0.6390533597206464 -0.014551615391895674 0.7690247420722175 -130.03294178886102 
0.7671275954194686 -0.0427422119542467 -0.6400690241397441 26.264780481107735 0.04076730104079225 0.9990091861349966 -0.017851419656206305 3.239081176099585 0.6401978440386957 -0.012399569958301944 0.7681099993835885 -130.94972631401563 
0.7661572017740506 -0.045264311438488296 -0.641057161476071 26.440450349845477 0.03893562551952059 0.9989534325205033 -0.024001181656514492 4.094510655410037 0.6414726488597633 -0.006571283398613658 0.7671177608420592 -131.85019544035856 
0.7647696723372286 -0.05176800019763711 -0.6422206960451721 26.649832931138548 0.041685124915603784 0.9986541056261345 -0.03085980681785427 4.752074610537528 0.6429538853090304 -0.0031704055895487243 0.7658983286927965 -132.74601695177864 
0.76325142989334 -0.0525812113431549 -0.6439584388603496 26.955309279970436 0.04311364736712269 0.9986063726114565 -0.030438889442493292 4.629774244545836 0.6446615144216963 -0.00453087116075971 0.7644547096002805 -133.6392843238159 
0.7617518494673052 -0.055469300533811945 -0.6454899507594445 27.22879077243674 0.04514635497493545 0.9984508416534779 -0.03252266031461931 4.7647139317662095 0.6462939938337795 -0.004367321805482129 0.7630760119638349 -134.53232107630765 
0.760082390416333 -0.06341896276638835 -0.6467246670265704 27.46875407333434 0.0521536821093615 0.997969344981665 -0.03656747078076206 4.805662525682684 0.6477304634038978 -0.005934782093865744 0.7618464577197095 -135.4335719597674 
0.7585170126403262 -0.060488872984176385 -0.6488397627922484 27.84118590825304 0.05154874380009767 0.9981320355562376 -0.03278973328642809 4.41271212981723 0.6496111671976003 -0.00857530416179962 0.7602182552469422 -136.31593245915974 
0.7575291898575556 -0.061169269635168624 -0.649929109185037 28.038279123543532 0.055920558871891665 0.9980211485448705 -0.028752011279765375 3.6453814340055652 0.6504017355521204 -0.014563911201202248 0.759450771861687 -137.23831165903573 
0.7553600266261358 -0.06444455679426085 -0.6521335210483779 28.449115198709933 0.06309232541123641 0.9976815412231859 -0.02551275713700471 2.776403741902251 0.6522657346891418 -0.02187330341124632 0.7576747124909962 -138.11040740611327 
0.7546800888483043 -0.05935322280649181 -0.6534027536201538 28.666418494890138 0.05914270625746874 0.9979994066655278 -0.02234557208483682 2.6756224205153956 0.6534218421452244 -0.02178024879882813 0.7566805911147734 -139.00954239517392 
0.7547054598009552 -0.05724713648878968 -0.6535613470137783 28.690173401425056 0.052293196264601355 0.998265229401649 -0.027054637164549006 3.753787874089341 0.6539763685111728 -0.013758529409330155 0.7563898547028722 -139.92512232484455 
0.7543030323296646 -0.058716338154398785 -0.6538955016300473 28.755016452223217 0.05068319149609501 0.9982282578256944 -0.03116984725741619 4.405922204296341 0.6545671466840074 -0.00963000062402969 0.7559425332457077 -140.83610112429514 
0.7548323992373361 -0.05375846016683749 -0.6537110042075914 28.708401739396336 0.04725037305123353 0.9985029894728491 -0.02755326224430929 4.217113990786149 0.6542136129034052 -0.01008999376981816 0.756242514486986 -141.78421541466577 
0.7552040769237413 -0.055145606591874397 -0.6531659546174893 28.607157320010813 0.0517025444222069 0.998361704192741 -0.02451029378927146 3.5327305986025355 0.6534475105913486 -0.015260067987427172 0.7568179974253979 -142.74805725255823 
0.7553038278091126 -0.0561621605923069 -0.6529639648667495 28.56899773986231 0.05521966144404373 0.998232167124381 -0.021984756268082852 2.9706143242071974 0.6530443451151744 -0.019451278512369934 0.7570698323651044 -143.68194001101887 
0.7558880078594394 -0.058864080802657974 -0.6520493382908593 28.3978365377952 0.05844239669490644 0.9980405782682636 -0.02234928183420683 2.7991189491184647 0.6520872685790173 -0.021213771970297886 0.757847062431431 -144.6249160250859 
0.7554559105837639 -0.06339523168969222 -0.6521253037285604 28.424485230322517 0.05842704403237867 0.9978610097221108 -0.029320399076561303 3.7126632981614445 0.6525891875366115 -0.01595148505251446 0.7575439937290278 -145.50219338220384 
0.7552704520966889 -0.060185620009104934 -0.6526440341670062 28.513046206064644 0.05271108369696383 0.9981270999933082 -0.031045674649482942 4.376186513754826 0.6532902003284266 -0.010953693581140012 0.757028355315556 -146.35336534448942 
0.7546364331055962 -0.05845674696458813 -0.6535339796552131 28.678716958442337 0.048955306585571935 0.9982634719502295 -0.03276306650765908 4.902142869672881 0.6543143218566859 -0.007269752691168665 0.7561877537417767 -147.17448998851955 
0.7530938326967374 -0.05666405614771222 -0.6554684308912436 29.049477079076098 0.05340481760737304 0.9982614754587024 -0.024938966926075154 3.5713308414941167 0.6557420259602574 -0.01622378981328361 0.7548106941701562 -147.9815492541669 
0.7513073295040605 -0.05455125569242205 -0.6576940452336918 29.4782101412748 0.06018366735588675 0.9980886496304572 -0.01403473057978429 1.6443499600786273 0.6572025736537198 -0.029038043688086105 0.7531544125886118 -148.74972244674836 
0.748971825384585 -0.049424585346892085 -0.6607559421930087 30.067841755975508 0.05769006359459107 0.998291408152773 -0.009280138512217992 1.2180023730805152 0.6600856469750989 -0.031168490044301254 0.7505434457017286 -149.44798724972296 
0.7456698455864623 -0.04692595447402401 -0.6646611438769114 30.836852652395876 0.04943564981573617 0.9986639725664743 -0.015046143195017223 2.629639345839248 0.6644791929852716 -0.021638500281926036 0.7469934252690527 -150.07892681677762 
0.7419526602742349 -0.04404703948321681 -0.6690038177953469 31.69905179456319 0.03842954618538859 0.9989930356592107 -0.023153502637406006 4.5865506582279645 0.6693499980518197 -0.008530710237678355 0.7428982481409349 -150.63938283252128 
0.7387383056229283 -0.046863173246525 -0.6723611818053097 32.378788625755135 0.03525475966625184 0.998900924948397 -0.030887603631754294 5.897042861244977 0.6730696975248849 -0.0008860759017883676 0.7395785266915584 -151.20935315524423 
0.7352952071769623 -0.04496370977759171 -0.6762538155941334 33.16954728344227 0.03783413383379046 0.9989641319643002 -0.02528322301171373 4.971992641517874 0.6766901333842793 -0.006994844662301049 0.7362347013884334 -151.7942082056093 
0.7332683011574909 -0.04219530454229019 -0.6786288785427493 33.6473432244011 0.04156631448190584 0.9989876652425677 -0.01720134278465003 3.6167870584003534 0.6786676948389382 -0.01559490198068356 0.7342798914679705 -152.4214708118607 
0.7315024062573106 -0.039400520110532154 -0.6806995142166506 34.06848434099115 0.04649812037970407 0.9988875357028847 -0.007849574419888764 1.9826866567485026 0.6802515376248104 -0.025909265378207876 0.7325206860742175 -153.02644748623658 
0.7303914031759565 -0.03522172284342891 -0.6821200982280162 34.35860150872634 0.04444590926975066 0.9990038122391298 -0.003993029034515242 1.640902772350072 0.681581219896677 -0.027400973917474574 0.7312292576972909 -153.61741439075348 
0.7330238712964847 -0.028678378844705133 -0.6795980832053273 33.82139784975678 0.03779509523254761 0.9992845258986419 -0.001402524826874028 1.8405418577359751 0.6791520705157846 -0.02465739009641753 0.7335833137604455 -154.36738376306485 
0.7381833631860031 -0.019812153011246125 -0.6743091285964187 32.71074725521427 0.02894752835608907 0.999578238819026 0.002320577843700219 2.067205462504811 0.6739787555386859 -0.021232594578012548 0.7384455389600584 -155.21974627854686 
0.748313281636323 -0.013998283055321354 -0.6631977688428851 30.395316737892173 0.022846584574164015 0.9997280415793168 0.004677227093084486 2.257233351220244 0.6629519334763064 -0.0186518350702508 0.7484295844957891 -156.29410780037722 
0.7627953039340738 -0.006145081509936213 -0.6466108275225219 26.98071523203717 0.01699452063359349 0.999799958677396 0.010546511134589551 1.9434730035984598 0.6464166694668066 -0.01903367021659053 0.7627471460671146 -157.52264624390384 
0.7811009473549756 0.002242686738229649 -0.6244007370249931 22.465974209401054 0.01091054836185088 0.9997918552786766 0.01723966510308046 1.534026760196126 0.6243094344758884 -0.02027847318258567 0.7809138963738447 -158.82260788687344 
0.8030606300937844 0.007781837286402397 -0.5958465132916546 16.760280347394882 0.005892022680745181 0.9997621538874301 0.02099808855818057 1.4384705912514826 0.5958681972232646 -0.020373479398855386 0.8028237744829688 -160.118853626521 
0.8265325135435148 0.010021793281435314 -0.5627997580977309 10.279512352012901 0.0014262261963180565 0.9998009968173224 0.019898056234871078 1.9711297841241344 0.5628871733609465 -0.01724907019271908 0.8263537375986214 -161.25391025672027 
0.8497028697486879 0.004442311059439579 -0.5272431118689894 3.4182500396631497 0.004132209318660765 0.9998776919090645 0.01508396727485203 2.4285304708124804 0.5272456334451628 -0.014995569180702193 0.84958058765367 -162.11443694058488 
0.8720285433151084 -0.0003300352644726073 -0.48945491183606965 -3.6896975494769606 0.0077903202683577534 0.9998824589449359 0.013205271839134364 2.402481409359544 0.48939302258394185 -0.0153283844860842 0.8719286152404914 -162.68894101557356 
0.892269887463061 -0.0025379998521879426 -0.45149530062162163 -10.67319165784835 0.010385893240587595 0.9998349767398087 0.014904781424168118 1.9639120247543982 0.45138296506209963 -0.017988269634887612 0.8921490015727708 -162.94484899589048 
0.9108198016538519 -0.0013550481171873815 -0.41280195343510506 -17.6241739819815 0.010497056310181491 0.9997472803396491 0.019879317450447756 1.2700890964261122 0.41267069283395813 -0.02243968132739183 0.9106038435993264 -162.91199275974154 
0.9278323339661811 -0.0021030344342019753 -0.3729916048559782 -24.635681935632775 0.012261556837606179 0.9996156186865217 0.024865017632803577 0.42886537435156136 0.3727959418646983 -0.027644025107246183 0.9275014790312099 -162.56292188433954 
0.9428822987563101 -0.004243256351948346 -0.333099032522684 -31.527881792937016 0.013538946556248904 0.9995808249491058 0.025590453692966687 0.22631140347018786 0.3328508188635914 -0.02863859580350433 0.9425445152417157 -161.92293576546385 
0.9565001646032641 -0.006808032398768602 -0.291652337224967 -38.54351336276365 0.01418889186609163 0.9996301629145609 0.023199412471456578 0.5173536540999191 0.29138653102286827 -0.026328465323025095 0.9562430138056921 -160.97683803225905 
0.9678935057427976 -0.00894342594330283 -0.251201466304069 -45.25585351785556 0.014076180003886987 0.999727104531761 0.01864343372449788 1.185986712840854 0.2509661783934552 -0.021580815483623998 0.9677552612647716 -159.7982221803348 
0.9766415766009048 -0.015412418133740188 -0.2143214600122217 -51.278197407622116 0.01818747140687458 0.9997742791137895 0.010982108464543646 1.9509732349344597 0.21410382233468755 -0.014623549151066279 0.9767014411128426 -158.5361102503616 
0.9831606707988175 -0.02100915328603598 -0.1815315699062361 -56.54031451066537 0.021979564884622937 0.9997528563339747 0.003335412949230907 2.7474912349865845 0.18141663132662736 -0.007269231751918935 0.9833794609141658 -157.31602643181674 
0.9880932455620066 -0.025055182740787402 -0.15180242386920761 -61.238494144757816 0.025527897341097505 0.9996734305813241 0.0011656101879275731 2.7667248936629414 0.15172364526362758 -0.0050269282463124565 0.9884101706580749 -156.135575657544 
0.991478243955971 -0.03011278606621805 -0.1267442774933596 -65.15730525646569 0.030214461610389053 0.9995428107022201 -0.0011206619025937634 2.706605901476332 0.12672007761825974 -0.0027183982114073976 0.991934792332433 -155.13904082823075 
0.9932596790392224 -0.039297178896630966 -0.10904559471004485 -67.89413056767603 0.03885702129393278 0.999225797883586 -0.006159280808311012 2.7222081514483842 0.10920321373963289 0.001880578283117406 0.9940176666107396 -154.5670869263806 
0.99408828002476 -0.05150527257715252 -0.09558084752799147 -69.96227270119235 0.05087408238541577 0.9986642465666021 -0.009030524403547293 2.1406926241239397 0.09591829470365715 0.004114550560436614 0.9953807066719895 -154.26283238363655 
0.9944769116333366 -0.05797701459515515 -0.087489073642678 -71.18917478892081 0.05755645049385518 0.9983153868284552 -0.007324167399829286 1.33491900745845 0.08776632175709048 0.002248154840199325 0.9961385538995293 -154.32814638128573 
0.9944578706202306 -0.06438584234440625 -0.08311442033172939 -71.84800427536919 0.06417707191193228 0.9979250629622725 -0.005183835699258864 0.46754985936017635 0.08327572877068512 -0.00017893391941775524 0.996526527986268 -154.6561904170548 
0.9944257933357681 -0.06657754894914195 -0.08176045208077662 -72.04462409048006 0.06647471771176278 0.9977801632885207 -0.003982166881997749 0.1045236611762701 0.08184408013821008 -0.0014750335112305155 0.9966440542252144 -155.20587029731144 
0.9943172835106013 -0.06660458761600702 -0.08304798986489774 -71.83348194659496 0.06643173229438129 0.9977792045139279 -0.0048460276435286906 0.2448771632989879 0.08318632493665139 -0.0006985327879610025 0.9965337663097418 -155.95728745210366 
0.9939676127340364 -0.06692980974424158 -0.08688374648575492 -71.22516481783124 0.06661177156042589 0.9977574186558997 -0.00655785076828788 0.49287656890245346 0.08712781832103303 0.0007308109995973112 0.996196872706345 -156.90141600879667 
0.9935139674771348 -0.06744429560705709 -0.0915492404005147 -70.4832851813038 0.06673593141081414 0.9977124333413893 -0.010780343906242353 1.126559357958798 0.09206688811171111 0.004600798416977613 0.9957421959359528 -157.9066277200007 
0.9929094552736866 -0.06813515836681157 -0.09740848947828112 -69.54706457300665 0.06736768727621863 0.9976659113726967 -0.011150067082312936 1.1457017211684652 0.09794084101724056 0.004508822375742336 0.9951820246475614 -158.9957036008925 
0.99228302500581 -0.0689269832892206 -0.1030702151931666 -68.63463309804646 0.06894529729304599 0.9976146848873759 -0.0033891707297758356 -0.15004488073396027 0.10305796556545987 -0.003743190044548196 0.9946683086646516 -160.07035102993112 
0.9915627290933638 -0.06923595868389767 -0.10958894240771916 -67.58106699724682 0.07032751273561921 0.9975051683647397 0.006122094253884659 -1.709833397217807 0.10889166738250426 -0.01377755822901105 0.9939581397945816 -161.18849196355694 
0.9908605486455279 -0.06804854673371429 -0.11646788581112195 -66.46276509195977 0.07000405747602932 0.9974648641183025 0.012777980527034258 -2.70230956635107 0.11530310088968021 -0.020814421368032663 0.9931122568916053 -162.32990356267416 
0.9901648511560266 -0.06763714227825458 -0.1224695248606596 -65.481731678973 0.06941871229382171 0.9975340838528298 0.010334115122378246 -2.275626590912636 0.12146855526691663 -0.018734154273041682 0.9924184709813915 -163.43990463200828 
0.9890927242809667 -0.06959289195517772 -0.12981684083265108 -64.26106563038138 0.07059178219553232 0.9975004606822485 0.0031034215248513853 -1.244442367106842 0.12927638245601283 -0.01223357380397852 0.9915331343989818 -164.64817590953032 
0.9877319313589633 -0.07483504280568493 -0.1370596517658038 -63.04255936764861 0.07488733164831049 0.9971805346264441 -0.004782146036533775 -0.3653879731200407 0.13703108892688504 -0.005540553256681603 0.9905512520496461 -165.84114668240923 
0.9865801810923963 -0.07836179474488729 -0.14324446027702176 -61.99372527912851 0.07832046138613442 0.9969105628517108 -0.005935907929554333 -0.46325565752198994 0.14326706391895538 -0.005362723099816926 0.9896695355506289 -166.95917872178094 
0.9856402282767944 -0.0805844306597385 -0.1483896557638524 -61.11392438628552 0.08111245527080714 0.9967018212171769 -0.002499836455522243 -1.2309966395020693 0.14810168804713214 -0.00957230994112059 0.9889258116158067 -167.99978090640337 
0.9852233242025207 -0.07913756931862091 -0.15189551201294835 -60.51498127615642 0.0799650419763045 0.9967974480947105 -0.0006629733031347783 -1.413792573090971 0.15146152484727907 -0.011493154232555763 0.9883963344209268 -168.94191495003622 
0.9855518949774529 -0.07043022763960746 -0.15403585732219963 -60.1682623305919 0.07175878120860006 0.9974172752785401 0.003075109004477802 -1.2909140742412575 0.15342144447829967 -0.014084104890487555 0.9880604730296755 -169.80770688376217 
0.9856214440051935 -0.0666996816025184 -0.1552466476006488 -59.965625707306245 0.06790987332550054 0.9976883305941665 0.002498819949456458 -0.8606377304966233 0.15472109818002086 -0.013005670699661085 0.9878725799958316 -170.62954677360648 
0.9852022582828558 -0.07168406726635897 -0.15568527475170604 -59.87377030355974 0.07253306497272415 0.9973659822047147 -0.0002280931596936547 -0.8112521230099312 0.15529154761294806 -0.011067612252833805 0.9878066831111226 -171.40948567367278 
0.9850522730613356 -0.07717742633664307 -0.15399890973882963 -60.145155434087314 0.07744704795560652 0.9969873796308122 -0.004256714677856889 -0.5770376776602659 0.1538634917700038 -0.007733674478458711 0.9880618483573806 -172.06901084584004 
0.985640657791564 -0.07433481769028684 -0.1516140778000718 -60.56115649143614 0.07441801534632506 0.9972139225579922 -0.005133385668155246 -0.1645985208481835 0.15157325852579745 -0.006223145141787472 0.9884264361926073 -172.68378689219983 
0.9862116276764693 -0.06959454548815283 -0.15014401311416284 -60.82414768520333 0.0697672575085438 0.9975547744768757 -0.004123311548624399 0.08530399180526782 0.1500638371342841 -0.00640867823251606 0.9886555384095349 -173.35684426961615 
0.9860815350997484 -0.07189048698793832 -0.14991652349211101 -60.85753981320254 0.07186740792852399 0.997398592960078 -0.005578748864394295 0.1542654098199261 0.14992758856514263 -0.005273010704896485 0.9886829186069456 -174.10660508768706 
0.9858178136956814 -0.07562299773413303 -0.14981455341177635 -60.860154197079254 0.07527447163390462 0.9971307294419085 -0.00800389423242728 0.26385932902041986 0.14998997339990153 -0.0033868298378777278 0.9886817168650114 -174.87296416363117 
0.9858086148501054 -0.07852391692735364 -0.14837577079059394 -61.107111362201636 0.07760518095285586 0.9969121862473563 -0.011980350612202225 0.7236705946015265 0.14885835810122042 0.00029560430120966304 0.9888584842339708 -175.55582998677667 
0.9859731925925848 -0.07933313072054547 -0.14684385536638295 -61.3739288107198 0.07797775007426694 0.9968426570471147 -0.014972894997458939 1.1966128738464787 0.1475680655905653 0.003312319629296459 0.9890463561211541 -176.22819874979598 
0.9861598660680418 -0.07828846898804936 -0.14614935572957555 -61.497699054338625 0.07724602321133872 0.9969298516894732 -0.01280323039077569 0.9134889485389408 0.14670300083739274 0.0013365754423962707 0.9891796819139548 -176.95479649462925 
0.9866858708488315 -0.07334450869890248 -0.14516051567489005 -61.68440694353766 0.07298619127327038 0.9973024515666963 -0.007799742462335333 0.4629293375677257 0.1453410064321314 -0.002898817478527904 0.9893773742645025 -177.65932927773233 
0.9866406067883389 -0.07369177779926993 -0.14529223971403943 -61.66591566301094 0.07393077485112981 0.9972562826838953 -0.003761273376280025 -0.2901725705749203 0.14517077380192692 -0.007030542815646001 0.9893816341035794 -178.43682794177064 
0.9860930855602856 -0.07829723818625575 -0.14659457391936553 -61.42204912256384 0.0789564271656149 0.9968771865535001 -0.0013257218481603013 -1.138486087958423 0.1462405867720604 -0.010267298650691599 0.9891957709973197 -179.2887086323094 
0.98578432410497 -0.07927762845637172 -0.1481361670060382 -61.14080615901626 0.07941542449379613 0.9968290987155846 -0.004993826823651381 -0.5552244036668466 0.14806234059131104 -0.006841460385617888 0.9889543658422338 -180.1706731333012 
0.9859007488641808 -0.07611354035504818 -0.14901826184621994 -60.99243891489935 0.07577226971048354 0.9970932599016267 -0.007974597273122115 0.27597686202030847 0.14919207932048434 -0.00342929050493828 0.9888022873328436 -181.01032490867115 
0.9855533476181941 -0.07816537202108499 -0.15024903865042372 -60.76609243422449 0.07808066596669676 0.996926035878262 -0.006472139541978755 -0.17440002691670653 0.15029307569135755 -0.005352906206832375 0.9886269962904981 -181.87413396389593 
0.9848336919173223 -0.08188453127793596 -0.15296248821816114 -60.26269180391975 0.08270171441751849 0.9965738201642029 -0.0010234235343226199 -1.504822448395558 0.15252221378180142 -0.011642358039509262 0.9882314657014207 -182.82238713975494 
0.984449969531056 -0.08176140432753305 -0.15547774841659334 -59.801028816591554 0.08320288360722586 0.9965287644176867 0.0027752202797668817 -2.197763546276814 0.15471114261663893 -0.015668262524878285 0.9878354963756402 -183.76382153842403 
0.9838852977566138 -0.08241661412355539 -0.15867332029925116 -59.20813406484139 0.08425663650639001 0.9964320763232719 0.004892492076979987 -2.6495672009965245 0.15770396337127862 -0.01818293129564779 0.9873190168058599 -184.74925902446498 
0.9835002631799166 -0.0806653707608579 -0.16192692884461132 -58.60592478253464 0.08269757452655553 0.9965575868455082 0.005838430275403481 -2.6692530283902136 0.16089855031186298 -0.01913306197840095 0.986785479446709 -185.74912896165617 
0.9832346627249132 -0.08127466487002857 -0.163229981518381 -58.36360725578501 0.08268253295740703 0.9965742414583415 0.0018384791212777522 -1.9659579472256508 0.16252137324048674 -0.015303924725266989 0.986586333337347 -186.65389634995006 
0.9833918236290582 -0.07540418112975253 -0.16509006841014628 -58.027272088138815 0.07708312797998441 0.9970175133032629 0.0037775054466941287 -1.8052900143822077 0.16431284977242816 -0.01644042684147744 0.9862712607416552 -187.5833465984501 
0.9836336704033575 -0.07164921010806428 -0.1653214842048964 -57.99252707584938 0.07285750602600247 0.9973415792648151 0.001248232844816589 -0.9809332148072194 0.16479255524595224 -0.013272714886350732 0.986238941015338 -188.43345095904988 
0.9836203648508653 -0.07162020303722241 -0.16541319284615408 -57.97372179850537 0.07207321542963248 0.9973939841728802 -0.0032698552539192423 -0.10200682936024918 0.16521631114476998 -0.008705564465034208 0.9862189329348023 -189.2776753752985 
0.9838073083417778 -0.0678524751618906 -0.16588918490278667 -57.884189023004566 0.06827155659573651 0.9976617028153982 -0.0031813983521925718 0.23558054515688642 0.16571715244144458 -0.008195629926078201 0.9861392685806676 -190.14218837609715 
0.9840168463182193 -0.0660482653188939 -0.1653737367610422 -57.98740798297325 0.06630728943116586 0.9977913914120015 -0.003960125300119521 0.5604956350117782 0.16527005031232056 -0.007068654218879356 0.9862230197056329 -190.95252899472223 
0.9842468733523259 -0.06319211848434082 -0.1651207087485758 -58.03679498918066 0.0636874601873431 0.9979672467956651 -0.002298203203800175 0.5054739084422786 0.1649302874279209 -0.00825411924686233 0.9862706878967878 -191.7766334147966 
0.9848382643812172 -0.05657644784270646 -0.16398993432553619 -58.260766319183745 0.05727345494894684 0.9983584137556726 -0.00047858277071083165 0.7607996369951819 0.16374780721830437 -0.008920943490404926 0.9864618960702123 -192.55044724096484 
0.9853027633758692 -0.05393723587566066 -0.16207787964422848 -58.63639467825557 0.05464036132540197 0.9985060924434944 -0.00011944643943238269 0.9441536487723887 0.1618421928858639 -0.008738302999767456 0.9867779621893562 -193.283857851554 
0.9853897641806726 -0.058848991944966685 -0.1598243060207659 -59.078935015438546 0.059502032576251876 0.9982279383578347 -0.000700857446943317 0.6274938613053842 0.15958233225283058 -0.00881925330895682 0.9871452274127751 -193.99912999390966 
0.9856792430722028 -0.06257635039662392 -0.15659064514730253 -59.71050089595816 0.06290999237158497 0.9980151936383469 -0.002829509996263403 0.7191185175401071 0.15645690344761515 -0.007062127020296573 0.9876595383660978 -194.6524740228506 
0.986277328953047 -0.059768558889353035 -0.15389850474105693 -60.24680934310244 0.05970970216915654 0.9982032176310516 -0.005008770097164546 1.4219079585547214 0.15392134959164616 -0.004249197489595778 0.9880739660878535 -195.3342082061701 
0.9867304356401235 -0.05838731093070621 -0.1515056741634887 -60.721011199418676 0.05922108969219966 0.9982443971694446 0.0009930032622885755 0.3784324325722497 0.1511817115828514 -0.009952157660102745 0.9884558890718327 -196.03211719855315 
0.9868015254386754 -0.06000704979968708 -0.1504057956537645 -60.93715678955827 0.06274746553054 0.9979376296579687 0.013536723463550131 -2.251994443509904 0.14928330436253645 -0.022795641841651167 0.9885316655280351 -196.7838339823101 
0.9869056020894372 -0.06251995922917468 -0.14868956675728123 -61.274403349875186 0.06527773692441845 0.9977726017805734 0.013735071825543645 -2.5154261503833864 0.14749965975049603 -0.023261337751917893 0.988788531759688 -197.52027685167917 
0.9867633679938776 -0.0661964425330568 -0.1480408274137487 -61.400789436893895 0.06723576319010378 0.9977350677264702 0.0020215778739095247 -0.4924361024444024 0.14757170370238207 -0.011948457005979003 0.9889791841295515 -198.3497042799194 
0.9865689465183518 -0.06718136434349278 -0.14889049012820418 -61.228976370404425 0.06634595869132427 0.9977406251931289 -0.01057632282758872 1.9748161019997923 0.1492646225031205 0.000555989362475015 0.9887971295189073 -199.25065488605392 
0.9863823693181312 -0.06711661091007794 -0.1501505312621151 -60.97036790124814 0.06628437498315831 0.9977450365850442 -0.01054626014287055 1.9943988588208672 0.15051977654594775 0.0004500109490707323 0.9886068957673239 -200.17394406369533 
0.9859334080709313 -0.07009828576423693 -0.15172852461733635 -60.64100537657404 0.07028181520913503 0.9975185026954069 -0.004159715281579599 0.4360193032850965 0.1516435996029743 -0.006562553864938442 0.9884134517428543 -201.1215371379649 
0.9851495790422495 -0.0780931231785686 -0.15291099053075363 -60.37793107621679 0.07915224210081333 0.9968621840481255 0.0008417750384894137 -1.3124485562248185 0.15236544714367914 -0.01293252206718098 0.9882396067703868 -202.03419284311576 
0.9847373872016364 -0.08086985072522271 -0.15411795966393688 -60.11788013030212 0.0820206884058537 0.9966300056271548 0.0011129047794835073 -1.617081708952504 0.15350858256372604 -0.0137367800920951 0.9880518285757981 -202.9579290271078 
0.9849295244414481 -0.07761631230984979 -0.15456241440584112 -60.033351435348145 0.0780147127649796 0.9969460795630276 -0.0034955737879324134 -0.3589189703501523 0.15436170663652524 -0.008615248535535303 0.987976842348509 -203.85180188582405 
0.9850068437304749 -0.0758490610004365 -0.15494656417449362 -59.95503436528148 0.07524052032802922 0.9971172882607071 -0.009796813378939045 1.120238999563516 0.1552429769905735 -0.0020083318865241418 0.9878742757548346 -204.73709423393927 
0.9851005142197466 -0.07329049416169697 -0.15558110537441508 -59.82523399653083 0.07216527602276075 0.9973095717013323 -0.012875990426525279 2.011862204313526 0.15610621326695898 0.0014565913769876882 0.9877392006602812 -205.63500140770483 
0.9854520852720918 -0.06913350119892271 -0.15525703412362582 -59.90047976351636 0.06862715969003297 0.9976050898592979 -0.0086254066397308 1.5281897230421073 0.15548151203845653 -0.0021549243143605267 0.9878364519066076 -206.47992484635023 
0.9857488564406562 -0.06616988175529503 -0.1546633077831634 -60.026896818412936 0.06666004966696638 0.9977736994358208 -0.002020517892711757 0.43411762375949436 0.15445267820383213 -0.00831814057632465 0.9879651708096886 -207.31106255088207 
0.9861288359330358 -0.06263958075039949 -0.15370817110606036 -60.22754914593429 0.06384809074092977 0.9979553168567811 0.0029337460729272325 -0.2686057796750756 0.15321011797558862 -0.012707024856221528 0.9881119325608865 -208.12318808370506 
0.9865381308240453 -0.05990180198123651 -0.15216533951461644 -60.551243834602666 0.06076786292636105 0.9981513805280786 0.0010432570410573733 0.40396014732944163 0.15182155072834927 -0.010275975345021416 0.9883545017174493 -208.9096191557987 
0.9867791549762577 -0.05732753138215953 -0.15159305211641544 -60.66884137112686 0.05737812054678543 0.9983443269762445 -0.004044264688184565 1.739969807086391 0.1515739113002668 -0.004707328326884176 0.9884347173552547 -209.7572214990207 
0.986904208987985 -0.05617317154042726 -0.1512106381207681 -60.7441500864732 0.055909368222995665 0.9984178259374267 -0.005998949515346941 2.2814820200635046 0.1513083765913365 -0.002533702719725686 0.9884833612781869 -210.61758564476293 
0.9864718383146266 -0.06385417475880036 -0.15098329900367796 -60.7837582781211 0.06361727462677925 0.9979538233895926 -0.006403807551342826 1.6673374447710865 0.15108327035519925 -0.0032879701893878117 0.988515571283939 -211.49526760912775 
0.9861979609641764 -0.0678583356304145 -0.15102591855562725 -60.76670886566556 0.06774368724071957 0.9976852528986389 -0.005910075093430598 1.2029427561875012 0.15107737960771123 -0.004402548585588267 0.9885121359582888 -212.3900910610491 
0.9861073958597601 -0.06844898197628957 -0.1513503904755193 -60.695302872013364 0.06815526301598994 0.997649223256031 -0.007133544691125032 1.4271152978922745 0.15148288336938792 -0.003280884491817845 0.9884544358962883 -213.30274579256252 
0.9855688234996791 -0.07274486505834334 -0.15284723992634153 -60.362651489518804 0.07253679775504868 0.9973415587444435 -0.0069446506497349726 1.0059573152649692 0.15294609219231528 -0.0042426181594787645 0.9882254262435526 -214.29134769386266 
0.9850395850299056 -0.07581625184919141 -0.1547543598082198 -59.93954537373987 0.0756584197488584 0.9971097958323576 -0.006917989322010253 0.726025581078046 0.15483158413326836 -0.004893976981341938 0.987928757322151 -215.30534801046596 
0.9849659304001059 -0.07259937977498448 -0.15675281817990158 -59.50605660747701 0.07218743756940235 0.9973563227835688 -0.00832701992318959 1.349649808459508 0.1569429508076656 -0.003113753350084736 0.9876027616060301 -216.32294030836508 
0.9848881625246909 -0.06942023376998582 -0.15866990408410458 -59.091459566685124 0.06832077445197182 0.9975865883881357 -0.012380244198036624 2.560581748421975 0.15914640774149166 0.0013527052305647154 0.9872540661306685 -217.33106434025055 
0.9847127564198616 -0.06932055200379492 -0.1597981489689021 -58.842241770462095 0.06899274085898538 0.9975881712534042 -0.007605411498013779 1.5405297581975637 0.15993995452282406 -0.0035357665616408225 0.9871204127673886 -218.30650859217627 
0.9848929742149606 -0.06281816710362932 -0.16136823486594332 -58.50163929792248 0.06365010974220459 0.9979722758356306 -1.390171445550812e-05 0.4819667485842851 0.16104189787696513 -0.010257414157225902 0.9868942661617773 -219.29890794643555 
0.9849769872070777 -0.05982873389631151 -0.1619902999343897 -58.368258589402714 0.06111751366126262 0.9981261290348155 0.0029799432612576493 0.10678291513330995 0.1615084647822964 -0.012835619904753723 0.986787850890619 -220.2367632840683 
0.9843116156744266 -0.0661136195826433 -0.16358371726453136 -58.00730993962573 0.06628708107376691 0.9977908737223208 -0.004403998089152622 1.1771690631931833 0.16351350443043 -0.006508580654102008 0.98651962588017 -221.2351191582859 
0.9834634545105582 -0.0735902260336377 -0.165481455983677 -57.567771030969986 0.07211406634397899 0.9972848020179587 -0.01491928615375148 2.8514319622412767 0.16613005470863917 0.0027390320040944715 0.9861000469659176 -222.2403143168308 
0.9829824448317133 -0.07707898149468885 -0.1667463455803746 -57.272642966805044 0.0749820411269746 0.9970068109393928 -0.018844427528973348 3.427734284655344 0.16769975152367056 0.006020760101803151 0.9858197318915339 -223.213259100485 
0.9824570362403209 -0.07865283768337554 -0.16909140447177545 -56.7349975479966 0.07710044422122654 0.9968991190594956 -0.015737468643074782 2.5921595370917663 0.16980486872517656 0.002424364402235078 0.9854747226664271 -224.2569442369365 
0.9820344029674617 -0.08335675659396095 -0.16929288974578047 -56.67634939046185 0.0828326911140558 0.9965115909276037 -0.010168305155744187 0.8918578174557457 0.16954992383113915 -0.004037360161306249 0.9855133297179614 -225.1763146705133 
0.9822673445551564 -0.08082235764828494 -0.16917035888338824 -56.710869505087366 0.08121943446259888 0.9966857079889313 -0.004582898229240226 -0.12468635285270668 0.1689800795541804 -0.009238289602341096 0.985576169922491 -226.0630842387102 
0.9827745029727963 -0.07533282019338926 -0.16875794057846383 -56.81784764544658 0.07673869647927697 0.997049586850218 0.0018148896583563545 -1.052610157154216 0.16812331417514662 -0.014733891662460226 0.9856558545797033 -226.92529710647136 
0.9831258688417482 -0.07187618149399162 -0.16821813382629416 -56.94638624449332 0.0728250450774982 0.9973445904193956 -0.0005298779373702914 -0.16402931035373225 0.16780953138489613 -0.011729556471195453 0.9857496531479841 -227.79230433049727 
0.9834849244616483 -0.07111712887398833 -0.16643244076016717 -57.35627673673508 0.07121591170884183 0.9974464032636084 -0.005382056853009048 1.058861873024704 0.1663901958534343 -0.006559466229133023 0.9860381717391292 -228.58004977288473 
0.9838563189724724 -0.07257322476146152 -0.16358444506021608 -58.0086684638429 0.07251484219867246 0.997347205935533 -0.006336282308123917 1.1692858675857485 0.16361033365542038 -0.00562830883205776 0.9865089867106401 -229.29804266110776 
0.9841598617622668 -0.07271749415131604 -0.1616834331044153 -58.44565173881962 0.07374341951353594 0.997277187598945 0.0003452146999830475 -0.37773424320160487 0.16121809629978592 -0.012262835687221196 0.9868426157632139 -230.06299003080753 
0.984645154772228 -0.0719066300051267 -0.15907028554975572 -59.047668098674876 0.0737423672347602 0.9972612624221164 0.005660189648850553 -1.516472103619297 0.15822762861835704 -0.01730349772598125 0.987251035202425 -230.7749514917769 
0.9849243546925597 -0.07206852073357847 -0.1572582075845931 -59.46425066990446 0.07310451098725951 0.9973239598194554 0.0008060045631065223 -0.3743779036175008 0.15677929074580832 -0.01229013788840213 0.9875571915104091 -231.55021330829544 
0.9852873406848514 -0.07077197886290458 -0.15556408098916003 -59.85656097713408 0.07031626958927689 0.9974890644899481 -0.008437325050984094 1.952802100541048 0.155770595804283 -0.0026254962952643826 0.9877897692586118 -232.31890959393314 
0.9857196798825006 -0.06921012719439397 -0.1535143999306773 -60.336757252061275 0.0689030511065722 0.997596459325195 -0.007326246654276308 1.8716736588873788 0.15365247228907508 -0.003355985037224961 0.9881192514691155 -233.0618288284241 
0.9858282384375227 -0.07152892324457595 -0.1517441842003933 -60.746708178704516 0.07254133888848359 0.9973647558848536 0.0011392414194414532 -0.3315780073292913 0.15126281251992305 -0.012130822652120322 0.9884191442350488 -233.81475152449212 
0.9861467419422906 -0.07082322897815006 -0.1499955785805503 -61.15695228607792 0.07280834336156432 0.9973156245091495 0.007777547612830672 -1.8156080363830591 0.1490421030902007 -0.018590732826703385 0.9886560757712546 -234.55487974026892 
0.9865947917549249 -0.06816810101775707 -0.14826944016111132 -61.56443569133328 0.06958571286257595 0.9975663228446412 0.004388632090863002 -0.7343413171713564 0.1476094354960536 -0.014647236253120146 0.988937264452444 -235.31425413972167 
0.9865117728509343 -0.0713458734971097 -0.14732375355468597 -61.78216965810184 0.07148064068811559 0.9974323432939036 -0.004386178068555856 1.0708744802423906 0.14725841243651822 -0.0062037799902164795 0.9890785980297574 -236.112396881446 
0.986625053857376 -0.07337407913928166 -0.14555839931585138 -62.192885290825984 0.07276881037068883 0.9973037267159224 -0.009485616256609236 2.117604323541344 0.14586193245039963 -0.0012333649076291932 0.9893041875342693 -236.844488518006 
0.9872342556247692 -0.06989754467133887 -0.1431183348489184 -62.77585616764733 0.0695369631485209 0.9975509870471537 -0.007525888474502167 2.006847636575826 0.14329387731892126 -0.002522199470226792 0.9896769691332336 -237.52467613088496 
0.9879444123479979 -0.06431384637881767 -0.14081749633597224 -63.329519426044705 0.06438772068331194 0.9979167950705483 -0.0040362781536140355 1.7327064907652172 0.14078373320656531 -0.005079299172858567 0.9900273436548789 -238.20413113608316 
0.9882446953095088 -0.06396976933908632 -0.13885348682449636 -63.800348322655275 0.06429564222313085 0.9979285955927035 -0.0021420759767612624 1.3349007517416727 0.13870289320605902 -0.0068107788893179925 0.9903106182946794 -238.8917138980159 
0.988340347382406 -0.06555605083169032 -0.13742547775204736 -64.14238145861887 0.06585512405378671 0.9978263704945483 -0.0023742328311143414 1.2590078207374598 0.13728241100696686 -0.006703621784441743 0.9905092635019046 -239.60251036447127 
0.9885495873351089 -0.06514878513277142 -0.13610785860967117 -64.46472759441778 0.06497626980065566 0.9978704471680849 -0.0057144580983648505 2.130804761448668 0.13619029973672353 -0.003194755748029177 0.990677543801883 -240.30183869062904 
0.9886172774851922 -0.0647421558900946 -0.135809910936093 -64.54037998800955 0.06365051818094002 0.9978955884033885 -0.012369566700309297 3.8119075110609737 0.1363249434001885 0.0035843961497410044 0.9906576915923976 -241.04275396979295 
0.9883868066580923 -0.06750217002198405 -0.1361432240933866 -64.46089863260694 0.06574381593514309 0.9976852369579885 -0.017375805660993907 4.792468404282021 0.13700098937783214 0.008223442004768308 0.9905367756479766 -241.81227309956623 
0.9884247810921618 -0.06641970297658475 -0.1363996890737453 -64.39990359998944 0.06511735738887031 0.997779500883416 -0.013992761826423193 4.095610458820609 0.13702620876898713 0.004948805244011101 0.9905550602753261 -242.58469160846116 
0.9883932310247676 -0.0662138641948197 -0.13672799659473842 -64.32232050318925 0.0659197621487851 0.9978025486688479 -0.006682726105395162 2.342711255685129 0.13687003259540897 -0.002407915767240518 0.9905860871822252 -243.35522406043623 
0.9881833452619876 -0.06643216953732407 -0.13813197673743577 -63.97675054499785 0.06681235230387648 0.9977637726380396 -0.001887747527993767 1.1545351753241486 0.13794848939531695 -0.007363481626989594 0.9904120321421177 -244.17179323857874 
0.9879823718463282 -0.06617116698548865 -0.1396861109082897 -63.59410019626966 0.06682923576353003 0.9977644275203594 2.0548304202872596e-05 0.7218248903508195 0.13937247277768575 -0.009355417401105494 0.9901958341646793 -244.98276540395997 
0.9876738965879441 -0.06420403243217661 -0.14275193945524917 -62.838661576410075 0.06469556190485573 0.9979043256912109 -0.0012004318331939481 1.2326273623531878 0.1425298504475536 -0.008049781749786981 0.9897577697321606 -245.8820223298622 
0.9870570801761955 -0.06302804143818627 -0.14746452612920358 -61.67282632577946 0.06341424470418934 0.997985111810696 -0.0020857067843689345 1.5835182154177514 0.14729885961079667 -0.007292639896462364 0.9890651461661663 -246.86281320477968 
0.9857386752405642 -0.06012585459014238 -0.157175525272806 -59.29515780227917 0.06048466406537591 0.9981659868068787 -0.002503636305456266 1.9779205172218886 0.15703779655826805 -0.007038777710400533 0.9875675096217307 -248.02356442235475 
0.9843141911469916 -0.05721559643904863 -0.16688903088809875 -56.89532468522269 0.05754484040158368 0.9983388081697608 -0.0028662598168890307 2.361512826694418 0.16677579095840284 -0.00678230243395265 0.9859715188198365 -249.1628873960147 
0.9827878032326507 -0.05430570929291376 -0.17657583004288588 -54.48052154530044 0.05460408489279618 0.9985030441294809 -0.003172503298602787 2.7330015270681547 0.17648378885937632 -0.006523864066095328 0.9842819268215207 -250.2771913809582 
0.9811580952909225 -0.0513929115091453 -0.1862459682562353 -52.04828748179299 0.05165988186971362 0.9986588713382086 -0.0034227624374026664 3.092650326044524 0.18617209417712563 -0.006263173645112532 0.9824971877850822 -251.3674540173926 
0.9794245032328956 -0.04847601885493881 -0.19590231765594646 -49.59786260094428 0.04871182822437817 0.9988063247996931 -0.0036170887699182503 3.4404242143270904 0.19584381598108813 -0.006000094674788155 0.9806167439962766 -252.43408135524612 
0.9775871462493331 -0.0455551324674769 -0.2055434294594588 -47.12958028199801 0.045760816180511525 0.9989453661192503 -0.0037554242595730547 3.776128850837374 0.20549773524440088 -0.005734580607735204 0.9786407897664372 -253.47683297026904 
0.9756463451448882 -0.04263067363648164 -0.21516699298619557 -44.64402080489295 0.04280806940359992 0.9990759437278874 -0.0038376891703143868 4.0995318700856735 0.2151317698513122 -0.0054666561562976244 0.9765697298560464 -254.4952342768228 
0.9736030991729264 -0.039703898872532846 -0.22476789293667637 -42.142497711943264 0.039855645699291085 0.9991979773637927 -0.0038638760330774453 4.41032809092331 0.22474103494192144 -0.005196387824836671 0.974404671975052 -255.48870020155346 
0.9714556891768976 -0.03677217974073358 -0.234353687325277 -39.62300361944727 0.03690169102115659 0.9993115459344993 -0.003833974671352324 4.708619230929612 0.23433332918220864 -0.004923510852700842 0.9721438421731974 -256.4580103942478 
0.9692092679518678 -0.03384209590104301 -0.24390183980697946 -37.091494635745576 0.03395361232574945 0.9994163813533528 -0.0037481852412245957 4.993587759232254 0.24388634058970465 -0.0046485726405480965 0.969792680755103 -257.400791341143 
0.9668533776508655 -0.030900096430951637 -0.253455578288724 -34.536451293052096 0.03099859431296533 0.9995129234879121 -0.0036059577461660976 5.266358794939393 0.25344355047176376 -0.004370334221183951 0.9673403056334734 -258.3211782443391 
0.9644019206663839 -0.027963361002249946 -0.2629581446855143 -31.97304770566766 0.02805466398066852 0.9996005801536048 -0.0034082232187892646 5.525172261405569 0.2629484193599985 -0.004090305371872082 0.9648012220960563 -259.2135777110545 
0.9618434016965448 -0.025017682145137967 -0.2724543745159977 -29.38918846572824 0.02510837962459004 0.9996797592685898 -0.003154073766046557 5.7711339675438635 0.2724460311427681 -0.0038071628253921125 0.9621635337227109 -260.0822381571809 
0.9591857572162654 -0.022072139246120604 -0.28191400075654305 -26.793089760013515 0.022169608355022546 0.9997501779598167 -0.00284431620959072 6.0033090734762755 0.2819063525691556 -0.003521695389311443 0.9594354621561267 -260.92418997327144 
0.9564247942773347 -0.019121826076414807 -0.2913519669730443 -24.18064789540152 0.019234248794448756 0.999811932657352 -0.0024785054536970164 6.221932831516304 0.2913445667330548 -0.003233432150844265 0.9566127159679906 -261.7407405840588 
0.9535809821930474 -0.01617159569627716 -0.3007021614361624 -21.570466918831926 0.016310821681147614 0.9998648730625488 -0.002047611217863506 6.423800911850966 0.30069464161476067 -0.0029521362180414843 0.9537158997290134 -262.5285070155734 
0.952731306789588 -0.013660654475243308 -0.3035069086236962 -20.793249257478337 0.01411832279851474 0.9999000959303415 -0.0006863817094167351 6.323370189765592 0.30348596347172496 -0.0036310711645598215 0.9528289905842695 -262.99894039300364 
0.9526032756366895 -0.01179318538710874 -0.3039867102764114 -20.655722647241035 0.012196580592498868 0.9999254554848738 -0.0005717475138393137 6.500396759051551 0.3039707924589142 -0.003162949856414269 0.9526761008234153 -263.3900590496164 
0.9534446676741117 -0.009381081816494184 -0.3014220645336958 -21.354742883768424 0.009649566903932502 0.99995326290639 -0.0005982152048315405 6.7718987138260065 0.30141358884822905 -0.0023382272808716636 0.9534906298180464 -263.6878799123773 
0.9549445369506427 -0.00818671588174613 -0.2966713822248337 -22.661680329735844 0.008567738492818376 0.9999632961294633 -1.5843556639225846e-05 6.746410852911277 0.29666062294352497 -0.002526673103347769 0.9549796284307788 -263.9193166736742 
0.9571948982125726 -0.008861309044058208 -0.28930849285468396 -24.69399496209728 0.00956497711235105 0.9999537359090823 0.0010184568275353218 6.401690830997383 0.28928608339956996 -0.0037420907919308534 0.9572353726789674 -264.06492952336293 
0.9603500258965042 -0.010491382481480955 -0.2785996386469508 -27.64496468598348 0.011547135740004563 0.9999310209448622 0.0021487224966304434 5.93477293183585 0.27855787803755605 -0.005280553549856076 0.9604049272767301 -264.08494873773043 
0.9640956037745743 -0.013009123349714569 -0.2652365538386646 -31.31533190666704 0.01472138495313008 0.9998816491699097 0.004468610334681433 5.056545560638691 0.2651470301693013 -0.008212816991348685 0.9641730145723154 -263.97319553923785 
0.9683056151958153 -0.013185529953275247 -0.24942008215078693 -35.62186680760286 0.015584086077015833 0.9998493399567548 0.007644190551402892 4.196995980382052 0.2492817118069394 -0.01128889666412496 0.9683652146637183 -263.71211853125544 
0.9730593088627916 -0.013377725219578425 -0.23016650039355577 -40.82796515683344 0.015890610191266613 0.9998326210447216 0.009067436384731467 3.8289142455995973 0.23000667369277827 -0.012480639518526295 0.9731090194289601 -263.2174535019115 
0.9779760577411943 -0.012246340511976605 -0.20835752357200124 -46.67834616232225 0.014174089548469824 0.999869418181143 0.007761557290568836 4.333651200376815 0.20823526519411648 -0.010543895398169884 0.9780219325758341 -262.48700018278646 
0.9829701578825204 -0.01270104260355977 -0.18332580895552036 -53.33954940217515 0.014155636586460229 0.9998778365441491 0.006627966552777104 4.624974163562417 0.18321923115558966 -0.009110186857316965 0.9830298661944004 -261.4596629277011 
0.9880122322447942 -0.015154595252197976 -0.15362996835709522 -61.17672344996375 0.016272405435142107 0.9998494662484073 0.006021101571121407 4.570120051139667 0.15351559450431793 -0.008448851135951336 0.9881101047750043 -259.98924522909374 
0.992512131132489 -0.017204786587491187 -0.12092834602906107 -69.70656221153337 0.01790380227040653 0.9998286851844876 0.004696184251033361 4.741342527643776 0.12082683236395589 -0.006826097035375776 0.9926501301970179 -258.06210356508177 
0.9960633581087224 -0.019657095772005233 -0.08643717498267169 -78.59318549696707 0.019795983805215377 0.9998037591116455 0.0007498609253848237 5.535838544526357 0.08640547238664 -0.0024580179075792885 0.9962570213000302 -255.73021071606928 
0.9985138914620216 -0.020881492003509843 -0.050338572179565264 -87.76779049679847 0.020706986531442394 0.9997776426751986 -0.003985713939836865 6.626921269994353 0.05041060668308376 0.0029374306001864036 0.9987242573580123 -252.95181954500669 
0.9996150535221948 -0.02523933051213423 -0.0115204586331852 -97.50866752111892 0.025154995711585422 0.9996561178134603 -0.007407584550313616 7.039173241693954 0.011703459427442166 0.007114935939218441 0.9999061989626882 -249.56664357597947 
0.9990909966460749 -0.029939811891738704 0.030344490185869353 -107.85065920240966 0.03022398167661348 0.9995030835601616 -0.008949686326354367 6.925887645430842 -0.03006145958473657 0.009858682346830416 0.9994994322309645 -245.51554537712693 
0.9963763522513177 -0.037274998111478386 0.07645089397872881 -119.0692578232404 0.038084882437632896 0.9992324999896505 -0.009162570280499402 6.204466831604091 -0.0760506831269076 0.012040991662761935 0.9970312473115917 -240.54402747245433 
0.9913721353573528 -0.04008808654322956 0.12479677301238244 -130.59005136545792 0.04146290787668335 0.999104415919251 -0.008437615839914713 5.69487493237609 -0.12434675913513507 0.013539254335260492 0.9921464468941237 -234.7190524249953 
0.983567875489073 -0.04215280461812786 0.1755487834441948 -142.44218962886703 0.043993911429572465 0.9990099486925083 -0.006607432974928671 4.996218792978217 -0.1750964593103977 0.014221936444000188 0.984448559580817 -227.99743336598152 
0.9726972128406358 -0.0436093299255008 0.22794376165078098 -154.39422481976058 0.04588258603935777 0.9989358734262872 -0.0046807136638096335 4.338012347362611 -0.22749707785024456 0.015011566390969056 0.9736630487207019 -220.30996802695248 
0.958106469880959 -0.03872574746153353 0.2837821503473979 -166.81466613309163 0.04156037999669981 0.9991280974541921 -0.0039723660576816144 4.6027682397536305 -0.2833808871232804 0.01560004362531847 0.9588805511908725 -211.33822261667976 
0.9397370108224478 -0.026880762637352874 0.34083980854724916 -179.12984222138215 0.029531054306681393 0.9995605100633882 -0.0025891221206605073 5.458530389815805 -0.3406204153042313 0.01249845277841145 0.9401178231243783 -201.27165106820462 
0.9174210170463639 -0.0187407250283175 0.3974763674824305 -190.9695881360812 0.022015432981940815 0.9997508705997404 -0.003676607903845378 6.480072765893849 -0.39730844213561944 0.012123611692641114 0.917605045674496 -190.2746851935998 
0.8909888052944099 -0.021170718428930823 0.4535314206548902 -202.35900158463716 0.025866019286049074 0.9996567977381087 -0.004151599966768286 6.219002462877034 -0.45328787529155684 0.01543008156794009 0.8912306181322956 -178.41606428717841 
0.860548403206566 -0.025584588008357913 0.508725736124163 -213.15791295971889 0.030274770353806196 0.9995411686443508 -0.000943644589150787 4.980648572343093 -0.5084681740469632 0.016213606678617785 0.860928124142671 -165.67790282154903 
0.835704840301434 -0.027797519485025596 0.5484749017113119 -220.46941806468016 0.033167532447929575 0.9994497992362285 0.00011661036956184358 4.425662192584591 -0.5481763718805012 0.018094107249112878 0.8361670099895044 -155.92759540702457 
0.8090200583840805 -0.029921235577491073 0.5870189645946162 -227.33369917865667 0.0359429703889857 0.999352858554503 0.0014024901287849742 3.82729064150952 -0.5866810445308728 0.019964562616324115 0.8095719660584255 -145.85374603560734 
0.780511538169983 -0.03195908214694039 0.6243239190130815 -233.74517278440425 0.03858999933781692 0.9992508987140997 0.002907468000167193 3.1879981286771493 -0.6239491571711869 0.021823347300307175 0.7811601569319679 -135.46217895356637 
0.7503300850873595 -0.033905595496068336 0.6601932853391137 -239.67024167184928 0.04108656751273555 0.9991449230376847 0.0046170053109850905 2.5132560456652517 -0.6597853115846222 0.023660798001699727 0.751081559655878 -124.80514143393398 
0.7184080042839629 -0.03577010793437203 0.6947016904823949 -245.12221076763666 0.04342971949304542 0.9990351538265535 0.006528467163865532 1.8037711139703099 -0.6942649341897434 0.025480596482769118 0.7192683368238822 -113.85821071667172 
0.6848986607345466 -0.03754819338934798 0.727670225924642 -250.07187686895085 0.045599514565243304 0.9989225600395183 0.008625735650362353 1.0651836699061406 -0.7272100857355035 0.027273654270961137 0.6858729029399471 -102.67266019331701 
0.6499147069367756 -0.039239476573050935 0.7589935027294756 -254.50383726666865 0.04758192504814338 0.9988079296073681 0.0108940425075034 0.3022467440910743 -0.7585162055724308 0.029034173515280867 0.6510070526901275 -91.28316578557511 
0.6134514765723837 -0.0408494551983452 0.7886752233341439 -258.41966584722735 0.04937017462002979 0.9986916472973507 0.013325894960298786 -0.48280345102543465 -0.7881877135233409 0.0307622435544531 0.6146656104113419 -79.68680146689304 
0.5755869373993134 -0.04237945470748851 0.8166416957968615 -261.8085979540681 0.05095290902930013 0.9985743506677194 0.01590808756555682 -1.285865751517697 -0.8161516271850041 0.03245378263373179 0.5769257087667634 -67.90702304791643 
0.5364450689276161 -0.04382953536561599 0.8427963335544828 -264.6583625551135 0.05231834074063248 0.9984567838640784 0.018623693993096546 -2.1018853447763117 -0.8423119845077549 0.03410311694604606 0.5379103068069736 -55.980585136861706 
0.4961122384076694 -0.045201800314401026 0.8670809905369102 -266.96252591610977 0.053457633102122454 0.9983395409043295 0.021457924644544463 -2.9266095915649144 -0.8666111748444342 0.03570655843495876 0.4977048455856951 -43.931679727653844 
0.4546835915501355 -0.04649833282668011 0.8894384389149198 -268.7157361298298 0.05436276367356152 0.9982232082468849 0.02439500856873693 -3.755622012921415 -0.8889924192594908 0.03726032154498348 0.45640349137306446 -31.78665222873998 
0.4122447427590542 -0.04772176463804371 0.9098224580913322 -269.9141222412877 0.05502691996705576 0.9981083136630953 0.027419560090435113 -4.584703381411748 -0.909409869171465 0.03876115808957368 0.41409088673514044 -19.568408797825285 
0.36884289282045146 -0.048875869246810894 0.9282058337573673 -270.5553355286223 0.0554443411387147 0.9979952575243947 0.03051869909597737 -5.410368476102325 -0.9278366480429272 0.0402071556341117 0.370813348174361 -7.288959157528765 
0.3247098447366502 -0.04995992218123443 0.9444932624993918 -270.63568645099707 0.05560921827483569 0.9978848679164091 0.0336660842141338 -6.2257252347367045 -0.9441774894446288 0.041590823015377955 0.3268012727437602 4.988749231600565 
0.28042402736327965 -0.050893388227134316 0.958526070543791 -270.1594692155873 0.0555707187972249 0.9977793054422518 0.03671992433999689 -6.999238420918469 -0.9582662782805818 0.04296883365810137 0.28262947341766104 17.101894652083587 
0.25417887703051867 -0.04872202612835463 0.9659292223768019 -269.5894140854768 0.0573781890972027 0.9977308134157009 0.03522736687249589 -6.784145953792516 -0.9654536974331964 0.046469217023656764 0.25639767936114083 23.838577498060914 
0.23121667181785008 -0.04655691754075589 0.9717876846835324 -268.95819755500713 0.05452048864370767 0.9979047851211241 0.03483613282808081 -6.408623840348457 -0.9713734436309902 0.044927644735369594 0.2332705291008802 29.61982633274792 
0.2107603552448809 -0.04887806789533569 0.9763150142939883 -268.25629814052684 0.04967511752463166 0.9979942956917058 0.03923988361006398 -7.073143737009118 -0.9762747847588638 0.040228351266691685 0.21276565605942666 34.6017374061373 
0.1925750777894425 -0.05345328436812069 0.979825283305474 -267.5277984352987 0.04392198259546482 0.9979840518615175 0.045811479728902205 -8.220423354298216 -0.9802987804028291 0.03421371976749725 0.19453463064554222 38.896782590283124 
0.17797808252790226 -0.055046014650103954 0.982493632758418 -266.9026517866176 0.034774150543108444 0.998162391803042 0.049624570970794445 -8.380546203565743 -0.9834198292660647 0.025333295505535397 0.17956520694481123 42.238675820686055 
0.16334976851452865 -0.05690697931596054 0.9849256057344545 -266.22836804287545 0.0404775881147409 0.9978809777262158 0.050942312006673714 -9.231498890590753 -0.9857374995335537 0.0315459981186958 0.16530708398623473 45.40763030028293 
0.14988384114640074 -0.05344775569856563 0.9872579052983 -265.61417190579436 0.05300184566431585 0.9975363189885879 0.04595755275114529 -9.053498528591545 -0.9872819447955972 0.045438196591466494 0.1523474048716906 48.20389498710348 
0.1396134716929091 -0.048860650059481155 0.9889998561160758 -265.1332988352109 0.05921067429409788 0.9974065673260689 0.04091742299396297 -8.291701150230177 -0.9884342034609546 0.052846724880484156 0.1421444655901699 50.20466342691998 
0.13111673288432385 -0.04796146015118019 0.9902060900125326 -264.70049933222845 0.05747573600502144 0.997516738503043 0.04070498958276269 -8.07377081705205 -0.9896994200909798 0.05157571857394294 0.13354775597201038 51.7327015394836 
0.12520869140521845 -0.05235081388635886 0.9907482908801962 -264.3586530840533 0.05313578958295757 0.9975275208578206 0.045993836507151276 -9.050429434489734 -0.9907065011707502 0.04688536463211985 0.127680817358462 52.4917907188038 
0.12134809726964742 -0.05597599795463622 0.9910304369402689 -264.1133644856256 0.04981058960821629 0.997494185723297 0.05024196066136883 -9.854596447094034 -0.9913594426099535 0.04326704405432954 0.12383221893708753 52.68320554964801 
0.11870344584479513 -0.05865067044179694 0.991196040549648 -263.9451344721731 0.05093988513886248 0.9972991111188634 0.052911350989785576 -10.628596007980498 -0.9916222163942335 0.04421065276890336 0.12137049944338309 52.50614442757147 
0.11785586684362569 -0.061743490548474986 0.9911093461497722 -263.86505872027357 0.05199681762150404 0.9970796888647401 0.05593232527465929 -11.487045831535461 -0.9916684554868999 0.044942579234894045 0.12072215606069096 51.827046845346146 
0.11849610390823469 -0.059185800829276554 0.991189040667201 -263.9220308640842 0.05030087917331092 0.997298147830105 0.053537144946601195 -10.725412999901703 -0.9916796332046754 0.04351373708196858 0.12115304276905553 50.842594467958406 
0.12018580012186805 -0.055731944376123874 0.9911858170015975 -264.0476181054685 0.048426378166688835 0.9975635194437732 0.05021862774519769 -9.708545777735488 -0.9915695937990049 0.04196397325099916 0.12259186597105987 49.57160633064178 
0.12260653647074157 -0.05658564497203779 0.9908409065020214 -264.1664485971295 0.04627052478913459 0.9976135486692793 0.05124691256286092 -9.790768858605206 -0.9913761525023621 0.03956352227223935 0.12493218942701408 48.04609704831062 
0.12575868101747573 -0.05764103478830654 0.9903849076279778 -264.3148638084431 0.04920463310926135 0.9974443636005925 0.05180391492920896 -10.164639627425618 -0.9908398751712245 0.04221673400374541 0.12827349352352313 46.25620483863011 
0.1283746986764188 -0.051569838670041564 0.9903840106137037 -264.4864297019987 0.05589224875485317 0.9974360438307032 0.044692225235294376 -8.865355152325641 -0.9901494802649072 0.04961743853629037 0.1309279058269597 44.64336193243073 
0.13118912016836437 -0.05056727429947632 0.9900668490154455 -264.62237410934756 0.060290997683179894 0.997256571938638 0.04294560889734801 -8.748675090131375 -0.9895223142243016 0.054058121453845705 0.13387796367238383 42.937728554297536 
0.134257146535376 -0.04839183549036528 0.9897642390297062 -264.769070925209 0.059468514058065906 0.9974001830985729 0.04069853302835106 -8.097984237422294 -0.9891605099476546 0.05339573965034725 0.13678589308583064 41.22430259827746 
0.13666908876646489 -0.04493811719155115 0.9895969511872111 -264.89054859841605 0.055484816757376605 0.9977495913934401 0.03764555728932094 -6.999542523079078 -0.9890616741564424 0.049762621489444055 0.13885491067064917 39.723732272893116 
0.13958157316799388 -0.04283209790498998 0.9892837792165642 -265.00751316240263 0.04952906917401924 0.9981154896081964 0.03622624340096825 -6.1711012187169425 -0.988971109658267 0.04394178868967842 0.14143996418285945 38.06400860127921 
0.14221626172446397 -0.04247012946741068 0.9889240734273487 -265.10520213857734 0.04303115310138031 0.9983998455345078 0.0366888034614997 -5.794518729866128 -0.9888998203882353 0.03733679873385502 0.14381623238154795 36.44906906597614 
0.14388906481369454 -0.0426223570555952 0.9886755138598639 -265.1601269536924 0.04221594610909066 0.9984269105924302 0.03689875470759719 -5.783272563969829 -0.9886929507795412 0.03642854490481904 0.14546205757847266 35.03382497825693 
0.1452826024475175 -0.04051312158849011 0.9885603939088565 -265.21932102347114 0.049598768761697075 0.9982032456256872 0.03361908029185195 -5.462253653435155 -0.988146207584384 0.04414711090776475 0.14703096624554063 33.66100864146878 
0.14604660833125274 -0.037001007247024174 0.9885855115555989 -265.25814282723843 0.057848998670162216 0.9979097327416906 0.028803795796185038 -4.7979492832630175 -0.9875848730857504 0.05298198526022265 0.14788180310669882 32.468715214064986 
0.14663328205748963 -0.03470209114784745 0.9885820378011205 -265.2836989931654 0.060051700008553276 0.9978534587476725 0.026120263999238384 -4.24591134471305 -0.9873664334577773 0.05553593192946074 0.1484024472358694 31.345348390689544 
0.14656851772042118 -0.03758552011238257 0.9884862155291397 -265.26558869004265 0.05958863533068558 0.9977986511119664 0.02910406120400507 -4.962765959479651 -0.9874041037754828 0.0546368055162598 0.14848553912860787 30.325304248312797 
0.14669891265670326 -0.03504306655290446 0.988560272574166 -265.2787405543378 0.04993407657081414 0.9983604978647536 0.027980427092203324 -3.9883049877593857 -0.9879200458652314 0.045258146115487195 0.1482082426446935 29.383173081153913 
0.14643625178895264 -0.0357659323368399 0.9885733266915909 -265.26656896110865 0.04366821851321564 0.9986057024457781 0.02966037313752967 -3.9842448981477587 -0.9882557922187375 0.0388258821773837 0.14779391062984817 28.47643370001279 
0.14631328418923648 -0.03954363696654365 0.9884476332336575 -265.2423235099303 0.04602801695540201 0.9983906771411241 0.03312819724709356 -5.023864754296756 -0.988166911267987 0.04064918908351413 0.14789793406920818 27.450542607982115 
0.1456458914204852 -0.04146842868877004 0.9884673205192056 -265.20960883414483 0.053416880571540384 0.9979933953244443 0.03399734929069756 -5.717786807146008 -0.9878936740268851 0.047849266565667556 0.14756875179654314 26.55115605310155 
0.14497072407809825 -0.042357380266097366 0.9885288774220335 -265.1821010142586 0.05803566576586523 0.9977271449229379 0.0342404115488734 -6.061067916364188 -0.9877324286766048 0.05240607427499863 0.14709946539569316 25.670961115567266 
0.14434468307235176 -0.04699622134046453 0.9884108293864756 -265.132628406429 0.05873780149509819 0.9975171412344987 0.03885130137943067 -7.279398940565368 -0.9877826092538096 0.05244910030754582 0.14674675033084833 24.75173600850438 
0.14390736223970108 -0.04965420045890208 0.9883446420505344 -265.09676734575356 0.05978966709894717 0.9973520669233439 0.04140109070942911 -7.989108286865294 -0.9877833096390156 0.05313487536938963 0.14649511329075474 23.801763543280828 
0.14200865635299212 -0.055930983633813235 0.9882840009787536 -264.99525393003216 0.06641267062210178 0.9966910965063913 0.04686379546865016 -9.799190996536815 -0.9876350027726122 0.05897951521199033 0.14525328940750598 23.130752071224777 
0.14137602526191262 -0.057606005525511386 0.988278486869232 -264.955758200765 0.07389724406979793 0.9961343483459844 0.047492708537308484 -10.391386773419237 -0.987194011732259 0.0663167261911791 0.14508643984622596 22.161061264069033 
0.13950044724533947 -0.059295286177790396 0.9884450891452928 -264.8902373306469 0.07224434172485479 0.9961547963361079 0.04956184848561106 -10.803712462237264 -0.9875831004564093 0.06449566476641834 0.14324778853177877 21.629548390297956 
0.13827246205420976 -0.057856140935014136 0.9887028841839068 -264.8724098743385 0.06499711197958259 0.9966702310859382 0.04923236640074039 -10.273178078623696 -0.9882591267839528 0.0574553515628525 0.1415725287794508 21.04429908959601 
0.13732468511076876 -0.05692970798409193 0.9888887395496394 -264.860246059113 0.0670664669831473 0.9965903633016759 0.04805972097954713 -10.074638394058095 -0.9882530140938734 0.05972148795098448 0.140674532205705 20.269377960900215 
0.13740484490789487 -0.056760727490268885 0.9888873183586762 -264.86290210305566 0.0641532014259628 0.9967705626138395 0.04829919516193304 -9.950050199948056 -0.9884352661366536 0.056803743901842986 0.14060248694847752 19.266593233280005 
0.13810373485361788 -0.05758150716285533 0.9887424985567964 -264.87004811028635 0.05480264310807923 0.9972233524384514 0.05042078598936815 -9.961062795603544 -0.988900413958782 0.047222403414812215 0.1408758882416674 18.142609963636403 
0.13916165834494565 -0.05226821643777371 0.988889309476596 -264.9410857897548 0.05056071404683358 0.9976786294133512 0.04561761290303831 -8.46523278223637 -0.9889780821847162 0.04365072693909259 0.14148133090952306 16.94594995142721 
0.14008297795449917 -0.050302588365762804 0.98886116765252 -264.97714992551556 0.058414518520496825 0.9973889807175831 0.042461337345394756 -8.048563038612244 -0.9884151472500907 0.05181573840876465 0.1426556200776427 15.626940865751678 
0.141362034193401 -0.057140982949021875 0.9883074842154764 -264.9210245218418 0.06321528644593688 0.996816304507794 0.0485909726902362 -9.870940367890256 -0.9879375500750346 0.055607221968416956 0.14452416412729557 14.108094452825469 
0.14305871909393078 -0.05615828532973867 0.9881196536250197 -264.9414971521792 0.06175729838638558 0.9969498152161024 0.0477189903140734 -9.541343287413792 -0.9877855227665664 0.054196982659585266 0.1460905475497234 12.663414577118843 
0.14451382745101185 -0.06292294739512737 0.9875001044893971 -264.8858592108986 0.05875665649535807 0.9967607856610344 0.054914401443375754 -11.244862949083396 -0.9877567559844608 0.05008631409385029 0.14774285819472505 11.183056499871867 
0.14846590068510454 -0.06499214698112828 0.9867795585461548 -264.90281933738424 0.05849554480957769 0.9966680505997793 0.05684248544061405 -11.712336293429054 -0.9871859741564358 0.04928303708599183 0.1517729708623692 9.062920284790565 
0.15052907899394113 -0.07037618653425903 0.9860974539801485 -264.8462839116828 0.06527099011754145 0.9959940719890241 0.061118789351536695 -13.140480074199813 -0.9864485258878494 0.05516340210335937 0.1545195937157212 7.321628088731259 
0.1537468459264809 -0.07198303024336179 0.985484830286415 -264.8446809696673 0.07275236225891751 0.9954606271744317 0.06136149876948237 -13.543760072957452 -0.9854283338495025 0.06226221247653486 0.15828586716482515 5.298514951198513 
0.1548783859582666 -0.07008572698720691 0.9854444055529652 -264.88108378753367 0.07585600433863553 0.995379400692317 0.058870325998600315 -13.012344529710498 -0.9850170314104919 0.06563413403160963 0.15947917820575108 3.955679025889083 
0.15526748982469218 -0.06443400374181114 0.9857688703572153 -264.9622288241076 0.07075434833441231 0.9960331768820846 0.053960473885573616 -11.468853953850775 -0.9853353889896131 0.06136912670051102 0.15921055710192414 2.9900474458468977 
0.15471151402027936 -0.05304369281202349 0.9865346998876513 -265.0888929024721 0.06047532181001273 0.9971935749029958 0.044132863312507264 -8.419793052080019 -0.9861070341912832 0.05283314135132202 0.15748516213733613 2.404261382085309 
0.15223268807777127 -0.05365567970412428 0.9868871651390069 -265.0777521895899 0.059326699905491914 0.9972208353765762 0.04506604230645127 -8.59945002905168 -0.9865624923738687 0.05168823392544576 0.1549928227845689 2.0446746144204866 
0.14967247070201256 -0.05318326762777482 0.987304254806181 -265.0686092539024 0.0661611035788136 0.9968529640056293 0.04366779736171856 -8.50473981977942 -0.9865195689327139 0.05878527194479254 0.15272010972752834 1.6438016180591575 
0.14617384189253732 -0.05445989365321497 0.9877587397384329 -265.04496363502693 0.07272663795654978 0.9963732420556101 0.044172374252820834 -8.887452191012818 -0.9865820006861638 0.06537952660332576 0.14960438971906143 1.4633897240488665 
0.14354768146313118 -0.056888856930441455 0.9880069438539938 -265.00858533123295 0.06964395248374745 0.9964519755928241 0.047256536263256224 -9.543940952831937 -0.987189841433248 0.062025142436811856 0.14700033563462514 1.1202677726919177 
0.14116575376568546 -0.06088998897184076 0.9881116532086726 -264.95782927544275 0.058791316114379044 0.996860774895451 0.05302995968676778 -10.605703036901765 -0.9882387419613267 0.05060637032874654 0.1443024052774066 0.7876649326434944 
0.1382903202339349 -0.06398727871948874 0.988322526046873 -264.91492964642106 0.049617751904296785 0.9971052107362743 0.05761317053012575 -11.440777874248043 -0.9891480506099978 0.041070998096518346 0.14106490382017958 0.5980412668684068 
0.13613768875144888 -0.062107161731002676 0.9887412351890321 -264.93235272137804 0.05022486396250004 0.9971822896818842 0.055722026028701174 -10.953374004522365 -0.9894159856912371 0.04207352619538825 0.13887341593020655 0.16546899938498427 
0.13419121878648899 -0.06305752861807377 0.9889471496926304 -264.90929607107665 0.05886049969494955 0.9967185349148212 0.05556621035228014 -11.20717173908708 -0.9892058220493134 0.05075342591228587 0.1374624726312923 -0.45580364207567925 
0.13281165323217567 -0.06491692189892061 0.9890130727229577 -264.86985221049315 0.06267885716795875 0.9964055644108539 0.05698519171860974 -11.695167545885013 -0.9891574321764232 0.054421911600545325 0.13640318877463098 -1.1827217561285153 
0.13164798345540135 -0.06761008068246972 0.9889882129945927 -264.82162596901725 0.06209606154055114 0.9962745464966735 0.0598423524270236 -12.409100547216573 -0.9893497296675621 0.05353414791474729 0.13535585474505216 -1.9242325072821416 
0.13179981995047332 -0.06846199757318037 0.9889093802514533 -264.8052548516309 0.060301938148789924 0.9963183409338449 0.06093799942834959 -12.619956688713122 -0.9894404902350228 0.05160153492988273 0.13544296909163597 -2.972073481615425 
0.1329049308037895 -0.07009502900253274 0.9886470382685495 -264.7739395899423 0.05668676753956842 0.9964007965920314 0.06302430433317388 -13.035309930641 -0.9895063869192331 0.04766696403065519 0.13640003953865093 -4.255320446505195 
0.13441868967800344 -0.07119435520336441 0.988363789124443 -264.7499133819773 0.05628859888883124 0.9963538099043082 0.06411457809501626 -13.290728324266281 -0.9893246229122071 0.047015415305481596 0.13793600408621512 -5.683483936317714 
0.13570574862535353 -0.06809775961883686 0.9884061133587396 -264.79495100374544 0.059580933070088556 0.996390380366515 0.0604675311846787 -12.41234219671605 -0.9889560466494608 0.05068436689915009 0.13927323054881185 -7.048802966039659 
0.13736724435385883 -0.06714391851199207 0.9882418400297984 -264.7965975924069 0.06314457212813693 0.9962641044873309 0.05891177404229184 -12.091082067792897 -0.9885054391298926 0.054309560087617746 0.1410938286875362 -8.541995349005248 
0.13942326370384847 -0.0648108160907322 0.988109665804268 -264.816293709813 0.06384153648605247 0.9963681887304169 0.05634439373325329 -11.407862194308201 -0.9881727641244051 0.055226720015959296 0.14305452680363445 -10.07573332231361 
0.14021874151912256 -0.06070592808115672 0.98825780787333 -264.8698871494738 0.0546720998890548 0.9970705928112608 0.05349013408772477 -10.386135165128964 -0.9886099665795988 0.04652981030271913 0.14312690429363162 -11.129787633398621 
0.1413593586958071 -0.058176037987820124 0.9882474792849965 -264.89670051886714 0.04860219887560746 0.9974758053432122 0.051767209885857396 -9.761086653992741 -0.9887645614470447 0.040713220935591266 0.14383002352597954 -12.346398917404514 
0.14304660623914683 -0.05805135655301937 0.9880119981284732 -264.88581584706316 0.05429512127473565 0.997235314572143 0.050732308994974426 -9.619775806214854 -0.9882255351129239 0.04638714663087231 0.14580303281558243 -13.871549473600567 
0.1445883457024451 -0.05629140959428728 0.9878894105581452 -264.8881348706125 0.06871866540079113 0.9965411996296458 0.04672667831379424 -8.889501620560894 -0.9871028088869794 0.061130308739568026 0.14795651401962964 -15.421086131096743 
0.14569053792846015 -0.05492942441791978 0.987804143285111 -264.88925068980984 0.07390541062702956 0.9962719190591001 0.04450004016118943 -8.394954004129456 -0.9865658910778161 0.06652083603964547 0.14920697347785272 -16.751487033421824 
0.14724207011653523 -0.055653055535573995 0.9875335488971263 -264.8560939778656 0.06331306477090408 0.9968985674454455 0.046740796468772404 -8.727943380878529 -0.9870720483415144 0.055641563913806744 0.15030897427669854 -18.0809231854914 
0.14855921869993624 -0.0560480720205213 0.9873139177394631 -264.8273441235889 0.047959565023848696 0.997626097806398 0.04941709317942338 -9.093641997443186 -0.9877398638619322 0.040009781283619414 0.15089459479931452 -19.29135331388204 
0.15110965483566954 -0.055650889818262134 0.9869492644902675 -264.7808344371854 0.040007370169486384 0.997940313557806 0.050145198257352995 -9.113949713257142 -0.9877070833741984 0.03190782096262992 0.15302486207754085 -20.89098042163026 
0.1540236576590099 -0.05574236055754564 0.9864935388135158 -264.7189663471875 0.047004593347681055 0.9976903473101001 0.049036099849714805 -8.93860791521088 -0.9869484693161843 0.038817008175858994 0.15628806349403718 -22.74303376892017 
0.1574695010303919 -0.056362018224750274 0.9859141337595646 -264.63028748465183 0.05871606418239876 0.9971380190117675 0.04762556926921227 -8.761221013861343 -0.9857767394558302 0.050389422927049586 0.16032818219175074 -24.79010699190151 
0.1608057839250038 -0.05492661889056859 0.9854565268917328 -264.56038983909104 0.06710839862758501 0.9967481276012459 0.04460530189396171 -8.085747692428319 -0.984701966429389 0.05895961889853603 0.16396890147047216 -26.74344440962662 
0.16423381664339307 -0.05228491638330707 0.9850347917660249 -264.4911166928637 0.06803657027519051 0.9968165535362203 0.04156661763196067 -7.273695304810797 -0.9840722933687005 0.06019174457484358 0.16726827346841222 -28.631754709456075 
0.1681489384016079 -0.050738223823982784 0.9844549594357279 -264.3919221954337 0.06285001656752001 0.9971943936895014 0.040659766498235383 -6.934479572392279 -0.983755970722351 0.05503611393817742 0.17086607688686892 -30.616808565262517 
0.17224315554473915 -0.05082131471389915 0.9837425930286554 -264.25832581916757 0.05659403326646676 0.9975292050564022 0.041624517512848895 -7.084990370041631 -0.9834273795083325 0.048504422791064455 0.17469376120251418 -32.66539082145373 
0.1773107098597389 -0.05364192420472545 0.982691943661212 -264.0521028967863 0.05357916939275261 0.9975587649716912 0.044785969179390754 -7.869833638370368 -0.9826953672304648 0.04471078612336331 0.17975194248745344 -35.04060626647366 
0.18365194971659754 -0.05138898946643296 0.9816471530682054 -263.83897595316984 0.05549022001115014 0.997582128002351 0.04184176589743525 -7.091658693992744 -0.9814238619721889 0.04678749461042484 0.18605948914170745 -37.736619825060544 
0.1899367143025711 -0.049158027437662954 0.9805649049901702 -263.6168689168309 0.05780090663060447 0.9975732970943418 0.03881458639486806 -6.2927485002161045 -0.9800934137890239 0.04930522551172983 0.19231717288015113 -40.412622463107354 
0.19614528211937868 -0.05172720195839193 0.9792095408439732 -263.3317424348281 0.05986654382988915 0.9973765146169684 0.04069502451618018 -6.797841646635576 -0.9787456386784934 0.050639753831000084 0.19872742664202828 -43.130901104941955 
0.2023202267790999 -0.043404966118626154 0.9783570589270028 -263.1371026552823 0.06121845171009047 0.9976240472382273 0.03160002440249937 -4.368022481337475 -0.977404126759384 0.053500180263809954 0.20449670829983332 -45.665532293744846 
0.20697537544722003 -0.04082898428798427 0.9774938301598097 -262.9426733923163 0.06363033158489872 0.9975751822077291 0.028194622636462885 -3.460707657649771 -0.9762747435332322 0.05636266392948714 0.20907145968279306 -47.87962322592678 
0.21338463964466242 -0.03495913154729934 0.9763425908384704 -262.66808235447115 0.06206119979792781 0.9978262065796165 0.022164587579630884 -1.817093505604114 -0.9749950784713529 0.05586341006770041 0.21509039116671125 -50.49185202912612 
0.21831784801184165 -0.03022236429309293 0.9754096195629884 -262.44072545839094 0.0581456204940042 0.9981473962573336 0.01791262577270338 -0.6328908791669878 -0.9741439339527015 0.05280515165437237 0.21967068967414216 -52.723316562600345 
0.22166051497789122 -0.037561350893509385 0.9744002057772724 -262.2189545386056 0.06098763702488955 0.9978355523812641 0.024591025478771792 -2.4131403203095196 -0.9732148397090218 0.053975506695462847 0.22347152043853774 -54.72578180411564 
0.22501963134007685 -0.043741783353015734 0.9733718826330835 -261.97991976420275 0.06017031799553439 0.997708946973598 0.03092555514700544 -4.086048345911239 -0.9724945749688747 0.05160923868777792 0.22713605644673854 -56.703214280054766 
0.22751852787118862 -0.043816963454998005 0.9727874347404527 -261.83350877054187 0.05583973162526909 0.9979303503804667 0.03188949923621024 -4.3088164181982 -0.9721714066188865 0.047064737363569725 0.22949437171650497 -58.32953976059548 
0.22923256063785424 -0.04604696364319308 0.9722819088529088 -261.70886692846665 0.05517874454545303 0.9978888816925154 0.03425034225885537 -4.923850271472924 -0.9718064309798539 0.045798001416039444 0.23128943722638198 -59.79663493833904 
0.2300180494200318 -0.04606657060953061 0.9720954521101731 -261.6606246670093 0.0590577528362336 0.9976988119818561 0.03330559112112424 -4.6575656371703 -0.9713927520683577 0.04974888583948723 0.23220932278182047 -61.00704127736951 
0.22939402391050864 -0.04257072775378856 0.9724022392676085 -261.73387481330553 0.0601681454612935 0.9977526418179581 0.02948660741819368 -3.606717672179079 -0.9714721694757369 0.051743587852012225 0.23143989511384533 -61.76421209658314 
0.2277404966444483 -0.03528402176134987 0.9730823726676414 -261.8931603958783 0.05755368480644726 0.9980838358675965 0.022720694202130513 -1.7659527900284138 -0.972019464595921 0.05083005398552346 0.22933483394043924 -62.16921575136966 
0.2252949083624358 -0.029388035301113603 0.9738472917491233 -262.08018955314236 0.0570093532987786 0.9982300033022184 0.01693499759988511 -0.19015143872670515 -0.9726212715658734 0.051703035581999734 0.226571530005846 -62.38589664820881 
0.22205016555973264 -0.02627575623645686 0.974681131760074 -262.2998691950616 0.05972413661628659 0.9981262927617127 0.013301548902290348 0.8157229471851477 -0.9732043729249962 0.05525837793460171 0.22320340541242298 -62.43188073553233 
0.21820606524642489 -0.027231665895210616 0.9755227057645792 -262.53913956058307 0.06116130172791506 0.9980271760714973 0.01417924517387872 0.6091858202685212 -0.9739842956950695 0.056570241252143674 0.2194411072339336 -62.37316960914059 
0.21427420900544406 -0.02622495611268876 0.9764214331076406 -262.7926139306231 0.05866640068305904 0.998180377558379 0.013935109913709129 0.6880681778074424 -0.9750101624013904 0.05429719637605628 0.21542283462928016 -62.25563651288634 
0.21082139180095402 -0.024335448485419908 0.9772216364295888 -263.02150122815266 0.05141855127373574 0.9985821917128014 0.013774577270052494 0.7209284712451012 -0.9761713340105925 0.04734334526701702 0.2117737809902571 -62.249489207518735 
0.2085563899418351 -0.021234180923641932 0.9777798022944283 -263.17681060635954 0.046269813577855055 0.9988590120379324 0.011822792482129089 1.2380571813322483 -0.9769152146250454 0.04277597025325057 0.20930093120431492 -62.54369080458676 
0.2066474803954812 -0.018155330140171823 0.9782470050215849 -263.3105334714658 0.04740345534082435 0.9988394545532675 0.008523875261993124 2.1618906496866037 -0.9772664586835823 0.04461085086873955 0.20726828198452732 -62.92739738312993 
0.2053052778236513 -0.013232732001022183 0.9786085211674498 -263.4100253013996 0.05440474294452482 0.9985167817279756 0.0020881936563777975 3.9847941241079283 -0.9771846636347163 0.0528122278586649 0.20572068866720997 -63.41079618703901 
0.20479809333561538 -0.0043958711858499595 0.9787943692536318 -263.4457221206274 0.061680726654864064 0.998060386320483 -0.008423373263573463 6.9256725433752875 -0.9768588582417755 0.06209783872508788 0.2046720046812673 -64.01479752025801 
0.2045589957127983 0.005488617941774309 0.9788388490175803 -263.44232043609105 0.06478291713683061 0.9977159447452971 -0.019132883949973662 9.888865808763146 -0.976708140091099 0.06732583957211263 0.20373620298242626 -64.65174031845486 
0.20495652474878887 0.00986394449857288 0.9787213727930074 -263.4060668181612 0.0633891029326696 0.9977161618039394 -0.023329854363174203 11.048626773315398 -0.9767162559271196 0.06682187571555062 0.2038631706158936 -65.58035162657397 
0.20592951372697085 0.00941878194321448 0.9785214979359834 -263.3550544968612 0.05773789961579472 0.9980946447199691 -0.021758104910024112 10.59649151464809 -0.9768620016789115 0.06097841198346591 0.2049933241543369 -66.78750703947424 
0.20746533563877806 0.008337900417837612 0.9782068359630863 -263.26434162789894 0.05005394774663838 0.9985633438273974 -0.019127223510574987 9.81587104240386 -0.9769609699590184 0.05293134969816058 0.20674993445190065 -68.15949652388393 
0.20989900424224125 0.008704998219187491 0.9776843207416803 -263.1020973764913 0.04782122442969922 0.998672157610607 -0.01915860400500423 9.820071060410541 -0.9765528856708999 0.05077543322690699 0.20920400777341766 -69.68573435787248 
0.21342766877978903 0.0067953615705977945 0.9769352349364568 -262.86385211951284 0.05482803209582602 0.9983165019891025 -0.01892217621581504 9.874266414819699 -0.9754191494407541 0.057601952374620825 0.21269578742163261 -71.45146723556994 
0.21791383331296885 0.0059032069039452306 0.9759501592802257 -262.5431625267863 0.06004274143494989 0.9980064286580752 -0.0194431879621193 10.119286097571347 -0.97411931017295 0.06283566268771101 0.21712496181409685 -73.46272967831443 
0.22328939192314948 0.0063697431285794845 0.9747313854734886 -262.1374693607537 0.06059678746447596 0.9979537823819329 -0.020402881624403794 10.414956733999855 -0.9728668340546794 0.06362133763188461 0.22244650726490342 -75.71913645514938 
0.22982064697613136 0.007068473185158521 0.9732073298687715 -261.62735228555465 0.059439725371720396 0.9980049409533917 -0.021285132847890315 10.660856420322002 -0.9714161771718686 0.06273893941922026 0.22894199311036134 -78.28409767142765 
0.23719918529474932 0.00831363472755541 0.9714254629013613 -261.0272526977686 0.056573804985896176 0.998148084965909 -0.022356320544893553 10.928610549254397 -0.9698123277649773 0.060260135715952984 0.23628957860762756 -81.06839257165831 
0.24558495668719854 0.010285384611247596 0.9693205042256906 -260.31264793260107 0.05331903266148256 0.9982866305107654 -0.024101537285137226 11.371376045259046 -0.9679075936291598 0.057602206614519855 0.24461577215737298 -84.09805850735549 
0.2548002468515196 0.01020322630656281 0.966939878367493 -259.5061655067586 0.05121177065387843 0.9983986723589701 -0.024030097343582198 11.33077041084315 -0.9656366753344138 0.05564157802205698 0.253869702887754 -87.35999508710097 
0.264366763794716 0.006608385126016634 0.9643995766520927 -258.65079291782837 0.052977673543268926 0.9983671463861719 -0.021363687010329233 10.651047359000977 -0.9629660327896572 0.05673949473478552 0.26358499469922364 -90.7135840406523 
0.2739784458005623 0.002514224142539042 0.9617325459365873 -257.7508274835933 0.056910421098020074 0.998201847515126 -0.018822209961515193 10.053308959412778 -0.9600505274240286 0.05988948400471068 0.2733427052227574 -94.04767692533406 
0.28276873027212124 -9.39172463679904e-05 0.9591881131247634 -256.8929596833882 0.056868794396326604 0.9982425282503266 -0.016667183814459856 9.487138947602684 -0.9575008017773148 0.05926082999711951 0.28227711317755116 -97.15290562311382 
0.2916114521086685 -0.003082228702087726 0.9565318922363765 -255.99657656758046 0.05062656694039231 0.9986429360637906 -0.012216258417449888 8.15941825266503 -0.9551961639992613 0.05198832672937243 0.2913717593813384 -100.29979428382487 
0.3005635636196491 -0.007666798676272694 0.9537309706737616 -255.05366849507462 0.044089415990247606 0.9990103801166925 -0.00586377154568671 6.288507777343295 -0.952742183185932 0.04381187758084174 0.3006041446170455 -103.46589384667979 
0.30837927448510843 -0.011479835724515181 0.951194215941086 -254.19967702212674 0.0426507126126364 0.9990884771946899 -0.0017695904696409174 5.1380405196008905 -0.9503068661130848 0.041114816168069036 0.30858780291805704 -106.2502404910509 
0.3146444926322762 -0.014970060747553 0.9490915343302735 -253.4943676920113 0.047827978662395826 0.9988555822796175 -0.0001010243286662647 4.808938092837492 -0.9480038648197837 0.04542491640124577 0.3150003956452962 -108.56266814206612 
0.32029217391485415 -0.015777616520562587 0.9471874102551342 -252.84786467999734 0.05906691648198429 0.9982484199292069 -0.0033453678651705256 5.981647946691159 -0.9454755537327272 0.05701893480040685 0.3206630916834989 -110.62570802756987 
0.3243431352592812 -0.013320721643724168 0.945845700410522 -252.3843351188145 0.06518159792894702 0.9978389104585541 -0.00829867858846603 7.5132649887930265 -0.943691098772055 0.06434335357887394 0.32451046662413746 -112.20053401211705 
0.32717064367075027 -0.005338056976228025 0.9449501971362227 -252.0572715993884 0.06218153965054759 0.997938328785332 -0.01589176100454916 9.550512860133585 -0.9429171893897974 0.06395777582793923 0.3268280539739346 -113.38739635523034 
0.32784705035241574 -0.0011891336062053747 0.9447300659640764 -251.97688204186028 0.059240092231510506 0.9980571411895689 -0.019301668137973398 10.434062500032883 -0.942871636569699 0.06229389120750867 0.32728053420667197 -114.06943375550084 
0.3268262741578037 -0.0032884983936280914 0.9450787122237193 -252.10631796310332 0.05549581080029624 0.9983351986350469 -0.0157177018020669 9.364253711905727 -0.9434536562564936 0.057584867323248266 0.32646467121515355 -114.4226154384271 
0.32342948185650405 -0.006451000521840347 0.9462302863776346 -252.51676760534315 0.04849686210570959 0.9987755764887857 -0.009767403718144435 7.549304880341084 -0.9450086902414886 0.049048266042345336 0.3233463204774512 -114.17087428437813 
0.31780203110326716 -0.00089063868728065 0.9481566725965532 -253.18468924944258 0.043591563377655344 0.9989558725358006 -0.013672612352047041 8.502538295776862 -0.947154498816814 0.04567681566140729 0.31750902960719735 -113.17108214885452 
0.30915301812814217 0.00928671310964405 0.950966964905658 -254.17304862263774 0.04256974818562192 0.9988148884752546 -0.023593115512353286 11.21903472878679 -0.9500590654910221 0.04777630709656971 0.30839130428489897 -111.27250694963303 
0.2970775620581136 0.015308756895663618 0.9547306238326695 -255.5291469772879 0.04511239977894924 0.9985299017515503 -0.03004840585161224 13.078676137331934 -0.9537870797551159 0.05199689673767499 0.29595021409328287 -108.4703374932425 
0.2813516533289803 0.013432979854690266 0.9595107098001953 -257.2892701400439 0.05046996525859416 0.9983109592084568 -0.028775186030466485 12.889362750500947 -0.9582765935656813 0.05652241835338577 0.2801984768831546 -104.77120301620258 
0.26135535174093477 0.00823256434243618 0.9652075450392628 -259.43248126405496 0.05789837038924346 0.9980293691228844 -0.02419002014152649 11.853434796590612 -0.9635046231454429 0.06220613516788488 0.26036366475534334 -99.9551161653693 
0.23579001679125397 0.011447088463718428 0.9717366063637227 -261.96627665051216 0.058422675986163186 0.9979550678773058 -0.025932092638633487 12.36784826868916 -0.9700463179210549 0.06288598145617749 0.2346390726714063 -93.56063123633623 
0.20568318213700185 0.01613469692166447 0.9784856157048215 -264.71027241937304 0.05527850604211062 0.9980761172858255 -0.028077586673453392 12.881848402996464 -0.9770561474939655 0.059864310393579846 0.2043955698770205 -85.9417152841683 
0.17223601829673868 0.018855597903624666 0.9848752308942401 -267.4563356923173 0.05058333966322565 0.9983284065213565 -0.027959228906464184 12.718359100112748 -0.9837561078589552 0.054633864591717964 0.17099433057845448 -77.42996387038134 
0.13418899959067215 0.019258812157576057 0.9907685958603727 -270.2414398676843 0.04584447589727718 0.9986199829137243 -0.02562057288776759 11.93007175819887 -0.989894740070154 0.04885926605744896 0.13312090632867887 -67.67834547056943 
0.09128028157667648 0.02019026663575791 0.9956205418373304 -272.9120223206837 0.043434819895527776 0.9987622464700588 -0.024236159900563627 11.476767768840993 -0.9948775435278078 0.04545688241905334 0.09029033849097437 -56.51505929079596 
0.04494993076564662 0.023233798500335443 0.9987190267194327 -275.19090419988123 0.043129101214215364 0.9987522537387324 -0.02517570813812972 11.730545755665418 -0.9980578061177708 0.044205500325730375 0.04389179181047819 -44.29225107846952 
-0.0035943545472075264 0.025083883337363465 0.9996788881496435 -277.0081340604237 0.04676718868799427 0.998595708993779 -0.024888552417390606 11.777049903565624 -0.9988993496231792 0.04666271290794418 -0.004762409732509434 -31.378234526243475 
-0.0603595539532913 0.025725992361381712 0.9978451270430606 -278.0658500845483 0.04915726588101556 0.998531463007661 -0.02277016896912971 11.270467790196385 -0.9969655397543398 0.047676940975714406 -0.06153553316203102 -16.106652576724727 
-0.11686084815041695 0.026419554734804146 0.9927968318327676 -278.28269922582683 0.051337891622875824 0.998470349009233 -0.020527616352081706 10.726172460457924 -0.9918205296591132 0.04856922149875489 -0.11803841607596154 -0.8324020186282297 
-0.1730923938230713 0.027159833570652037 0.984531038942406 -277.66106435404964 0.053309126517371755 0.9984127271459187 -0.018170396335916734 10.146686314675733 -0.983461824490689 0.04933933231676304 -0.1742655159691162 14.445737535950101 
-0.22870493348316698 0.0279375926576116 0.9730948280188101 -276.20318615732515 0.05505977766785821 0.9983592687122073 -0.01572232360668926 9.53788480288424 -0.9719374847610444 0.049982611905789925 -0.22986792778343165 29.637037393504613 
-0.2836082443464014 0.02874681445664107 0.9585092510755171 -273.9141045870082 0.05658879009874343 0.9983103500185254 -0.013196737515409658 8.903204998158547 -0.9572690701019824 0.050498175258970206 -0.28475579313088967 44.71995831790366 
-0.337601540979663 0.02957987059643439 0.9408242294837315 -270.8019413305388 0.05789261045459894 0.9982664136828977 -0.01061192571770566 8.247300251516515 -0.9395071288622076 0.05088416814869106 -0.33872873549332494 59.64316193397647 
-0.3905563830331184 0.030430113887309644 0.9200759315626585 -266.87376368156777 0.05897049139180315 0.998227806806316 -0.007982910726131928 7.574007955260606 -0.9186883001416187 0.05113955306274699 -0.3916587204384004 74.374776892814 
-0.4422444107440403 0.03128920418861866 0.8963486302030592 -262.1450388281071 0.059820782912185295 0.9981949046447645 -0.005329753559326671 6.888441738067485 -0.8948973992014003 0.05126322309875689 -0.4433178621035894 88.8552147067578 
-0.49250973806253123 0.032149818251926435 0.8697129107354593 -256.6302028759916 0.06044460816391958 0.9981679844520854 -0.0026691119819745586 6.194917493315645 -0.8682053946258838 0.051254892461405105 -0.49355073573168007 103.0445478794588 
-0.5411795741698096 0.03300428213689462 0.840259118285551 -250.3477569160983 0.06084401070120074 0.9981472867353588 -1.8564349009939164e-05 5.497995766743647 -0.8387029717743799 0.05111468813825458 -0.5421850364897152 116.89768722185937 
-0.5880982785215365 0.03384512381968832 0.8080810122714402 -243.31768263952353 0.061022399566286176 0.9981329969253688 0.0026052255092751434 4.802037390227033 -0.8064841483570382 0.05084317104992246 -0.5890656078964471 130.37399644161277 
-0.6332174990693406 0.034666786351914836 0.773197137084974 -235.5445590544839 0.06098388897556252 0.9981252479952885 0.00519178194458593 4.1097563385447025 -0.7715676018067282 0.05044009554287727 -0.6341444887435667 143.4641764405182 
-0.6762253345480831 0.03545887386572293 0.7358409917771022 -227.07727839156468 0.06073414130109751 0.9981241558119474 0.007715806186396704 3.4278651064636656 -0.7341870749310093 0.049908294389435025 -0.6771104054401953 156.08113308263268 
-0.7170853078661976 0.0362159294067553 0.6960438690913433 -217.92371040199473 0.060279304591664556 0.9981297621572083 0.010167759533959183 2.758878830983071 -0.694373866645618 0.04924819136983641 -0.7179272588266963 168.21831223775337 
-0.7556092765114376 0.036929727189288455 0.6539807462759027 -208.1220498684201 0.059627609827957506 0.9981420537214507 0.012529514712445499 2.1076887343357433 -0.6523029736219718 0.04846272632084688 -0.7564074264320014 179.8233604277727 
-0.7931209886008977 0.03828879087748203 0.6078594129680612 -197.3111820432594 0.06000120734662668 0.9980792002297241 0.015419636368674742 1.3622061475936111 -0.6061014375149447 0.048701935915684974 -0.7938949356686836 191.3898984084813 
-0.8169004072876741 0.033798659445095296 0.5757876129207252 -189.56077503888724 0.05037649586113774 0.99864761167392 0.012851317548374406 1.6892473433436064 -0.5745745671694712 0.039504408838645824 -0.8174982987409357 198.40211643630485 
-0.8344413577106993 0.028032262281474565 0.5503833326085629 -183.3723506736717 0.044420368933016756 0.9988771367875359 0.01647107850107733 0.48774719001326083 -0.5493036058190223 0.03819237979645472 -0.834749597639738 203.4258609915665 
-0.8469330307730651 0.021955799958728706 0.5312460674995372 -178.69019523784272 0.04167183880867555 0.9988146399662234 0.025154976435062256 -1.9455724892846504 -0.5300640520124471 0.04344258092375619 -0.846844048763897 206.79817551556096 
-0.855246121960613 0.019671774603891093 0.517848522403286 -175.40080290074854 0.04223128104002553 0.998601274466594 0.031812160181498295 -3.6889351985833256 -0.5164983928078103 0.04907663311219176 -0.8548806316143325 208.83748184226528 
-0.860845186509605 0.015928514764279925 0.5086175845177291 -173.13536815630584 0.04111161786955141 0.9984196707150371 0.03831443599255735 -5.45476233922593 -0.5072035091946752 0.05389288957444981 -0.8601396146637621 209.9343727761503 
-0.8635794678082651 0.01284435597860542 0.5040491298469716 -172.0144401851049 0.039098061192437486 0.9983713407346906 0.04154524775000353 -6.383368621804229 -0.5026945836101544 0.05558496666466213 -0.8626751805227173 210.07896983162516 
-0.8642982887176152 0.008892408537452432 0.5029009775196368 -171.7337487680075 0.03474494760330966 0.9985108626700822 0.0420576478882492 -6.662444511737688 -0.5017780951136129 0.053823621210874056 -0.8633201961404018 209.544977959188 
-0.8639533929448043 0.006114367182008226 0.5035346555433141 -171.88624055918785 0.03166531816443796 0.9986070670311036 0.04220465970815104 -6.803576278494804 -0.5025752107343787 0.05240744402753868 -0.8629435771623748 208.65105580863568 
-0.8635506699488776 0.0056025559296139045 0.5042309508527817 -172.04957325784164 0.030968457910496915 0.9986400333348925 0.04194089216422863 -6.731831350305747 -0.5033102373740179 0.051833340505327744 -0.8625497723416129 207.7464644686876 
-0.8624953911545183 0.004424876169692576 0.5060455717700701 -172.48395987376648 0.029438689623228213 0.9987071232021936 0.04144207546041306 -6.641936255899031 -0.5052079411395681 0.050640917607032855 -0.8615105534312606 206.606081966645 
-0.8610921263409048 -5.196933250915403e-05 0.5084489622891244 -173.06312595709142 0.025173598177640002 0.9987692368730886 0.04273524810667382 -7.135400046208697 -0.5078254029767413 0.049598475532386395 -0.8600310176478366 205.30438680294418 
-0.8592307647504929 -0.0032874660705474 0.5115776436408443 -173.81301481059302 0.021265118491863085 0.9988855872090214 0.04213523942753625 -7.111414756312304 -0.511146053141184 0.0470826532060781 -0.858203318640325 203.8580442029964 
-0.857432322267807 -0.008724257758714974 0.5145227886663479 -174.51777574231141 0.014385430114613114 0.9990591573602762 0.040912828000434553 -7.059922292396582 -0.5143956377447744 0.042481612741692536 -0.8565001111780501 202.43111579476897 
-0.855312600236037 -0.011135355969517424 0.5179926251645871 -175.33746425149732 0.011219337899732458 0.9991365300427465 0.04000400968939887 -6.933960447398038 -0.5179908129827783 0.040027467838598375 -0.8544491321804183 200.88878366922143 
-0.8531711836992201 -0.011032761269693984 0.5215143425487337 -176.16207101270595 0.011860561482275671 0.9991075340496902 0.040539640926783936 -7.01470741331339 -0.5214961729357147 0.040772706359933554 -0.8522789027246243 199.31027546781692 
-0.8508720980264702 -0.012204626819286446 0.5252311109256912 -177.0294007508937 0.011779541159335728 0.9990356349031116 0.04229707559409535 -7.449920820457624 -0.5252408163976868 0.0421763829404455 -0.8499077817692651 197.65693833235693 
-0.8487330635036635 -0.013281245317630402 0.5286547034109315 -177.82344729261894 0.012406760360491797 0.9989093176762217 0.04501385738838897 -8.105882912486937 -0.5286759491532065 0.044763641300030854 -0.8476425881257488 196.0316079203757 
-0.8472609335712467 -0.013058493026103906 0.5310163709377206 -178.36765333321753 0.012862257604501815 0.9989002674007612 0.04508678427215139 -8.079382569924142 -0.5310211603818581 0.04503034028935736 -0.8461612114013092 194.63943067287386 
-0.846275750613741 -0.010317488169786762 0.5326451946286717 -178.73950098034263 0.014766836773793377 0.9989740012354945 0.04281221072594435 -7.368832313416117 -0.53254041579475 0.04409642041495948 -0.8452551160754612 193.42119592394806 
-0.8456609825728119 -0.008112291839787776 0.5336587798163659 -178.97137378735607 0.01577623751374551 0.9990676281952646 0.040186871266617796 -6.60616045819978 -0.5334872190445582 0.04240359670353414 -0.8447445306734508 192.31752752785462 
-0.8451989684761728 -0.0071249474121732725 0.5344042840501818 -179.13933552702497 0.016046158159915908 0.9991220703784129 0.0386989572348048 -6.1813809422315416 -0.5342108427345145 0.04128345439916662 -0.8443426152325556 191.24636569693052 
-0.844675073464219 -0.007454556191271923 0.535227474874196 -179.32760820399932 0.017395073037208032 0.9989926244456415 0.041366021530228024 -6.7766086849389575 -0.534996665131893 0.04425116829192508 -0.8436944958944281 190.10286171357762 
-0.8440206408532709 -0.007637004856541305 0.5362563136881997 -179.5603217066431 0.020164016011608173 0.9987397611031842 0.04595978731280618 -7.789669589824968 -0.5359314977419397 0.04960409003677016 -0.8428029805237436 188.89066134452693 
-0.8426734304598177 -0.008813541100369396 0.5383528685633194 -180.03179791837337 0.022162816686249476 0.998450818179507 0.05103697907601095 -8.956064021060133 -0.5379686785990558 0.05493892217677381 -0.8411726432049722 187.42773800581938 
-0.8408535314900236 -0.007897273614695813 0.5412051105174559 -180.66520847104613 0.02092711381423872 0.9986715793346133 0.047086436865788256 -7.984424597539235 -0.540858016939901 0.05091865766852651 -0.8395712571384718 185.90463747256928 
-0.8389396905401302 -0.007190256742273601 0.544176897565866 -181.32217613462615 0.016850748498932856 0.9990901029636549 0.039179311314767824 -6.164193067805109 -0.5439634619268614 0.04203886734979887 -0.8380551805940286 184.378793084785 
-0.8366911066965025 -0.00829394126117478 0.5476122738885043 -182.07883270178436 0.012886199482690885 0.9993103834542635 0.03482389098572137 -5.250844056418699 -0.5475234587101032 0.03619348088881914 -0.8360072332840649 182.69263705591834 
-0.8341608046855002 -0.010058539201524807 0.5514295763881105 -182.90223210428883 0.012269672366469071 0.9992477754209845 0.03678774872472943 -5.75638662593391 -0.5513848085198381 0.037452758314251273 -0.8334099134448762 180.87008535829065 
-0.8306357245481792 -0.010142406425169087 0.5567238316223121 -184.03892491641324 0.015635747856756678 0.9990149593709929 0.04152871707546921 -6.731078433783221 -0.556596637155922 0.04320002945463308 -0.8296589305020695 178.6843518198714 
-0.8259484637336313 -0.010603454348212655 0.5636459012642075 -185.52086033963627 0.018811612990002023 0.9987479015902333 0.04635463607688296 -7.730707760851105 -0.5634316803950316 0.04888962901261663 -0.824714826896085 176.11293843283528 
-0.8202499706748578 -0.011734466217022994 0.5718848554652385 -187.26887032181924 0.019165682974909056 0.9986643718434304 0.047980714945408974 -8.076830991213651 -0.5716840580285585 0.05031674386492936 -0.8189295226592035 173.23496430291578 
-0.8143029910596141 -0.011718201647874802 0.580321740503926 -189.04556412664084 0.018243608208834573 0.9987855222122393 0.04576736150083121 -7.55880983835124 -0.5801532638112871 0.04785566183185698 -0.8131002558846894 170.35874686988893 
-0.8081805866069848 -0.00837000336081279 0.5888752690301496 -190.83074320173432 0.019512862979459842 0.9989694695144107 0.04097861828371503 -6.2904918387416515 -0.5886114062859599 0.044608766199455314 -0.8071844091459076 167.44519099547358 
-0.8018095939939128 -0.005425927509910266 0.5975549634050188 -192.6264522522476 0.022402777769841443 0.9989829067327829 0.03913141454018017 -5.659411198722345 -0.5971595184936022 0.044762834655298046 -0.800872523006072 164.4391673882376 
-0.7955942941790038 -0.00487292367146585 0.6058101795816123 -194.31728383634265 0.02420196841411941 0.9989137776743763 0.03981870787944898 -5.718736159639536 -0.6053461685636533 0.04634133562165669 -0.7946121675497466 161.46877721292861 
-0.7891664901339159 -0.001838745328773878 0.6141765787339444 -196.01128795284666 0.02852608198297167 0.9988065982607328 0.03964393922813856 -5.427249575846508 -0.6135165144447351 0.04880571981273846 -0.7881722452720242 158.45984538031226 
-0.7831848758275601 0.004484108326650048 0.6217727422840956 -197.52626014819992 0.03552248043767746 0.9986634849745302 0.03754193870967148 -4.506253896082509 -0.6207733915516376 0.05148918868112724 -0.7822974241236096 155.6414981173124 
-0.778356004125322 0.006965539081222378 0.6277845268142335 -198.71729830668812 0.03904189576959604 0.998540158424145 0.037326698072570885 -4.239102054807564 -0.6266080602871137 0.0535633576206053 -0.7774916755204709 153.16874642293504 
-0.7746883290683461 0.0115723215702014 0.6322373558868305 -199.58512374899675 0.0429844963584012 0.9984835625385063 0.0343934356124486 -3.2812434985809564 -0.6308805955789961 0.053820597487290754 -0.7740109930795576 151.10653272029117 
-0.7723423784152945 0.020738218428260173 0.6348678419956618 -200.07433228499292 0.0490655260399811 0.998428494167062 0.027076118438833473 -1.1392025396814769 -0.6333086330204466 0.052062158346688606 -0.7721461694589042 149.542359919848 
-0.7717777072419492 0.027570239603383787 0.635294461248146 -200.13642987314162 0.053584277221646624 0.998325970856292 0.021771108113200294 0.41099894331873044 -0.6336307251380675 0.05084425043262014 -0.7719630602295372 148.51041736393836 
-0.7727741399144498 0.03149835686096864 0.633899031545673 -199.85470229171904 0.057697053777709534 0.9981186609457832 0.02074098978278328 0.8939483980505791 -0.6320531454433665 0.05260220705309412 -0.7731376521346567 147.91980183292466 
-0.7753007990590353 0.03343994769250963 0.6307063031845679 -199.23674658688643 0.06125642084522077 0.9978708356559431 0.022392995613439253 0.7179677964981939 -0.628614605210263 0.05599611813003204 -0.7756984677506547 147.77560722975397 
-0.7788597217646323 0.037801399407021194 0.6260579749636545 -198.3358919603648 0.06437953042423744 0.9977280504754089 0.019849769693727135 1.5155651697386183 -0.6238852537727388 0.0557655045472574 -0.7795238281332492 148.00360236588335 
-0.7826602859004615 0.04504118022812378 0.6208173394468492 -197.31004405495224 0.07077688034159192 0.9973495256152446 0.01686881632358081 2.626559918814708 -0.6184120875947673 0.05714206715463155 -0.783773739084167 148.38006087100888 
-0.7874956108471796 0.043377937947303734 0.6147918488365539 -196.18042110683598 0.06886649406673699 0.9974664729099217 0.01783371569797937 2.269327600011162 -0.6124606672198496 0.05638253204743673 -0.7884877558900559 148.88586728660664 
-0.7925491528129036 0.04070760213185003 0.6084478050779907 -194.99682871562754 0.06646389013812853 0.9975917348549554 0.01983133522452177 1.634313571532052 -0.6061752153323787 0.05615711600283276 -0.7933460699083279 149.4478604457617 
-0.7978257729885054 0.044926471645965485 0.6012118163349242 -193.6207037727146 0.0666602823868473 0.9976788059238372 0.013907083177059111 3.036819269379298 -0.5991914908502959 0.0511723788369482 -0.7989686758169987 150.2310528064832 
-0.8023741621323739 0.04927109490057252 0.5947840474909111 -192.39573752998893 0.06653275404315018 0.9977589740259222 0.007100872493839728 4.626587659305477 -0.5931012532289952 0.045270177358155896 -0.8038541624325627 150.7809066811647 
-0.806472193072189 0.053816161111799585 0.5888178178388653 -191.2566598400675 0.06882602211681087 0.9976239000365889 0.003087516050891816 5.7114387719071305 -0.5872525695822122 0.04301598399405889 -0.8082598868186599 151.20620553021348 
-0.8113081232474093 0.05619336114386477 0.5819118793392365 -189.95773630353023 0.07443331135189785 0.9971979433962017 0.0074795619909986295 5.044513758395288 -0.5798610275867467 0.049381857495855934 -0.8132174499088795 151.8620237173815 
-0.8155968197037862 0.06346913947344271 0.5751291124813374 -188.65643807997202 0.08378415463824315 0.996444615079154 0.008851243489550813 5.350686715311452 -0.5725225262997297 0.0554057525375942 -0.8180147672659206 152.4804761343528 
-0.8196710742872867 0.06981586992220351 0.5685640458943321 -187.40121260012268 0.09020531164626312 0.9958929925396224 0.007755589034821303 6.041116856946163 -0.5656874859209154 0.057644528946661305 -0.8226024413743205 153.01203006281924 
-0.823697703996445 0.07303198075223698 0.562306341968851 -186.21753541620038 0.09281434441763788 0.9956612664259936 0.006643794797497919 6.486329589300693 -0.5593814350703005 0.05766257301224176 -0.826902314528324 153.4423728704651 
-0.8279811536410343 0.0750340842588344 0.5557131413010684 -184.98451832453054 0.09376999019716045 0.9955798560457515 0.0052857520132441865 6.871847099333857 -0.552860197657316 0.05648571886202098 -0.8313573030959401 153.92029434700729 
-0.8319123882336127 0.08049358085994207 0.5490378509208554 -183.71624507681145 0.09617329038977995 0.9953645844988729 -0.0002052827047299158 8.307269749683933 -0.5465093562959835 0.052631999446437684 -0.8357974611801716 154.38369402511285 
-0.8357331665065867 0.08373196694534568 0.5427145033185842 -182.53413752728045 0.0968290872027916 0.9952910812970304 -0.004448748370396268 9.32771942666734 -0.5405314072950319 0.04883258340547285 -0.8399054568971439 154.74548265459885 
-0.8388686104040673 0.0857010539185738 0.5375451458584614 -181.57383601161717 0.0977478830083685 0.9951923733051121 -0.006123028884483849 9.779125271359444 -0.5354855794940988 0.04740748329729867 -0.8432127398713123 154.8600854161313 
-0.8415112288556652 0.08778790435222761 0.5330592233132024 -180.74151108308558 0.10067586890957021 0.994907128652134 -0.004916785176267314 9.721482476064818 -0.5307760555348487 0.04952867055161724 -0.8460636439797288 154.84815458407505 
-0.8439020021650218 0.08897214448804262 0.5290683965680307 -180.0079348051737 0.1038727946888216 0.9945893463232541 -0.0015731191361395274 9.206639406727314 -0.5263457544859668 0.05362825454442298 -0.8485777259916246 154.7414182724953 
-0.8466154586362039 0.08463861105370818 0.5254317945434099 -179.38367966690052 0.10151592402249421 0.9948283769117325 0.003319286222626901 7.9502043058136 -0.5224335195678665 0.05614985316158573 -0.8508292493925345 154.540243503788 
-0.8479287538385661 0.08522840287603341 0.5232140553893565 -178.9812675400877 0.1027014370339359 0.9947024579146304 0.004408520132299969 7.8078489175969725 -0.5200665757813517 0.057472946346893844 -0.8521898950311874 154.0280921464075 
-0.8489604801521673 0.08313512354028871 0.5218760910156192 -178.75882877320038 0.10139324726494382 0.9948254184836627 0.006464994035288369 7.2645393357125085 -0.5186381325634202 0.05840323597838809 -0.8529968050809933 153.32777142942254 
-0.8492859207881616 0.07843110021270061 0.5220746951063904 -178.82876336486035 0.09620311554796286 0.9953373236985907 0.006969405382987919 6.7900894199317765 -0.5190938116659358 0.056144230086024434 -0.8528712916484987 152.2790007346557 
-0.8493694091990328 0.07829616024006492 0.521959115265313 -178.81183537227366 0.09272463093463418 0.9956906152215855 0.0015302214538869556 7.7586618829487435 -0.5195899821348768 0.049698189618176264 -0.8529691321576387 151.27756486036236 
-0.8494793345775972 0.07852027374123578 0.5217465157882755 -178.78131770903514 0.09014489480694628 0.9959237971414293 -0.0031125917886203306 8.599142336842894 -0.5198641727084568 0.04438870238021667 -0.8530948863023112 150.29912908492017 
-0.8487473574577674 0.08171779207807948 0.5224462897431096 -178.88593318037925 0.093361787118713 0.995623983510407 -0.004057112873655536 9.05842416309634 -0.5204915944705133 0.045333055453535366 -0.8526625441338388 149.1790605464321 
-0.8479757563554771 0.07783868805114019 0.5242883321950191 -179.2423824433581 0.0895585225067908 0.9959769902997786 -0.0030175884072400306 8.56022828893876 -0.5224140002715831 0.0443956465869368 -0.8515354595578336 147.8121971332601 
-0.8465417861190422 0.07326183258885557 0.5272567763813993 -179.78858796102753 0.0832348062332542 0.9965182728437642 -0.004826895461278663 8.493391406290119 -0.5257746393519704 0.03979994691207547 -0.8496922930332497 146.18479456069693 
-0.8451629351399064 0.06884348457372957 0.5300567778054023 -180.3011789059192 0.07748116199098304 0.9969760922067199 -0.005944838496183979 8.30482810513346 -0.5288631983814205 0.03604505791319126 -0.8479413135340256 144.6006735613898 
-0.8437095505466744 0.06646435413362936 0.5326693946022509 -180.76131749197174 0.07787789280273864 0.9969623582448958 -0.0010440571728016794 7.283915286270193 -0.53112072839321 0.04060228900412432 -0.8463227670331758 143.11516723883503 
-0.8424605620428313 0.06405532932279798 0.5349365534227623 -181.15957363618276 0.078414699228835 0.9969123148640732 0.0041196379945853505 6.2223030810868245 -0.5330209530096605 0.04541752148348718 -0.8448821884706582 141.70229596740705 
-0.8413177571937386 0.06402106466346535 0.5367361872557633 -181.4624988543268 0.08016625695979737 0.9967585402492916 0.006766364249522672 5.800692820367024 -0.5345631886648693 0.04872079350193254 -0.8437229886668903 140.380668004025 
-0.8408361229496554 0.0665953688382716 0.5371775043617211 -181.52274931973238 0.08400589219195732 0.9964334432805372 0.007962611953823768 5.861190027544253 -0.5347313572440135 0.05182132728316134 -0.8434316366004934 139.36444277585426 
-0.8410793816383965 0.06913679232937643 0.5364751417625779 -181.3976385047531 0.08712178276257229 0.9961638327190587 0.008210563363614422 6.068204814206953 -0.5338494813625326 0.053644406314931316 -0.8438761810361008 138.5838176568867 
-0.8417869249397928 0.06924766645329243 0.5353499170553606 -181.21679068521007 0.08703146086856357 0.9961734942650475 0.00799338119005755 6.128142499616301 -0.5327478745330584 0.05332100912904263 -0.8445925480170713 137.88786567620397 
-0.8423545047737963 0.06959032588368705 0.5344118962286436 -181.06507143874626 0.08564035214768136 0.9963122824172256 0.005250332237137385 6.622062819529576 -0.5320757637510971 0.05018986399644308 -0.8452078792703636 137.14363256654687 
-0.8431157385881681 0.06734423805066914 0.5334984582417304 -180.93376617993954 0.0811161734919123 0.996701818813526 0.0023771352171221474 6.884046612952327 -0.5315787973038032 0.04527955361071287 -0.845797697018535 136.3853649366178 
-0.8437757553909753 0.06328048763400794 0.5329522065806575 -180.87201446376582 0.07735331709137427 0.9969953639709629 0.0040876099825559505 6.224419079286794 -0.5310922132260564 0.0446746472309559 -0.8461354719815493 135.57949769558743 
-0.8445343116387908 0.062159373647793066 0.5318815739734817 -180.70939951801918 0.07821525781661823 0.9969068610300865 0.00768660365962302 5.547642005953147 -0.529758595880684 0.04809285496676456 -0.8467838610836133 134.9178214331837 
-0.8451652825988277 0.06647168691390176 0.5303556918978665 -180.44709440745314 0.08435970226536477 0.9963895781059047 0.009552448672325079 5.672945598724804 -0.5278059167187721 0.05281404624490179 -0.8477214110755371 134.37397079565733 
-0.8456942321009431 0.07096708051435657 0.5289281040694148 -180.19940554483384 0.0901786614405336 0.9958695346608504 0.010567826416798124 5.95240344456507 -0.5259934170804703 0.056635178269789394 -0.8486008377148584 133.8202066208843 
-0.846688856981037 0.06815145302152949 0.5277057503146989 -180.0296508387186 0.08828297880585739 0.9960103901927715 0.013016077796648082 5.309534455023913 -0.5247133456634296 0.05760800360278206 -0.8493275120962422 133.20430246613154 
-0.8476521501269975 0.06670998399253213 0.5263417239976281 -179.8282518093732 0.08422063650168489 0.9964032901180181 0.009347075972757966 5.754691835612986 -0.5238250822291061 0.052251904058183 -0.8502217485750205 132.60580740613716 
-0.8485036635575499 0.07023352764406297 0.5245081358035234 -179.5253489730164 0.08152184587492706 0.9966703046030216 -0.0015787867698845127 7.803654316876237 -0.5228725672423071 0.04141926504889693 -0.8514039716305345 132.0811539202997 
-0.8490750367310971 0.07445028139533019 0.5229997491397513 -179.26730589352343 0.08328648431822924 0.9965035134290052 -0.0066414797717082065 9.003616492535869 -0.5216655475781352 0.03791969572405454 -0.8523069594613202 131.52962105853558 
-0.8499487620699963 0.07311200635124464 0.5217678951248121 -179.0893203024616 0.08491909865948559 0.9963870196847253 -0.0012859574842134175 8.053520653960812 -0.5199767769223368 0.04321506139167439 -0.8530865196041798 131.00629148832618 
-0.851341234202315 0.07120456107462139 0.5197576487451148 -178.79351910302782 0.0890946935295845 0.9959779618963487 0.009488677550845414 6.224950207529516 -0.5169915265570111 0.054385750881688615 -0.8542610558659958 130.68841824124092 
-0.8525033376255069 0.07211692226476597 0.5177231005667308 -178.47799973430114 0.09176612689537388 0.995703279676375 0.012407932798529921 5.881419566077492 -0.5146037672734173 0.05808724786705292 -0.8554582598486257 130.34635150256912 
-0.8537020419614498 0.07245836848527568 0.5156962365456077 -178.17145233854183 0.08929559594105152 0.9959739737493615 0.007882902982956384 6.611090794867614 -0.5130488476708467 0.05277905314003183 -0.8567352283250981 129.97062790946822 
-0.8547480586222497 0.06982242747400816 0.5143253687143308 -177.9817054451412 0.08399831495430314 0.9964565280676153 0.00432096705298287 6.893248529212442 -0.5122011707975036 0.046895802510162996 -0.8575842491210969 129.4646148028643 
-0.8554366464948134 0.06590513205757255 0.5136970482708482 -177.91048708785286 0.07949321941790734 0.9968253032846202 0.004488072871722723 6.4836515506797285 -0.511770428903707 0.04467469417913685 -0.8579599057063895 128.8409018402054 
-0.8562427119454081 0.06463093488272473 0.5125146441776639 -177.74022638766098 0.08008943792408861 0.9967547156448365 0.0081067115888586 5.8255416116374255 -0.510327444072309 0.04798832249585733 -0.8586402161153752 128.38686546697292 
-0.8569706028722394 0.06370937004302787 0.5114122622518072 -177.58342712919506 0.08024813382428195 0.9967216546795934 0.010304373367353752 5.416275818158865 -0.5090791911191328 0.04987042471740376 -0.8592737153596607 127.92516857548873 
-0.8579169173424718 0.05943036144324709 0.5103396859703503 -177.45102164080646 0.077703861101476 0.9968704880286654 0.014537539936816522 4.357517744306172 -0.5078786005607174 0.05212736552154782 -0.8598500246300348 127.46407104166974 
-0.85868068988057 0.057154750049308534 0.5093140557387268 -177.31336270484746 0.07806017363254741 0.9967529768470761 0.019751264236765185 3.359992088871437 -0.5065314226370224 0.05671717282530116 -0.8603540435123319 127.0221668221554 
-0.8590628782953403 0.0599988796750457 0.5083415245409971 -177.15931111508945 0.08179282162048977 0.9964361003310307 0.020616311223099544 3.5345736428107664 -0.5052928907735431 0.0592893952982185 -0.8609087420504501 126.60022898989574 
-0.8594836924087953 0.06286934383491047 0.5072821976859735 -176.9944574462424 0.08408767201946094 0.9962772651301686 0.018996694425572155 4.0832052661946 -0.5041994108462348 0.05898352812878253 -0.8615705992614828 126.21545492410951 
-0.8591845652894533 0.06304716439409458 0.5077666174831085 -177.0705259088225 0.08161388171057073 0.9965605805588853 0.014359094270615401 4.795169280395197 -0.5051148949303575 0.053777916824691636 -0.8613749930091378 125.5042108199463 
-0.8586112551723035 0.061024794319633896 0.5089820104578237 -177.2598291529593 0.07776424577754407 0.9969036195036314 0.011657422494244783 4.992132937900576 -0.5066946166776309 0.04958979631744888 -0.8606982151318214 124.66021853980578 
-0.8579877698394608 0.05984116013438851 0.5101725417539449 -177.44336392996897 0.07655505918865713 0.9969954838962384 0.011803728357084776 4.860706177800056 -0.5079333713377484 0.04918374369928752 -0.8599910753241529 123.86141232651616 
-0.8562282708137458 0.06136625299099309 0.5129398904873239 -177.83805949569813 0.07897507281138633 0.9967972562497226 0.01257647834097267 4.939353338590291 -0.5105253041071894 0.05127780150191908 -0.8583323953687118 122.77622222566619 
-0.8538730197604822 0.061053686242343655 0.5168881054167693 -178.4107870231147 0.08067085510907478 0.9966195590432922 0.015545663971808718 4.530229344936964 -0.514191675604619 0.054971828499471374 -0.8559118055093866 121.46693595779718 
-0.8511829410314357 0.06029365286758471 0.5213945495696702 -179.06102510255016 0.08039708607058142 0.9966345038643513 0.015999195555352726 4.429811468666918 -0.5186751482849696 0.05553684480542737 -0.8531657221317692 120.04896205946022 
-0.84812690575783 0.06242725039036383 0.5261022620540114 -179.7173646041539 0.08141001092052387 0.9965961109675618 0.012984672743336149 5.114893781995907 -0.523500870917679 0.05384264121521313 -0.8503221790212238 118.60618949100865 
-0.8443075261264564 0.06307902626288489 0.5321332894791962 -180.55960552328486 0.08144592810254031 0.9966160926233828 0.01108714208520826 5.493787581649958 -0.52963323358881 0.05270104714166523 -0.8465879974984492 116.8987163518327 
-0.8398014883780158 0.06331929940459656 0.5391883960555734 -181.53462964477893 0.08287499656964739 0.9964869957609217 0.012058284411725335 5.439380673369644 -0.5365307028135956 0.05481180166975229 -0.8420988489103078 114.99766737218934 
-0.8356319147191961 0.0616693647045929 0.5458169954844411 -182.4522106418538 0.08449627581793434 0.9962822212975416 0.01679627635329485 4.670217010560806 -0.5427519529910778 0.06015500796582631 -0.8377360518331547 113.20571356033848 
-0.8306414773700072 0.06011758980874488 0.5535527178762286 -183.51215765304522 0.08671249481013314 0.9959915403931898 0.021949822527846538 3.881814323435824 -0.5500142537392775 0.06623237018851803 -0.8325248307545167 111.18100924436216 
-0.8251422856767074 0.05849750887661139 0.561888111498589 -184.6366803059446 0.0872392131958317 0.9958877536473879 0.02443157416400337 3.46419782984095 -0.558148302934974 0.06917820169959543 -0.826852373970359 109.0191953286286 
-0.819444168498427 0.05641728456356042 0.5703756172176341 -185.76622274175912 0.08589123730469694 0.9959937778894579 0.024881514418433604 3.269406536834464 -0.5666868183293043 0.06937927938484822 -0.8210070435287691 106.81442866686417 
-0.8130719825079307 0.0548535736234312 0.5795731504489853 -186.96769964001294 0.08471048019130953 0.9961028085000729 0.024562765398557656 3.2376889607908996 -0.5759670874332847 0.06906721623900659 -0.814549957850722 104.45527937297254 
-0.8071493394806201 0.05499388971576322 0.5877802445386626 -188.02257729279341 0.08468984964228692 0.9961396355278674 0.023096664217457936 3.5321832330365277 -0.5842410231604469 0.06842147780001322 -0.8086908730980562 102.31769138838362 
-0.801210253426478 0.05643750864816394 0.595715483617698 -189.02098995695397 0.0849801985985722 0.9961835560839527 0.019917038787868546 4.182853023440083 -0.592317900835714 0.06658175580080951 -0.8029485501226437 100.22383117617842 
-0.7954440040283192 0.05586309646915236 0.6034468915391595 -189.99292019944608 0.08281174567244685 0.9964216012775281 0.016917661960463695 4.573150244682176 -0.6003424449712658 0.06342954327759802 -0.7972237087577849 98.1397325146099 
-0.7897777210010526 0.05305995564680591 0.611093931009909 -190.95297179602682 0.07896048919619486 0.9967572025396255 0.015502268584890688 4.498731965747094 -0.60828972747884 0.06049562209068959 -0.7914062718677302 96.04321571590421 
-0.7838566259305706 0.05037706276277415 0.6188949357783898 -191.91752539857444 0.07567628561767979 0.9970242089864708 0.014691034341201333 4.356473992986337 -0.6163131426311245 0.058351334537425706 -0.785336381417446 93.89119029772746 
-0.7779888954470517 0.04857936914207929 0.626397097259266 -192.85844167837047 0.07300329113239604 0.9972426038871145 0.013330734274133563 4.371645240086256 -0.6240222736769219 0.05610021288913718 -0.7793901257193854 91.78952742037582 
-0.7722260395484433 0.0495010271028752 0.6334166023708941 -193.73168297836907 0.07201367271954705 0.997354981527645 0.009852500364541739 4.948932525135527 -0.6312534948693501 0.05322301323442527 -0.773748238174072 89.78949472140874 
-0.7663195962446097 0.0506359434613476 0.6404609883835853 -194.57925534213985 0.07184129099557847 0.997390780014105 0.007103580149732559 5.463914702853474 -0.6384301882896728 0.05145515691001531 -0.7679578513875472 87.76824214055475 
-0.7603662258411511 0.0491794413128542 0.6476299754892759 -195.44307137544698 0.07015834656312504 0.9975138847602603 0.006622395187767846 5.401906426780206 -0.6456942070420119 0.050472093899996635 -0.7619262160667121 85.69003011017668 
-0.7547583338422291 0.04419991733759955 0.6545122037082673 -196.25965941607654 0.06608868515547442 0.997774681232669 0.008830129413922779 4.60253855616962 -0.6526654144277321 0.0499204647253548 -0.7559998703779535 83.6620147308869 
-0.7494246170526293 0.03816411287516372 0.6609888379117853 -197.0241991348076 0.06218485306204822 0.9979814938880618 0.012883396547715226 3.4627925212887725 -0.6591629445024743 0.05075862828530668 -0.7502851286340564 81.7115527883096 
-0.7442411679668957 0.0334879258363678 0.6670709427987774 -197.71614243299027 0.059657453334335364 0.9980832949271428 0.01645371231789589 2.5449783365594225 -0.6652413638409241 0.052041283713571015 -0.7448124815176714 79.84555786956288 
-0.7388578003583408 0.03454464500859822 0.6729753475060327 -198.3667425561232 0.057520926531906234 0.9982732627789447 0.011909484942303109 3.2150503340913357 -0.6714018869950735 0.047509581369550156 -0.7395690270810055 78.00333731637741 
-0.7332866039731681 0.03796083094538687 0.6788591398423057 -198.99103450859255 0.05414242219848797 0.9985297150610892 0.002646933792257218 4.668723459516189 -0.6777605436671414 0.038696039254111414 -0.7342637550594917 76.11305126621335 
-0.7281623578757035 0.040869863148483135 0.6841850881589868 -199.54622220023577 0.05118878906589695 0.9986755765369992 -0.005176939487683013 5.883750307129365 -0.683490518183583 0.031252953695872054 -0.7292900413679189 74.31903347606996 
-0.72355949514515 0.03972779160694736 0.6891178125395769 -200.0640044060916 0.048259664611912376 0.9988109212865357 -0.006910013769048483 5.93828286897756 -0.6885729168046342 0.02825678843707619 -0.7246163758502704 72.60752423491016 
-0.7201414816766682 0.0365396310369449 0.6928644180012551 -200.45935119096293 0.04707152448612758 0.9988844689563958 -0.0037535663376744542 5.226452964566022 -0.6922286601630168 0.029911085593528144 -0.72105811763514 71.2142694775359 
-0.7184047666761452 0.034895267643522805 0.6947495314954024 -200.65822810661888 0.04761114933826933 0.9988655058667881 -0.0009378956098889118 4.741182693566014 -0.6939940703461971 0.03240403501993207 -0.7192511444820544 70.30550822743481 
-0.7187835256839155 0.03062966091123493 0.6945589010860524 -200.657574592892 0.04417155050750123 0.999022588537902 0.0016558130308725108 3.9169540711610416 -0.6938293142633598 0.031869914707961536 -0.7194339380411131 69.93628495789292 
-0.7207570254971966 0.02602030436678828 0.6926992521701559 -200.48699723042944 0.03897192780859246 0.9992357556025545 0.003015554389169978 3.1544963533463446 -0.6920913950045293 0.02916930726040498 -0.7212202524018807 69.9970557574402 
-0.7240268925210182 0.02537285293715211 0.6893049232670466 -200.15656714614357 0.0386074363649763 0.9992473411153732 0.0037705611230187544 2.9748395596841046 -0.688690441899467 0.02934228361405772 -0.7244615280528224 70.46713475861799 
-0.7273464841553792 0.030041498966316856 0.6856125730517686 -199.78695375793552 0.04461182975625285 0.9989980739477281 0.0035542783415549273 3.6011873851465093 -0.6848188641039381 0.0331716232431714 -0.7279579430013832 71.00272724779765 
-0.7317103664295066 0.03219411851510451 0.6808549613483288 -199.31576208283167 0.04921689922665432 0.9987720409837285 0.005666302119641335 3.659202824287911 -0.6798364777577849 0.037655662020912126 -0.7323963507743989 71.79891006182432 
-0.737078470119723 0.03351592660029919 0.6749755636688587 -198.73301571327198 0.053798271253816206 0.9985097447179591 0.00916709950737394 3.450615740924629 -0.6736624339356253 0.0430693901442856 -0.7377831339469136 72.86710718028829 
-0.7438318781540275 0.031565317605350716 0.6676209761281661 -198.00493744256642 0.0573759070536615 0.9982124626508261 0.016729754879929202 2.3858210985259847 -0.665899498672 0.05074948406679908 -0.7443133396193649 74.28193798102106 
-0.751182363785672 0.02987306949544646 0.659418422593949 -197.1782327040585 0.05912457044015667 0.9980050515793427 0.02214051021046915 1.5499653331010474 -0.6574415118530605 0.05561939177151459 -0.7514500261170595 75.86629551436445 
-0.7586833403262955 0.03186589546793154 0.6506797628767634 -196.2811023865816 0.06274254979179202 0.997734003743645 0.02429465413007449 1.5183244713094157 -0.6484311540610603 0.05925725676828362 -0.7589635142504141 77.56245159958904 
-0.7657446733944349 0.03760513009284838 0.642044351551161 -195.37324462835852 0.06917528136634099 0.9973136311687282 0.024089448580926275 2.2077029204330505 -0.6394136967691088 0.06285996560407524 -0.7662889462261063 79.20746873053595 
-0.7729345802387748 0.04369102016297809 0.6329796437708143 -194.40293836491873 0.07171695721350187 0.9972489714246277 0.018739451447655778 3.4652472481680916 -0.6304195529321283 0.05987974406792827 -0.7739416021452875 80.89884279392005 
-0.7801965449295506 0.04813288007647583 0.6236798675085927 -193.4024562880923 0.0712175099481458 0.9973872205105079 0.012116048824172268 4.649024575373735 -0.621467149217702 0.05386982659956865 -0.7815859672648652 82.5754000505951 
-0.788006236215191 0.05025010421936838 0.6136131506999436 -192.3177519941882 0.07043859553638084 0.9974775454999559 0.00877214239772245 5.19444834645184 -0.6116245383769613 0.05013455145233098 -0.7895580731053563 84.37715547254172 
-0.7955956983527701 0.054377777485162454 0.6033825835059723 -191.1931441184449 0.07157617116362631 0.9974250399065361 0.004487927027063415 6.104555878533864 -0.6015848539351061 0.0467583905114272 -0.7974392242877558 86.1685828308606 
-0.7983878542188996 0.05572764817615126 0.5995592243177456 -190.7307904174005 0.07254427557710012 0.9973575691481841 0.003899659449347446 6.315879077420539 -0.5977576116761162 0.04660803033364745 -0.8003208913877505 86.3147490350611 
-0.801156637061309 0.05707517391258368 0.5957268395963569 -190.27189268927503 0.07351734415196962 0.9972884086683751 0.0033211510867298074 6.525987147671375 -0.5939219165862252 0.046457017322987945 -0.8031802428720441 86.45840510143104 
-0.8039094710207368 0.05842398391040081 0.591875156183461 -189.81500114917256 0.07449794381298482 0.9972173729448546 0.002750902506578683 6.735462100682618 -0.5900674696768122 0.04630495870855066 -0.8060249574474745 86.59988409841779 
-0.8066426893580636 0.05977233535256628 0.588009217301644 -189.3610159858046 0.07548476033320276 0.9971445512629404 0.0021897132387814953 6.9440427089751715 -0.5861993028506854 0.04615205101758294 -0.8088512629181217 86.73912713454254 
-0.8093553312027153 0.0611197872328048 0.5841303959411452 -188.90983310307274 0.07647739865584612 0.997069970023206 0.0016377950903334977 7.15167330049606 -0.5823187746832288 0.04599833134516768 -0.8116581781543769 86.87602995592545 
-0.8120485305380158 0.06246690521534524 0.5802370806867369 -188.46142633303225 0.07747621975607535 0.9969935989762265 0.0010949761367466857 7.3584543901337796 -0.5784242555627812 0.04584374933672891 -0.8144468866803986 87.01069849660733 
-0.8147218909871685 0.06381355333286949 0.5763298280996095 -188.0158773691813 0.07848106226192562 0.9969154466418096 0.0005613494466286732 7.564372980376841 -0.574516286290068 0.04568832080515232 -0.8172169932946051 87.14328198377345 
-0.8173752961528088 0.06515967658507679 0.5724088065241805 -187.57301558824935 0.07949181665653503 0.9968355178850634 3.697921347572808e-05 7.769434712101784 -0.5705950195399111 0.04553204179637292 -0.8199683877114419 87.27367851845872 
-0.8200053340815211 0.06650359846958633 0.5684791319551222 -187.13359776442653 0.08050715636825613 0.9967539163745078 -0.0004774574097720045 7.973393230765745 -0.5666655537893137 0.045375120745592176 -0.8226975437947859 87.40170441315163 
-0.8226184456324569 0.06784860663752747 0.5645311855713444 -186.69649788669057 0.08152950111775899 0.9966704439415838 -0.0009831687420421584 8.17676293985317 -0.5627182539714964 0.04521717318267622 -0.8254111544537295 87.52791607483834 
-0.825211429452026 0.06919310260109471 0.5605697202437697 -186.2621989833496 0.0825575870424209 0.9965851975272756 -0.001479490200594601 8.379301579820755 -0.5587578558941936 0.04505839124907809 -0.8281059110129383 87.65200064998277 
-0.8277807292088287 0.07053529931676068 0.5566002478447123 -185.8313609674367 0.08358996703804591 0.9964982956352715 -0.0019657585245727942 8.580767456679391 -0.5547898536933403 0.04489897934578858 -0.8307781291612266 87.77389562932558 
-0.8303331029149819 0.07187868196218643 0.5526123354422676 -185.40287161224657 0.08462925844766965 0.9964095139640232 -0.002443173464429919 8.781682716547675 -0.5508038006569811 0.04473852435383458 -0.8334348430564125 87.89402845370223 
-0.8328618461392064 0.073219806614459 0.5486164463128456 -184.9777835182819 0.08567273920359487 0.9963190808621987 -0.002910475434792972 8.981545697207018 -0.5468101379847916 0.04457744978399885 -0.8360690904272258 88.01200411576352 
-0.8353730462517157 0.07456193013048401 0.54460296746469 -184.55514333172363 0.08672287611952047 0.9962267784969296 -0.003368762857228095 9.180864330341866 -0.5427992412980026 0.04441536199162136 -0.8386872237404516 88.12813030287167 
-0.8381711912628748 0.07619922460192301 0.540058082345816 -184.08083092262692 0.08814049707487472 0.9961009934555767 -0.0037501482914086815 9.40626185006617 -0.5382381507403277 0.044457721566441774 -0.8416193938359272 88.36892476232802 
-0.8382099432545322 0.07520842258248354 0.5401368198909312 -184.09865906778322 0.08635748864613474 0.9962531076627048 -0.004704213763916009 9.38960332488725 -0.5384667818760651 0.04270174053898138 -0.8415640713403678 87.48833261098596 
-0.838106097459205 0.07534183386736372 0.5402793513278153 -184.11487685448094 0.08768198899594622 0.9961443084573863 -0.002895778594939126 9.231517035312688 -0.5384143740720673 0.044945798440552305 -0.8414807407155109 86.61870428495678 
-0.8377554743459713 0.07775405328957534 0.5404813339981301 -184.1208868030127 0.09235191573584167 0.9957264252206796 -9.887955614052037e-05 9.273000765923811 -0.5381792348867391 0.049831649724733175 -0.8413559994570875 85.7517358066323 
-0.8375605578543784 0.07899303068102564 0.5406037486278568 -184.12770853013203 0.09688030289035698 0.9952851018824683 0.00466614216231689 8.967675132036664 -0.5376862643201301 0.05628203154322673 -0.8412644138954365 84.90830656463943 
-0.8372338833177598 0.07996449375269928 0.540966823717997 -184.16055655812505 0.09998378991489629 0.9949595149884909 0.007668460609614854 8.812049354551988 -0.5376268839808119 0.06050820830880581 -0.84100897162179 83.98898954860249 
-0.8371729170237833 0.07609566200967587 0.5416188301981378 -184.26008953152888 0.09687376172833138 0.9952473642008242 0.009907489082247091 8.108326157162105 -0.5382907962156627 0.06076293503955823 -0.8405658120783208 82.96079248757556 
-0.8368668591957958 0.07099143092412315 0.5427836371106908 -184.41618572060472 0.0914246370233062 0.9957542641651455 0.010722926004016904 7.3836199313431825 -0.539717885311317 0.058597458411405456 -0.8398041093867089 81.79585156381506 
-0.8366019474528805 0.07145218546551399 0.5431314451495606 -184.44872174329015 0.08929779136979574 0.9959836280181231 0.006520519636771557 7.866738426984336 -0.5404841218523667 0.053955517901869435 -0.8396223651817628 80.80971082619644 
-0.8365341371227112 0.07143259633396704 0.5432384574101418 -184.46276509577018 0.0892004648979132 0.9959931767914832 0.006392874690326405 7.890868592747859 -0.5406051373140633 0.05380498086421554 -0.8395541135292262 79.90671363520372 
-0.8367505845001723 0.07115950540429568 0.5429408661440362 -184.44141907380796 0.08904666432524198 0.9960049585457873 0.0066943352733893615 7.841431051017086 -0.540295429289539 0.05394856200883302 -0.8397442478195434 79.09474569242 
-0.83672016103052 0.07264015191405335 0.5427916547396117 -184.42113448734847 0.09230310658022894 0.9956899531043524 0.009036249370824609 7.835452298653157 -0.5397958027260873 0.05766216798695783 -0.8398187695820709 78.27928468115721 
-0.8370071523179607 0.07350658313301243 0.5422322465555588 -184.36707395179866 0.09212285066863148 0.9957214666057573 0.007220895039082092 8.133698637890522 -0.5393815044597502 0.0559959210710036 -0.8401976252466723 77.51692706363646 
-0.8372532679983955 0.07086625406056475 0.5422037801983968 -184.3858115582339 0.09066627801293783 0.9958326364399085 0.009848158834076973 7.550876780402136 -0.539246317796689 0.057405001842732624 -0.8401893087311626 76.65432308696742 
-0.8373028974827884 0.07169548114869033 0.5420180955003127 -184.36416172954847 0.09249443472246223 0.9956503831838635 0.01118454340589803 7.5557401938684015 -0.5388586432565591 0.059498507953428106 -0.8402923837207007 75.83986889971811 
-0.8368675794753367 0.07590592213223825 0.5421170956613953 -184.34365208423324 0.09660302024864786 0.9952750358603869 0.009770336327157486 8.277703632443629 -0.5388139854364683 0.060546626482084205 -0.8402461515054442 74.96947306718492 
-0.8369594260968835 0.0771590169363587 0.5417983067276895 -184.31092661337084 0.09522140541952735 0.9954418357672751 0.005332499808625806 8.859187728341574 -0.5389172506215645 0.05605388220002033 -0.8404916176100751 74.1419904180498 
-0.8373932478358784 0.07767478918732207 0.5410537640600834 -184.2462855371733 0.09092114717943427 0.9958555582660739 -0.0022476801689054644 9.602787292950055 -0.5389859863432952 0.047311036717358125 -0.8409850012516715 73.36854053271921 
-0.8382810965922082 0.08023338476274164 0.5393027044857828 -184.0816098611697 0.0902235935836735 0.9958900481228146 -0.007919293578703128 10.442777007171673 -0.5377215880518589 0.04201923392271039 -0.8420747459243356 72.8428354330083 
-0.838605407933626 0.08477204393464997 0.5381028436568793 -183.94495452502093 0.09597827745402668 0.9953571697256055 -0.007230140578903687 11.013830484461026 -0.5362174372784191 0.04558294903771154 -0.8428481801105056 72.27877182312992 
-0.8389464856474883 0.08253747550970646 0.5379185434210403 -183.956324962858 0.09790854968758925 0.9951954159336623 -1.6426181288690093e-06 10.108747703879162 -0.5353342041358851 0.05266544636770894 -0.8429968212520668 71.54551514161616 
-0.8395034535465735 0.07826242542490786 0.5376885197305105 -183.97685567124742 0.09485118698950849 0.9954863307343997 0.0031965055361970183 9.264506458755728 -0.5350114053083894 0.05368387176398952 -0.843137496558165 70.77385065967793 
-0.8399192663059265 0.07888353579408433 0.5369478688557557 -183.91323001829056 0.09339191229578721 0.9956294079699907 -0.00018083987755752358 9.642946905756009 -0.5346153540685579 0.04999469737831016 -0.8436154061112219 70.08889731528717 
-0.8400997982156897 0.08431678412242913 0.5358386034555648 -183.7803113075122 0.09724220595204783 0.9952520974936664 -0.004149194625147004 10.739767614908812 -0.533644340754717 0.04862039026694088 -0.8443102363650183 69.52112960798183 
-0.8408727535045157 0.084268616791804 0.5346324088920633 -183.68854890041592 0.0983009579394665 0.9951541939350282 -0.002247656937346644 10.5894135853492 -0.5322310908636555 0.05066488446173465 -0.8450817329705818 69.02781082345048 
-0.8416026861573748 0.08405022288030942 0.5335170837812624 -183.6049624624141 0.09988878662632161 0.9949982712900366 0.0008188016607955066 10.31878103983652 -0.5307797556039726 0.05398147982047947 -0.8457888926188254 68.54569629489488 
-0.84284713259462 0.08757650260424775 0.5309793473089469 -183.37383748035217 0.1023828854650567 0.9947438574729323 -0.0015500915199858037 11.002414300416689 -0.5283241957745981 0.05305670750696384 -0.8473833429727331 68.35106931542101 
-0.8448473671745371 0.08863322708511587 0.5276145157543832 -183.09886622299422 0.10321831833660176 0.9946570746104236 -0.0018118187547120472 11.160530448888242 -0.5249560981053726 0.05292877274143151 -0.8494819833746151 68.36352234120382 
-0.8475437084837827 0.08559721154451028 0.5237774141611699 -182.822461780089 0.10118843269415478 0.9948666102225755 0.0011528022995053139 10.474815236239925 -0.5209899838753687 0.05397726595563783 -0.8518543839539111 68.5110037330799 
-0.8510328798849071 0.084234107149468 0.5183123117846373 -182.39830607866958 0.09949250405929579 0.9950369431926249 0.0016502478265122663 10.2116186261276 -0.515600891185046 0.05297260494453652 -0.8551898176045933 69.00585302350287 
-0.8553873684703134 0.08150219128916368 0.5115367461644346 -181.8768947014857 0.09856543059246078 0.9951108123436311 0.006271128201710038 9.411482048112028 -0.5085246363290133 0.05578408349936482 -0.8592385176856198 69.82683531654767 
-0.8600835410706603 0.07982904566435933 0.5038686593227165 -181.2667177123211 0.09740657570712344 0.9952075489309686 0.008596136331334134 8.93124327709999 -0.5007676720679624 0.05647351608614506 -0.8637375067649323 70.82373207210765 
-0.8655031551112397 0.07783903558526052 0.4948185253521195 -180.53905732473132 0.09371868634466174 0.9955718469725102 0.007314734826132024 8.693000669369608 -0.4920580212965949 0.052704668245823615 -0.8689655468560179 72.0814497163193 
-0.8714402160034017 0.0797124674563182 0.48398127284428083 -179.61663874593899 0.09194707522936925 0.9957626841726734 0.0015531149335898094 9.364842824925304 -0.48180668871312826 0.04585410931702509 -0.8750769768254862 73.6773411268689 
-0.8789463178055146 0.08509790001777014 0.46926721367329194 -178.31736434856978 0.09296712144016282 0.995648456528437 -0.006423810681547728 10.705844734322962 -0.4677718297923243 0.037980237296625814 -0.8830328514996676 76.02338381803688 
-0.8884866471546551 0.0884014301616759 0.45030730059954577 -176.62932276887858 0.09354497117730644 0.9955557088293294 -0.010870555862879532 11.451742949059325 -0.4492669765243334 0.03246563972419834 -0.892807463029954 79.18720537864375 
-0.9002863182992703 0.08836882022514542 0.4262340867354007 -174.43706358136896 0.09308689923709626 0.9956097827400745 -0.00979743347435614 11.234095293258404 -0.4252286141284088 0.030856314171944017 -0.9045598452297979 83.31544738817631 
-0.9132263367415981 0.08550007363171701 0.39838096753044455 -171.83410256439905 0.09174327027845862 0.995776870576839 -0.0034053462101836613 10.119957349898414 -0.39698971049655085 0.03343892093307674 -0.9172137200929225 88.08971413329934 
-0.92604888921294 0.08178303355747328 0.36843586987373683 -168.9037524962833 0.08929358121473276 0.9959997150285103 0.003350226406460735 8.821436897425485 -0.3666880297218985 0.03600143171130578 -0.9296471297075088 93.08444090399718 
-0.938499553460526 0.07930172529236791 0.3360503303376545 -165.6026075442646 0.08726515746420166 0.9961476870144729 0.008635852503553169 7.801089056626138 -0.33407092128340155 0.03743022871114862 -0.9418044369886406 98.33476621344543 
-0.9504113665335663 0.0749857251530651 0.3018201043454008 -161.97429615454553 0.083008049789481 0.996453004331594 0.013822945731201968 6.518195780403705 -0.2997130261332437 0.03819098299087995 -0.9532646803402743 103.70278116537986 
-0.9609612222781105 0.07262493668139436 0.26698154964300963 -158.09817807911287 0.08012496993915388 0.9966348386298158 0.017291258530550885 5.660300685325524 -0.2648273370896757 0.038008117571700396 -0.963546503563085 108.96028421130016 
-0.9701036114858157 0.07009180541864264 0.2323491377116171 -154.1144365299167 0.07670685720065641 0.9968620623497995 0.019547038294893418 4.916530936026631 -0.23024995339972373 0.03678542457086773 -0.9724360089479238 113.98765701270857 
-0.9777910780031585 0.06844384989587089 0.19809100733968932 -150.02670129280972 0.0741732643215329 0.9970105473284463 0.021640133449702063 4.3078460466732915 -0.19601768960302843 0.03585258606104255 -0.9799447216223103 118.76603366654433 
-0.9844230588586748 0.06536009388087675 0.16321549961695841 -145.7227793731366 0.07014157005981157 0.997255459948886 0.023700374505068483 3.5201292064226646 -0.16121848943863407 0.03477938656760607 -0.9863057299504584 123.43390940745076 
-0.9898349987117537 0.060322066550389374 0.12879411326762538 -141.36071947608488 0.06380722668199906 0.9976947722698062 0.023103662234619172 2.8315849117039638 -0.12710355285536046 0.031086808658815884 -0.9914021873987148 127.83925081407513 
-0.9938773802487265 0.05341433326475995 0.0967195018174183 -137.18116382316765 0.05592015543358058 0.9981613807971971 0.02338362891678074 1.8217484614681538 -0.09529265053619056 0.028649029423606923 -0.995036956030716 131.73994851312602 
-0.9964834484302908 0.04757126988550611 0.06897616462196304 -133.46526232234646 0.0494627053104818 0.9984380964049122 0.025977075099081398 0.6565822495614091 -0.0676326680520896 0.029297473079008728 -0.9972800410533345 134.90083052781375 
-0.9978241205524339 0.04693981425319683 0.04629987345164852 -130.36164701049165 0.04836896234024676 0.9983715129589874 0.03024509206650499 -0.08291912929536038 -0.0448047757040594 0.03241875922762882 -0.9984696070107746 137.301613761438 
-0.9985608877802457 0.04587044227880116 0.027785894275229355 -127.79049461719187 0.04689334991719169 0.9982012011471513 0.037354728776009406 -1.2703913931743904 -0.02602243511032147 0.038603944792373425 -0.9989156963014442 139.07426497790797 
-0.9989756783112272 0.04303209241935207 0.013994040325616483 -125.85917201302586 0.04361387434196327 0.9980643148444625 0.04433343432373272 -2.6554778728215256 -0.012059191826405417 0.04489835694171514 -0.9989187721914267 140.17358540132022 
-0.9993087565378154 0.037099269329317924 0.0023776715658567235 -124.22338317252316 0.037169455751878924 0.9982458205777224 0.04608376349885516 -3.6898797754485413 -0.000663826749569621 0.046140285156683496 -0.998934749330359 140.95699570558168 
-0.9994495864309729 0.032350848818716534 -0.007344846061456868 -122.84455550021575 0.031965873907255506 0.9983562904667465 0.047569950502627856 -4.53417523298681 0.00887170154499013 0.04730898293332462 -0.9988409047718818 141.47947262739117 
-0.9993928592188924 0.032629329876924996 -0.012216373196257773 -122.1439872877819 0.032010811978725476 0.9983439609903924 0.047797944207636195 -4.556883599761603 0.013755757294678837 0.047377868101007824 -0.9987823170017845 141.41716976336755 
-0.9992466781502755 0.03587694850605122 -0.014795971463016552 -121.76949888109047 0.03514664084978978 0.9982776984889306 0.04697180363387485 -4.04837988703377 0.016455693319217094 0.04641639005284154 -0.9987866283104953 141.08475666596624 
-0.9990053482870572 0.04122544883533804 -0.016993424086430904 -121.44619291703465 0.040393552563050564 0.9980923620213042 0.04669044641112046 -3.3504819352211515 0.01888584139487609 0.0459575809095582 -0.9987648500782104 140.69492413829397 
-0.9988937148596346 0.04340562609644691 -0.018091380187651964 -121.28399337121951 0.04256732198911018 0.9981066465692822 0.044397580709958924 -2.754857683498777 0.019984231598791098 0.04357836272047701 -0.9988501172798693 140.14549546564234 
-0.9987354664525432 0.04674541555335434 -0.01850227484840004 -121.21451478656309 0.045988232919139845 0.9981636024746836 0.03942721303536561 -1.6403876965188382 0.020311338774104827 0.03852646907653746 -0.9990511301718737 139.50622614337942 
-0.9984869706711496 0.051777647819061905 -0.018516062925904242 -121.19871458711647 0.05111443995309697 0.9980912724072925 0.03465726435645475 -0.3482103793513198 0.02027519243391005 0.03365838871243214 -0.9992277165096309 138.8059844899676 
-0.998337462692139 0.05463325092014181 -0.018371676007329325 -121.2122271437152 0.05402548517266962 0.9980236731450373 0.03209353196432085 0.3660064548385722 0.02008874155538596 0.031047636560358083 -0.9993160094418265 138.04895077495559 
-0.9983278963002377 0.05510116930352165 -0.0174720522585738 -121.3357949813719 0.05448214712325879 0.9979316118395757 0.03412028335326632 0.15318158166981855 0.01931598078227674 0.03311131577953762 -0.9992649967119674 137.16841587885415 
-0.9983474269985023 0.05517087835553429 -0.016080708533824654 -121.5257385306814 0.054498455787498394 0.9977275221874119 0.03961956317966319 -0.5738454756870286 0.018230011581155642 0.03867771517615951 -0.9990854322962099 136.2091293498349 
-0.9983335696441209 0.055944962810354486 -0.014150790005339267 -121.78257503577713 0.05528395163598346 0.9975253194004159 0.04343871368501507 -0.9757392075216005 0.016545948541482287 0.04258401450364426 -0.9989558715456939 135.16899946178842 
-0.9984955321832879 0.053611370402208904 -0.011510567909985793 -122.14442998059569 0.053119582458150114 0.9978082286103066 0.039459458651054165 -0.7000504394643998 0.013600815030174108 0.03878865660421479 -0.9991548718538865 134.0271381123663 
-0.9986091923838709 0.0521454022231653 -0.007780611378150878 -122.64416198626945 0.05188293882046328 0.9981781792566763 0.030797453063170183 0.3026571298790286 0.009372382076374688 0.030350938746774407 -0.9994953621560255 132.74360060732712 
-0.9984729363350363 0.05511312502090085 -0.0037866683142247816 -123.16051068470102 0.05500661924637746 0.9981961765309963 0.024055456719525505 1.5780323115829615 0.005105609226668111 0.023810430683452184 -0.9997034541028123 131.41403969879616 
-0.9981249747471937 0.06120496206945384 0.0006981432454286786 -123.72843315933353 0.06120444569134555 0.9978484308508536 0.023505847700214688 2.419669861888185 0.0007420333749421207 0.023504503112538284 -0.9997234556215556 130.00951502861764 
-0.9977991069788366 0.06608892522251547 0.005403339260994077 -124.32032279292605 0.06621144761417981 0.9974396515596323 0.027021948512922233 2.5936994309076975 -0.0036036532951068028 0.02732023900944337 -0.9996202370017307 128.56722167035548 
-0.9977122349467461 0.06690079443372382 0.00972522193607319 -124.87295554696198 0.06716637107571968 0.9972851269370486 0.030183674174522543 2.314682745079649 -0.007679507411803143 0.030767828884919676 -0.9994970564597083 127.1416497695198 
-0.9975094733522881 0.06910339635802908 0.014126966561375772 -125.42238723656409 0.06952117088786482 0.9970798341309014 0.03160080960789599 2.4331775937702695 -0.011901990204220047 0.03250423020591899 -0.9994007292612407 125.69222973744749 
-0.9973050526565388 0.07108812735445795 0.01814139175958693 -125.91830585610283 0.07169492451761204 0.996800514638393 0.03533513570158405 2.239892792190057 -0.01557144001537139 0.03654055508434237 -0.9992108476642843 124.27599433561248 
-0.9973512347441157 0.06944677226617021 0.021625456670277092 -126.3599421615672 0.0702261264053405 0.9968204066039892 0.0376479501162817 1.7766297108144888 -0.018942167893048645 0.0390669015877587 -0.9990570411522282 122.89461439748192 
-0.9968776231723213 0.07512372198154516 0.0243193506069233 -126.66025908643493 0.0759353737678132 0.996520028955702 0.034375149466864645 2.9031682519851265 -0.0216523307993717 0.03611451627484865 -0.9991130658164711 121.62163715404986 
-0.9960574804919888 0.08487224445732205 0.025810805425800897 -126.78245501949976 0.0855964204490143 0.9959256113703888 0.02838008849233912 4.853394910810573 -0.02329696036541072 0.030477511993173487 -0.9992639155400533 120.4924480910773 
-0.9959915268904399 0.08551984477442987 0.02621515806184237 -126.83049432324073 0.08605003981400039 0.9960938507150446 0.019809876720555276 5.9727194285018665 -0.024418620158781084 0.021986284757369762 -0.9994600213475824 119.42746212087295 
-0.9957507305229807 0.0882799399671909 0.02621325737756167 -126.81089314510322 0.08867757155144335 0.9959561001715821 0.014413009219243387 6.963711219006261 -0.024834874001929106 0.01667629246579145 -0.9995524650076685 118.41736302809939 
-0.9954176911180054 0.09207230814747996 0.025812986686871136 -126.73762392781023 0.09239554078994869 0.9956545813926924 0.011619750164165119 7.769669886395634 -0.024630961236500215 0.013951509744119012 -0.999599255264042 117.45969213625648 
-0.995980310165604 0.08544309563102157 0.026883064769754297 -126.90941098021995 0.08597096705536188 0.9961139243987465 0.01913223568991045 6.078628241103518 -0.025143877703976796 0.021366493112266405 -0.9994554809425436 116.3501420283225 
-0.9963464478033924 0.08111395764361275 0.026726051428375756 -126.91678027511902 0.08195734431148413 0.9961175994291375 0.032135989496857656 4.046205128367708 -0.024015612900169632 0.03420897518084348 -0.9991261163407283 115.39771897585352 
-0.9965691547731677 0.07889236137247495 0.02501829474141813 -126.73221370815135 0.07991882209988757 0.9958694037612182 0.04309422845859464 2.518113108958662 -0.02151514882263469 0.044945811477265715 -0.9987577145643436 114.61136419163012 
-0.996595882011141 0.07926091811687204 0.022679391916594443 -126.46018072025517 0.08018007111383285 0.9958530752609218 0.04298614532085275 2.584595440795015 -0.019178220840752075 0.04465825066698535 -0.9988182199443244 113.89124879370479 
-0.9962770171189589 0.08387921233410228 0.019909367110994638 -126.11483389262902 0.08450810588734592 0.9958700458558323 0.03318481288838721 4.275482396710486 -0.017043626371254054 0.034743769302059566 -0.9992509120810463 113.21925137403154 
-0.996183379933558 0.0856164036577167 0.016985434020691362 -125.7721532602738 0.08598587195688549 0.9960452969979213 0.0223650654400388 5.71464203141545 -0.015003445203231857 0.023740213837328765 -0.9996055716526352 112.52921880332997 
-0.9961363462499175 0.08664755031797323 0.014303206065721746 -125.46300427353124 0.08691603239900215 0.9960275598139393 0.019357257117285618 6.186547389205539 -0.012569128525068507 0.020525645300051305 -0.9997103154880107 111.83473808402168 
-0.996154787677546 0.08685458516430296 0.011485644215247887 -125.14606631060595 0.08708135302301317 0.9959800727635926 0.020988868800165695 6.0391878333944184 -0.009616493268532741 0.021908347581825898 -0.9997137327072437 111.17165736768035 
-0.9963914902711453 0.0844057698540303 0.00892547649118311 -124.8779753461633 0.08460900945637496 0.9960858592876228 0.025578828082020295 5.235665458646906 -0.006731540244044589 0.026241702356879212 -0.9996329623533613 110.48361157686105 
-0.99637371386691 0.08476672090701141 0.007350193312755576 -124.70001401641119 0.08496180283704799 0.9958572550405927 0.03240092038345443 4.539308622679958 -0.004573223561183564 0.032907911050221006 -0.9994479251149466 109.68968877550198 
-0.9964185741523225 0.08433840353860424 0.0060875917086684 -124.56396909067689 0.08451841641629067 0.9955674729495706 0.0412558370571844 3.533732120798575 -0.002581156859695248 0.041622595946986016 -0.999130070179003 108.85405685537152 
-0.9967044251676065 0.08095203743869975 0.005201584934808648 -124.48786402226344 0.08110163572324654 0.9957664699050421 0.043262710223284116 2.915694390764184 -0.001677359330750854 0.043541991770857734 -0.999050189639291 107.94102664235983 
-0.9968366511339439 0.0793733214718232 0.004070232744498404 -124.3741919609841 0.07946844779119919 0.9961915099954006 0.035878144025864464 3.530727896516969 -0.001206963844196887 0.03608810401799808 -0.9993478833652804 107.04792080963354 
-0.9967010044506666 0.08110031184396009 0.003138016227673471 -124.26204273809645 0.08115640693519678 0.9963106673825023 0.027905047450266472 4.6072847776949395 -0.0008633309918129974 0.028067658944866583 -0.9996056528356335 106.13906491166414 
-0.996750837407241 0.0805025600328141 0.0026656999320855664 -124.21559925125415 0.08054495228195462 0.9964003675539298 0.026435169760988815 4.702971053485594 -0.0005280055514565415 0.026563986270095968 -0.9996469756086801 105.18901165032432 
-0.9965794009750695 0.08258630885247252 0.002999857045993293 -124.23692374996914 0.08263992128988817 0.9960772321542419 0.0316352808292457 4.436567167628438 -0.0003754482300322798 0.03177497716864984 -0.9994949774083701 104.17535990392358 
-0.9965504629653922 0.08293024053962413 0.003122493795548335 -124.24768359994343 0.08298900229747333 0.9958374744896342 0.03769018306902059 3.8723098834412593 1.6159612428126193e-05 0.037819302031455455 -0.9992845941636052 103.18465823607548 
-0.996537663859848 0.08305899991582352 0.003726532133284737 -124.30900493275549 0.08314206508747664 0.9956842272799622 0.04123489491796375 3.551059183586402 -0.00028552013404276955 0.04140195742823053 -0.9991425305727734 102.12967752496817 
-0.9965317334804215 0.08307934149980128 0.004725164808370796 -124.41026576056035 0.08319916287142472 0.9958090657082442 0.03797636042025556 3.9103125069894897 -0.0015503109368669142 0.03823777803736075 -0.9992674661304476 101.01021544315688 
-0.9964801853444945 0.08359753610970394 0.006220303223300007 -124.55548710764002 0.08375520752124023 0.995967725950941 0.03214582519062537 4.584495757043284 -0.0035079094738851096 0.03255366063131922 -0.9994638331378604 99.82514383560253 
-0.9963412070614281 0.08515954923497761 0.0072145883785729665 -124.64386863346978 0.08532964216524086 0.9959593301603872 0.027997586225004874 5.21538528450177 -0.004801174786316615 0.028510767098941573 -0.999581955059265 98.71485533123321 
-0.9960158599405403 0.08881866596763988 0.007978177901895893 -124.69497717136295 0.08896550237218415 0.9958245131112712 0.02046163420559974 6.4308827896526735 -0.006127490071010654 0.02108989479413599 -0.9997588060142317 97.62053833204651 
-0.9959113461952727 0.08990553021329202 0.008808300436812853 -124.77068879515532 0.0900480016631753 0.9957855471902993 0.01739256747534632 6.878950720024636 -0.007207490269646104 0.018114625140548242 -0.9998099381582632 96.52664219900166 
-0.9956282032195802 0.09287812309641082 0.009906321408029523 -124.8555026455203 0.09308937232746994 0.9953787217713763 0.023570511332134832 6.672905171266937 -0.0076713566876293595 0.024389639088528235 -0.9996730944622364 95.46376748044517 
-0.9952640002972922 0.09655968372945788 0.011215934660067992 -124.95280769769785 0.09686845907888454 0.9948026620228382 0.03137140844714218 6.417094011771457 -0.008128428379105745 0.032309303773713265 -0.9994448646832625 94.38864798542451 
-0.9952419078162418 0.09660464875189405 0.012691996131899919 -125.09220820657728 0.0969639495692458 0.9947842898109356 0.03165768831244379 6.422356628095978 -0.009567518498634516 0.03273772418599607 -0.9994181827467932 93.24419211420431 
-0.9953191292477116 0.09567875481261895 0.013616417703787255 -125.1849099316841 0.09605545080223706 0.9949117044555837 0.03039820238868826 6.442849248965065 -0.010638671193161841 0.03156384347305381 -0.9994451172828116 92.15486407184372 
-0.9947714229076392 0.10124205699889116 0.013411266194679252 -125.12126524012957 0.10159289212699711 0.9944106407756805 0.02874650902933079 7.305338915849224 -0.010425950104597126 0.02995869501053787 -0.9994967614543243 91.23262766763469 
-0.9945117982440941 0.10381192713762173 0.013014105319658435 -125.0649257884486 0.1041343127400301 0.9941914701279014 0.027191278658476696 7.784627661068699 -0.010115733461277395 0.028397262348586947 -0.9995455304425334 90.32718158184444 
-0.9944705211649992 0.1042716845406013 0.01248192040034496 -125.01315930295762 0.10455371004921533 0.994214797699564 0.024606051088304493 8.08896079583354 -0.009843995568861725 0.0257750235359942 -0.9996192994900415 89.42657166944478 
-0.994067432242447 0.10818816464088858 0.01119201440959544 -124.8625184630693 0.10846826413777245 0.993690728219478 0.028519683125573052 8.240675089667171 -0.008035908775418175 0.02956446654822052 -0.9995305730631125 88.68336833561837 
-0.9937279532798351 0.11143463884302042 0.009331459489052995 -124.66861424248548 0.11169152415882644 0.9931538190221333 0.034212500534594154 8.153867450761869 -0.0054551169876140065 0.03504016306578635 -0.9993710165253821 88.02636189890049 
-0.9938585288353946 0.11041708499416399 0.007300137158751155 -124.5008335988731 0.1106115076127242 0.9931906319653402 0.03657134069089227 7.833919280371803 -0.003212327004716366 0.03715421803349763 -0.9993043805755755 87.35266329639916 
-0.9938793602673721 0.11037549597134427 0.004589893637051601 -124.26432049692008 0.11046850752166104 0.9932725251618467 0.03473326366100578 7.996084481564768 -0.0007253140398115585 0.035027712567166865 -0.9993860781859312 86.74526472300407 
-0.9938677048965433 0.11056757874410862 0.0013400352019399397 -123.98094739724756 0.11054491090284815 0.9932320585230722 0.035635664656386005 7.942241537228695 0.0026091832358781206 0.03556527031651043 -0.9993639495750061 86.23172693915443 
-0.9941603275454713 0.1079024328363801 -0.0015192506943792455 -123.76001054050754 0.10775531233307398 0.9933691666271306 0.04008106109526387 7.2343525994027855 0.0058340207990159485 0.039683293493752686 -0.9991952764193832 85.68794909183279 
-0.9945079223468518 0.10456499136130358 -0.004489428801022463 -123.5330826822324 0.10428262608198108 0.9936431373924619 0.04240812905932968 6.6351325414793365 0.008895295767686058 0.04170705089643251 -0.9990902840177804 85.14599308791038 
-0.9946537475185189 0.10299591453845197 -0.007467538801678747 -123.30326155658707 0.10262774212250897 0.9939447447826518 0.039260551012261155 6.721558941864986 0.011465997305180796 0.038284277547559205 -0.9992011033813265 84.61059901999951 
-0.9945845509471102 0.10342574977232784 -0.010231583521942336 -123.07245546523502 0.10298061401923796 0.9939865460186724 0.03722552175712962 6.9592525108526555 0.01402013386367447 0.03597027408710792 -0.9992545097364054 84.07404118466567 
-0.9945857670202005 0.1031853212643806 -0.01232645595482743 -122.90535368780169 0.10267319983195689 0.9940368936312188 0.03672694019740565 6.98904004765218 0.016042633110146153 0.03526249531107201 -0.9992493134084857 83.47621290359201 
-0.9948255785594625 0.1006924824343096 -0.013531157564928802 -122.83733602459947 0.10014133257766844 0.9942995771671165 0.03660688944532341 6.705524980135571 0.017140062817838652 0.03506244182183629 -0.9992381314882313 82.76631321039892 
-0.9949702666721474 0.09919579726020833 -0.013941386023918772 -122.83202783280858 0.09865389792557425 0.9944956134050241 0.03529707271511743 6.6510906413779844 0.0173659685145014 0.03374416577836238 -0.999279617731432 81.9753874885801 
-0.9950337686669315 0.09852227285190414 -0.014183122525695492 -122.82963325410029 0.09794665615719687 0.9945124549325043 0.03676179445765411 6.467423142791918 0.017727147545720728 0.0351900374568991 -0.999223403200543 81.21093206876613 
-0.9952587186372506 0.09627506815394268 -0.013827300115826 -122.88331175719391 0.09568016702459761 0.9946611437309029 0.03865895484977863 6.055573809730792 0.017475371660840757 0.03715266348306479 -0.9991567899891539 80.38587203068555 
-0.9955933997745515 0.09301704602147631 -0.01190006196574481 -123.07170687978422 0.09247141011279075 0.9949017625731522 0.04024327447645198 5.556419631165403 0.015582703138480215 0.03896552294366945 -0.9991190456520311 79.38575841698879 
-0.9957288657391298 0.09188515513483055 -0.009008007532992201 -123.31727261002148 0.0914346155143687 0.9949366984646085 0.04172142296331607 5.3377413081369145 0.012795976696049604 0.04071958145895505 -0.999088674075631 78.30089864983916 
-0.9956793309877832 0.09275031781047 -0.004477542828113593 -123.67337004922418 0.09247816316801634 0.9948082953247088 0.04247640392285747 5.43019633198905 0.008393996711370564 0.041878802504427874 -0.999087436974365 77.03822441124643 
-0.9957325353287818 0.09226509217853926 0.001967448347900207 -124.17889830582551 0.0922630888028891 0.9947826547054929 0.04353150975607429 5.341840398987063 0.0020592552697952953 0.04352726343774336 -0.9990501172640719 75.55157201857169 
-0.9958796615040714 0.09013545485854955 0.009964917459714895 -124.80173897461798 0.0904941961006358 0.9948877127046349 0.044824542177689074 5.048335034501053 -0.005873693440774216 0.04554161708571806 -0.9989451740904416 73.87912522054515 
-0.9958540729403714 0.0885617670043306 0.02077206858127708 -125.61186376017167 0.08941296052619473 0.9950028473605688 0.04443710425198199 4.964658704784307 -0.016732838910828128 0.046110163407117495 -0.9987962079085777 71.86630728541397 
-0.9955117819890074 0.0881687070298583 0.03438853038085145 -126.59145805793467 0.08957579261003407 0.9951032727469034 0.041781023763029404 5.198401743111744 -0.030536360283370943 0.044673881285217744 -0.9985348141309642 69.50351118061037 
-0.9947247484830231 0.0889977176761834 0.0510105969756908 -127.73252332823698 0.091015431115865 0.9950973881289356 0.03869598735998183 5.61796897104842 -0.04731665725914243 0.04313460776918071 -0.9979481647652952 66.76176122623684 
-0.993223359858329 0.0918058339082023 0.07126742798889465 -129.05215644061042 0.09461337320496502 0.9948238229179648 0.0370657654131667 6.2003778973625305 -0.06749568165824095 0.043557435821057595 -0.9967683194916388 63.567958591366285 
-0.9913471000012771 0.0921800076229316 0.09345466020319224 -130.44779719879995 0.09593946844269656 0.9947156412536486 0.03655696158428829 6.417114981663653 -0.08959099125464921 0.045206628274829554 -0.9949521672151033 60.096240539245095 
-0.9887993254734554 0.09055994770229009 0.11863721935125913 -131.943423916097 0.09558440758828315 0.9947200772791186 0.03735758134331713 6.3294577273066785 -0.11462772338852897 0.04827901956320333 -0.992234660400845 56.18784427253648 
-0.9853095419791704 0.08731079060618184 0.14677170138865803 -133.521876659283 0.09389946781582618 0.9948344722696927 0.03856504541403729 6.0491453906770705 -0.14264640349024735 0.05178029188412906 -0.9884183349896403 51.830431472318566 
-0.9805327991509648 0.08445494560184326 0.17726475101543188 -135.08068965707477 0.0928389384699623 0.9948960277425773 0.039532587643762114 5.86727756844785 -0.17302127410507603 0.05522007013243438 -0.9833688944448189 47.091805773726406 
-0.9739262568523313 0.08355903115461012 0.2109159418491428 -136.63970641709517 0.09364320829070351 0.9948701216020194 0.0382673579517637 6.073156431153205 -0.20663638535996443 0.057020430163998485 -0.9767548693450585 41.85177992821026 
-0.9655865061957176 0.07978350119023254 0.24754250542194894 -138.1594407686232 0.09110645365551655 0.9952395471698411 0.034610083089840496 6.019487084249535 -0.24360277739603592 0.05597174900785861 -0.9682586690331979 36.0748034607188 
-0.9555592837122694 0.07184391670630823 0.28591066252169084 -139.52640271340556 0.0841093860692617 0.9959792810769812 0.030836388252047577 5.407765085468669 -0.28254568920149353 0.05351376736575603 -0.9577599961451599 29.915423961709283 
-0.9429231265157784 0.06549785875460641 0.32650575489609956 -140.72602815218278 0.07901761886512765 0.9964713779231994 0.028302100429615434 4.951672926366088 -0.3234999125047724 0.05248641232170713 -0.9447713919943813 23.331250055798467 
-0.9273794435322993 0.05793691723252277 0.3696088220474668 -141.67613358927565 0.07334737638528156 0.9969198752795877 0.027765529887401868 4.286264270453766 -0.3668617315707918 0.05285901904239441 -0.9287725200579298 16.234444340565243 
-0.9080849604080089 0.04801554656807807 0.41602429252214873 -142.37347871160995 0.06560861633827107 0.9974500493630035 0.028087514804968006 3.302571315248474 -0.4136148137373262 0.05280062796511462 -0.9089196221578268 8.45671301822308 
-0.884730896600561 0.036090986930782123 0.4647027880944226 -142.67699133770105 0.0558632209681895 0.9980216777249765 0.028844953355538234 2.0320051495706783 -0.46274241338289535 0.0514798159804996 -0.8849967725382891 0.11332526742442539 
-0.856976114870162 0.03420548030379669 0.5142197231332436 -142.45702033208013 0.05818018841854668 0.997837466801595 0.030585217386133876 2.2209231480589553 -0.5120615238598043 0.05612820114845421 -0.8571129568605375 -8.538634913378338 
-0.8253786407313537 0.031135919038534448 0.5637203685960692 -141.75718198747137 0.05927432689997012 0.9977389330826361 0.031679261065879497 2.2955992878282787 -0.561459396212245 0.05956153084626471 -0.8253579650359176 -17.458926118182998 
-0.7891218085660237 0.028231409037622855 0.6135876129691985 -140.48026152144814 0.06214180539305024 0.9974872091655036 0.03402445552404193 2.5212990374687045 -0.6110852373179871 0.06497888191532467 -0.7888932612445457 -26.732894804158974 
-0.7496446463476294 0.025158423952063 0.6613621987281907 -138.56882635628142 0.06564134062293404 0.9971765682951719 0.03647061891836886 2.8274923634940685 -0.6585773444353838 0.07075270558299024 -0.7491795085619496 -35.942300730167034 
-0.7080544838622662 0.025599564470296644 0.7056936376229226 -136.19254077291214 0.06939679357857423 0.9970278054140463 0.03346102616871781 3.521060264099803 -0.7027395911171884 0.07266510531322488 -0.7077265358500168 -44.84231123813315 
-0.66542982683317 0.0251736907425399 0.7460358107056105 -133.342638672581 0.06946490252328447 0.9971825795518734 0.028311311444404155 3.8748487290531988 -0.7432212139586761 0.07066249594141512 -0.6653037192058389 -53.31007504531498 
-0.6216215679998807 0.01811796191218086 0.7831081442901221 -130.10377067214506 0.062349102404348884 0.99770494127902 0.026409081331973446 3.0955322754030123 -0.7808323863843898 0.06524254442904248 -0.6213245486617139 -61.52143848973992 
-0.5764247049723652 0.007089821636399261 0.8171195101860486 -126.4317021336573 0.0494752068845375 0.9984306395839522 0.02623855643346265 1.449293289791753 -0.8156511284864716 0.05555170896690606 -0.575870857249785 -69.45574544417815 
-0.5302250735594018 0.005947009687887678 0.8478360716817251 -122.39814202787471 0.04232356882855126 0.9989143865556462 0.019461856380406883 0.9433450933353908 -0.8467999095952601 0.04620261256605422 -0.5299011527648618 -76.94697964425447 
-0.48252822108941107 0.012815887370605074 0.8757866571735341 -118.03190127458387 0.04417511706720785 0.9989765129586046 0.009720369806013304 1.7941377240612746 -0.8747657257142549 0.043378330857366455 -0.4826005030329347 -84.17865348867511 
-0.4329723146026632 0.017117051889972163 0.9012446844904054 -113.21838153487863 0.04815365468837189 0.9988312632602936 0.0041633008538301906 2.662453733122357 -0.9001201032794267 0.04520081933375194 -0.4332905325573039 -91.22252750795546 
-0.38332977785845324 0.01604553526536443 0.9234721556197771 -108.10580045678967 0.05094098129729939 0.9986944630757691 0.003792867815952744 3.0524348507433663 -0.9222056700278176 0.048496496985339095 -0.38364670199115997 -97.84875588013611 
-0.33444276342956625 0.012631938787059238 0.942331402486448 -102.85746596095926 0.05082509708998066 0.9986967404661199 0.004650815857755799 2.986418986502831 -0.9410445512808571 0.04944951672998143 -0.33464891722487633 -104.03020678804451 
-0.2866901305590013 0.014215769048801891 0.9579178884175904 -97.5430553339726 0.052320403907473736 0.9986299974663895 0.0008387462304023793 3.4197438726020404 -0.9565936150607646 0.050359111098503155 -0.2870411391322626 -109.7021670559302 
-0.2403437692894612 0.01393099539868516 0.9705878630659548 -92.1767083433006 0.05343204812491365 0.9985708803602832 -0.00110142165695914 3.69212693305603 -0.9692161207888116 0.05159577757618677 -0.24074465090505612 -114.89316899864653 
-0.1946786565604079 0.008032714250666876 0.980834183836189 -86.70479353699297 0.05152430096854964 0.9986696413232171 0.002047903576677554 3.245415403387607 -0.9795128723449924 0.050935478805290556 -0.19483354410711384 -119.77889710756742 
-0.15117787844246533 0.004868044531104202 0.9884945883575087 -81.3287140668335 0.0484033125765559 0.9988247845600929 0.0024837632940221846 2.8020529296595766 -0.9873208031846855 0.04822190260584579 -0.15123584134662263 -124.16842749326173 
-0.11275350896152507 0.012711061479621656 0.9935416826348686 -76.51155420815142 0.041260124023266856 0.9991156057521893 -0.008099907902014248 2.4911867004027615 -0.9927659585131069 0.04008036000958274 -0.11317825037989537 -127.90248165583374 
-0.08110255334289934 0.016963598205107414 0.9965613940832746 -72.44312456255675 0.03269084000498935 0.9993624782589948 -0.014350819760856939 1.7107116916363254 -0.9961695060686362 0.03141454096395635 -0.08160540297672397 -130.96595345916984 
-0.0529409611951107 0.01778243100163966 0.9984393019985797 -68.72932210517686 0.02939842100912683 0.9994358162904516 -0.016241365644813113 1.3717160605663454 -0.99816480977337 0.02849270544385533 -0.05343386816038827 -133.6585989113367 
-0.029746314094406454 0.017080671206050658 0.9994115305863486 -65.61413089805075 0.03364848027262282 0.9993044076486944 -0.01607733277740847 1.9381439624488879 -0.9989909592049069 0.03315043778056937 -0.030300361413962595 -135.929001719973 
-0.010893132172420146 0.017346052178434865 0.999790205065692 -63.04685671517343 0.04420592860694132 0.9988803530603153 -0.016848624457139128 3.4426753448066503 -0.9989630501412309 0.04401312013391808 -0.011647734054531707 -137.83891653232942 
0.0055338208783183235 0.014443247207877694 0.9998803775635262 -60.765487463443684 0.05470994010809574 0.9983937147635049 -0.01472456363012008 4.775025127226382 -0.998486954987322 0.054784878669401196 0.004734742793830932 -139.5513274891176 
0.018313273437996904 0.01695690129488463 0.9996884952396227 -58.978803253913014 0.05833679342216072 0.9981346836793964 -0.017999215800993732 5.493888888312145 -0.9981289708996551 0.058648245793937584 0.017289902142249982 -141.02494949026723 
0.02696743542131087 0.024997693994201414 0.999323707675231 -57.77757141983125 0.05852055444816742 0.9979332943682291 -0.02654213063137187 6.051896792211352 -0.997921891800093 0.05919675064009871 0.025448822758185247 -142.23516563127689 
0.032809357005334945 0.0316228852168167 0.9989612300902677 -56.972019377206536 0.053578519873461655 0.9980064938777307 -0.03335236702316128 5.784451840498583 -0.9980244928362557 0.05461713383584539 0.031049643967231998 -143.31913317357592 
0.03688690700855431 0.03463524766557753 0.9987190574483332 -56.39622790484107 0.048706317215996664 0.998149129753143 -0.03641441248049686 5.2932437998410045 -0.9981317802547905 0.04998714226867859 0.03513167877021966 -144.3137911902557 
0.03840671929479756 0.03603160118104041 0.9986123610437347 -56.182524188496224 0.04639696379644129 0.9982075805371645 -0.037801427335640854 5.0565109065776 -0.9981844747658032 0.04778441037064779 0.03666612144810568 -145.17038623697138 
0.03878762636499165 0.03806478244675947 0.9985222042489852 -56.13463100444701 0.046537170492917196 0.9981210813601608 -0.03985722904238835 5.209442430802608 -0.9981632190195567 0.048014365368138794 0.036943320300318994 -145.95994803246023 
0.0402812220439256 0.0382332724647048 0.9984566290166488 -55.925748225240895 0.05055176407765354 0.9979099728068039 -0.04025177413932812 5.832795193405549 -0.9979087845586319 0.0520951346035874 0.03826427382492642 -146.80448212271114 
0.04068273172931113 0.04337948300112174 0.9982300014493641 -55.8879508926898 0.05093917134200545 0.9976678897616944 -0.04543107484352984 6.232663606087018 -0.9978727955816966 0.05269726931259333 0.03837814019680147 -147.59942843053963 
0.04037641842172533 0.04515406353345008 0.9981637417687801 -55.944319487424515 0.047241384115493744 0.997774920400477 -0.047047421254250925 5.822147936895363 -0.9980671302383857 0.04905424310128209 0.03815343721703453 -148.38677555908117 
0.04003520173171809 0.04788916139694351 0.99805000417965 -56.002061032778414 0.038319143396839755 0.9980424452902397 -0.0494259106988637 4.685059790119691 -0.99846323210804 0.0402231975329793 0.03812175899128844 -149.20839197344137 
0.039101683108788005 0.05692529645376175 0.9976124342657882 -56.16296065250651 0.03152571629388241 0.9978086639714656 -0.05817215240678064 4.246987191702843 -0.9987377972171765 0.03372507564307881 0.03722138743586926 -149.97809647350232 
0.03760917053076703 0.06714597115785753 0.9970340861020032 -56.4085174216592 0.027458386386280176 0.9972937899037769 -0.06819922020392641 4.285059107006997 -0.9989152052647161 0.029941863279195575 0.03566367219343194 -150.71935814129148 
0.03614175381108091 0.07572506963170499 0.9964735257199433 -56.64483607934976 0.027808504314453683 0.9966626432720316 -0.07674804618881084 4.888120680736075 -0.9989596892363836 0.030484247330059142 0.03391533496027365 -151.45825683543728 
0.03451092448066969 0.08134875355760966 0.9960880364637033 -56.89927646999656 0.0317346419116225 0.9960899424617428 -0.0824484022240941 5.84455608525973 -0.9989003496817043 0.034455867732334215 0.03179441121614431 -152.1856176498939 
0.03215799830026081 0.08266863964775444 0.9960581103349905 -57.26299234866035 0.03933497037249724 0.9956967953708299 -0.08390859189651731 7.101210505906058 -0.9987084776105168 0.041878248614897945 0.028767847361831498 -152.86132004777255 
0.030066806333556673 0.07901389373782536 0.9964199876323676 -57.58515853870336 0.04873953142425365 0.9955689556889171 -0.08041711599543651 8.332981311882703 -0.998358875972686 0.050982929151500114 0.026082478825612945 -153.55237148530355 
0.028042567296343874 0.07309134534703067 0.9969309252173848 -57.89307859888066 0.052967922897706875 0.9958133598554628 -0.07449933877073214 8.628074076914704 -0.9982023910827559 0.054894513102265674 0.024053666413514186 -154.29625625757456 
0.027033217353714067 0.06720921342032428 0.9973726118111166 -58.03949352941878 0.056370967892998954 0.9960470844009254 -0.06864779410310391 8.801116419767009 -0.9980438463005089 0.05807863021660336 0.023137708915312947 -155.11466709673982 
0.025785620469688495 0.05913432719331023 0.9979169470073093 -58.21891454023353 0.05890391681829638 0.9964245349575902 -0.06056793473458914 8.707176532722855 -0.9979305739180744 0.06034299861578623 0.02221018139500197 -155.9462639483728 
0.025189979683335396 0.05728265716705666 0.9980401605704224 -58.30636145727738 0.053628280681953855 0.9968419449693224 -0.05856743344961426 7.781648827251576 -0.9982431930319637 0.05499849032163424 0.022038457924511062 -156.86147494558753 
0.02433540466473881 0.055839337838190214 0.9981431542767778 -58.43776545567161 0.04392172129422425 0.9974150332481891 -0.05686944565464836 6.1721644405237805 -0.9987385395980052 0.04522410640694773 0.021819938619005975 -157.7827829999037 
0.024246217149324394 0.0544046507849337 0.9982245513545125 -58.44802040155585 0.03732271341162655 0.9977727247579007 -0.055286569732511164 5.044837499226197 -0.9990090770446189 0.03859693902583025 0.022161684960647726 -158.7371818456692 
0.02450504395156894 0.053238691199294225 0.9982810949729128 -58.40337092527417 0.03737493577355897 0.9978340583747645 -0.05413230203186141 4.990855262582139 -0.9990008093074069 0.03863720624906121 0.022462174792604393 -159.6885158220341 
0.025451854287389716 0.04924608462147056 0.9984623309182922 -58.24299644923943 0.042741047704870014 0.9978189834503426 -0.050303867716257965 5.619572692034058 -0.9987619365766917 0.04395565282850086 0.02329151411988543 -160.6745746085521 
0.027122606231281668 0.045275130078302625 0.9986062922030965 -57.96242977639345 0.04833855750855727 0.9977457458478548 -0.04654901181012567 6.294708586054767 -0.9984626923872592 0.049533718201848716 0.02487293050457065 -161.70812920561644 
0.028497992207108937 0.04126857079527095 0.9987415929581985 -57.726010756819285 0.05365055673172207 0.9976440779996053 -0.04275408044495516 6.927601362509149 -0.9981530354622681 0.05480144794467712 0.026216771361612667 -162.73341922587196 
0.029993697960851436 0.039033972082528894 0.9987876286308784 -57.473550789430426 0.05836742623793568 0.997463734835199 -0.04073501249509522 7.579477890739945 -0.9978444877018628 0.05951845690268486 0.027639313503249482 -163.77537976207233 
0.031244916714036203 0.03624436390227966 0.998854394426361 -57.2571239156239 0.05904354323058166 0.997530236002666 -0.03804324201804413 7.5397164783270485 -0.9977663129121521 0.060164560546755 0.029027753476707278 -164.83933611717634 
0.03181785580190202 0.0364384124499683 0.9988292477447269 -57.14706058158619 0.05319324244451547 0.9978572366325055 -0.0380974311257469 6.611127194376774 -0.9980772029309197 0.05434314490594004 0.029811400358313325 -165.90828917576368 
0.031223244164235022 0.037111658338398114 0.9988232245193518 -57.23414392209311 0.041459275129643085 0.9984023136831338 -0.038392037428217604 4.7144577051297585 -0.9986522104965198 0.04260921082980838 0.029634736760697025 -166.9377801823279 
0.030292671608137537 0.04001218868107454 0.9987398954701832 -57.38430100843476 0.03767048991242305 0.9984428869482189 -0.04114286927602827 4.270909343931121 -0.998830960791965 0.038869348585439036 0.028738223743719125 -167.908826865566 
0.028105231951504328 0.03917546092349973 0.998837013330195 -57.73183049053187 0.0478596285569102 0.9980330491565326 -0.04049060070817412 5.953227385771864 -0.9984585879701505 0.048941966171635556 0.026175027333467337 -168.78568736723096 
0.02691663573299947 0.03932171770470221 0.998864003374618 -57.910607528749225 0.05936340425095658 0.9973996891456097 -0.04086375322920432 7.939402010813248 -0.9978734794334169 0.06039588238440972 0.024512373088993365 -169.69830240242857 
0.025768992453832344 0.038974521490124384 0.9989078764843792 -58.0973182174061 0.0607853747039478 0.9973296466648666 -0.04048103389778416 8.181990669263957 -0.9978181684305086 0.06176214502386325 0.0233310992462062 -170.67584911017457 
0.02464764132937975 0.03932282468256654 0.998922524140828 -58.28074614931859 0.055629319788446256 0.9976238863027863 -0.04064431396888253 7.334597895517291 -0.9981472198813023 0.056571167012095865 0.022401573741961812 -171.7039924952294 
0.02360279949262098 0.04202706267784034 0.9988376413906244 -58.46349612004631 0.04941026373665791 0.9978459059451094 -0.043152912138779795 6.443891569409555 -0.9984996413086912 0.05037136082394627 0.021475388591566266 -172.73049658498974 
0.022385790274789215 0.040785586637777906 0.9989171198434768 -58.66150165066276 0.048334208767669605 0.9979549585786116 -0.04182947419183939 6.194870725385083 -0.998580332600526 0.04921825444867663 0.020368671347164823 -173.73847844950933 
0.021580092907520207 0.04036920708698747 0.9989517639552324 -58.792155935796245 0.05001911407847537 0.9978895542824914 -0.04140683132883565 6.486800313825725 -0.9985150914317253 0.0508602455072535 0.019515317318318764 -174.75610716505048 
0.020803457326382026 0.040813617018194026 0.9989501813549878 -58.92049962575334 0.0528362332482582 0.9977252858561951 -0.04186390353645565 7.02789673239673 -0.9983864725743262 0.05365167871619849 0.018599697619283585 -175.76339632659796 
0.02013629176663506 0.03735919711169212 0.9990990041757924 -59.01716926565634 0.054624143374966135 0.9977679331508021 -0.0384103441344791 7.1457010775660645 -0.9983039280271521 0.055348369146232736 0.018050632077914623 -176.79334249213457 
0.019842929235405277 0.035862310424026884 0.9991597233928169 -59.05437901991728 0.05855309715914151 0.9975995271274133 -0.036969153198768964 7.769506743747156 -0.998087066829558 0.059237472652137045 0.01769544747545396 -177.82875171464502 
0.019463735498660484 0.03566934905040387 0.999174089205059 -59.11250738594779 0.060888191078630735 0.9974661874718543 -0.03679447020319078 8.194026620429025 -0.997954804180835 0.06155406070018187 0.017242575901178416 -178.86528356165218 
0.01939021576472801 0.03651999902747768 0.9991447889088102 -59.12199399136614 0.06037132200917645 0.9974664237149865 -0.037630267605994104 8.177193269630488 -0.9979876367027102 0.0610493507931694 0.0171363285528428 -179.93339194057165 
0.019486192757268657 0.039025228663942695 0.9990482069547765 -59.107232448324766 0.056485121870338204 0.9975990167330929 -0.040070348394538276 7.653734778328866 -0.9982132634357851 0.057212178256850155 0.01723506193742249 -181.0289760870872 
0.018473278581893137 0.04025474229604154 0.9990186653417019 -59.291175347166636 0.05059657088849237 0.997871308823746 -0.04114411307477068 6.673996697430383 -0.9985483087927 0.05130698538272381 0.016397202754600056 -182.06651049870146 
0.017451688553757984 0.04009778632563979 0.9990433454552444 -59.470626824621775 0.05057179692325349 0.9978811832965133 -0.04093454993894561 6.675725836165964 -0.9985679405641739 0.05123779420051286 0.015386894517414266 -183.07468720436358 
0.016084358122083465 0.04256220679089026 0.998964339692309 -59.72446069946402 0.05024475801852255 0.9977969309275485 -0.04332146030809395 6.786841396576596 -0.9986074092031666 0.05088951939894037 0.013910395389212153 -184.05104818669994 
0.014755655947842181 0.04217238461405124 0.9990013816774795 -59.961130956519796 0.04495293418005505 0.9980719613343089 -0.042797122647324895 5.801351397604627 -0.9988801251031839 0.045539542973673686 0.012831434042866015 -185.06397087536607 
0.013739586454154983 0.041752728390798986 0.9990334996565398 -60.141614241201495 0.04352946999614888 0.9981556250639568 -0.042314694788405875 5.524415364372986 -0.998957661267945 0.0440687851557738 0.011896771367522969 -186.069670667579 
0.012803853766876514 0.040701185212640406 0.9990893227589839 -60.30612470389849 0.05086580002447027 0.9978510733321473 -0.04130261296519443 6.843658089698442 -0.9986234183698013 0.051348310314638365 0.010706040876280748 -187.03368303128104 
0.012196816954909337 0.03903403012723171 0.9991634411587509 -60.40844421786389 0.06002805009108716 0.997406982173706 -0.03969817518983763 8.485239989390301 -0.9981221723108006 0.06046202447129499 0.009822053675387033 -187.99842092574465 
0.01260479556338169 0.038193004746581896 0.999190879420561 -60.322166091542556 0.06098406778482031 0.9973807037221574 -0.0388931268878246 8.63917081429005 -0.9980591478490751 0.0614249642337998 0.010242615078908309 -189.07295856659283 
0.013379851079725644 0.036594157506345905 0.9992406352933638 -60.16263117508076 0.055005364756996716 0.9977899547724194 -0.03727755361078833 7.42452077394756 -0.9983964089644131 0.055462363740253574 0.011337406022089925 -190.21704894539033 
0.014262570273801501 0.03405623473752659 0.999318143518213 -59.977284501673836 0.05077380221353224 0.9981057973747177 -0.03473957765661811 6.477521606047256 -0.9986083316786242 0.05123465743499799 0.01250638954904505 -191.3509232387069 
0.015442405770394662 0.03114433514409562 0.999395598595699 -59.73147264854454 0.04951813102043444 0.9982644881542859 -0.03187422768170737 6.075131819815583 -0.9986538373251589 0.04998041694998661 0.013873396024044436 -192.48356487380698 
0.016605189061552696 0.028276774641357468 0.9994622012423043 -59.486460237248075 0.052164506218478776 0.9982141958745239 -0.029108133666733243 6.428905295928105 -0.9985004416559926 0.05261979827460384 0.015100491459804933 -193.60276291075326 
0.017790587338221125 0.026144628396872698 0.9994998516298794 -59.23567970364195 0.054680820886278604 0.9981365433268172 -0.02708225808156059 6.801708283661127 -0.9983453825352044 0.05513528164055257 0.016327825607018377 -194.72362375922327 
0.018446525568463382 0.022494507061493 0.9995767718622287 -59.076329290326115 0.056714835623202696 0.998113616407143 -0.02350821479584808 6.982069450630572 -0.9982199923437148 0.0571244771942387 0.017135956074868522 -195.81541247343026 
0.018721020416689094 0.021794632934616073 0.9995871734720312 -59.00210188544486 0.055030337158449766 0.998224435679542 -0.02279556984343233 6.609326083232602 -0.9983091632288988 0.0554343755038767 0.017488414042158344 -196.89767912535302 
0.018683830827971506 0.021778740101701662 0.9995882156894286 -58.99516839479967 0.0512444825924586 0.9984278642051719 -0.022711296363961665 5.858596138175737 -0.9985113506963375 0.05164771493767147 0.017538417040715397 -197.9683264315135 
0.01880384857933377 0.019843827111519902 0.9996262490572035 -58.94571322182565 0.048754923625604164 0.9985954083797867 -0.020740486616026017 5.227364625691262 -0.998633753035049 0.049126702396723204 0.01780995257592993 -199.04463075992007 
0.019226083149777324 0.018620683068399552 0.9996417497727801 -58.841058186218234 0.05057664021234156 0.9985283739309793 -0.019572682994062177 5.516716678052569 -0.9985351076409625 0.05093482715020146 0.018256017956550713 -200.11008942185524 
0.01976585138386966 0.016945869535083605 0.9996610168576008 -58.70899506178196 0.055925271645081216 0.9982721829085102 -0.018028112006069557 6.489271896195894 -0.9982392875009951 0.05626265490340308 0.018783997251009314 -201.1623354804484 
0.020291534487391346 0.01598651812338821 0.9996662867509531 -58.58007696453465 0.05904270276798714 0.9981079558023975 -0.017160064504858442 7.065451670075008 -0.9980492036357719 0.0593712034765204 0.01930925476945007 -202.2180457183414 
0.020061448977175163 0.012469756488467388 0.9997209827937268 -58.59045535133563 0.05985829374324294 0.998113539628171 -0.013650885724794741 7.019507731038532 -0.9980052719976404 0.06011544879681164 0.0192771855018852 -203.24992317369026 
0.019567847719745544 0.017420377277673576 0.9996567559873342 -58.707275454112526 0.05932802398557414 0.9980660977415317 -0.018553978251522277 7.22468180894091 -0.9980467348303796 0.05967072141757928 0.0184964888538796 -204.2411319652204 
0.018228613086265326 0.02280641157135071 0.9995737017630018 -59.00308672902998 0.05795333774703037 0.9980348838482156 -0.02382816119756559 7.285122690495844 -0.9981528581880282 0.058362986672348564 0.016871084071672916 -205.18230687417923 
0.01648787495706569 0.02374524244808711 0.9995820693872426 -59.35287921566596 0.05472027897020347 0.9981982740895629 -0.02461496849566191 6.680199855480766 -0.9983655848680003 0.05510325821311255 0.015158822034573393 -206.12621354450943 
0.014275901730789261 0.019992488240838054 0.9996982039814383 -59.77349533878986 0.05381476737386959 0.9983356566990655 -0.020733725563485343 6.262266001450313 -0.9984488817372018 0.05409451891999367 0.013176250625473628 -207.0323500746902 
0.012027146026763318 0.024590155450868897 0.9996252657938146 -60.253215743679974 0.05468940665680198 0.9981850464690087 -0.025212731014126744 6.727405035797602 -0.9984309773629713 0.054972149863051906 0.010660496304408 -207.90357270567316 
0.008731592445574761 0.023216248032637835 0.9996923352315212 -60.91675603858023 0.06378063389390035 0.9976818518442403 -0.023726635681033125 8.53950631817435 -0.9979257437472276 0.06396818215281123 0.007230604304490888 -208.6692145229282 
0.005876798673018511 0.016484829631462673 0.9998468450864756 -61.455283776750875 0.07118134474658072 0.9973208629989945 -0.016861565378379822 9.675520209802245 -0.9974460784410479 0.07126953499892216 0.0046876415831606935 -209.47936340317335 
0.0026458294627291082 0.017015673036764625 0.999851722235633 -62.12149845100798 0.0707698885712962 0.9973450493325882 -0.01716028680949948 9.625988089808345 -0.9974891590679376 0.07080479816286404 0.0014346076312540298 -210.30255117715905 
-0.0003921358304410401 0.019042747568243215 0.9998185935431204 -62.761343712122034 0.06701196019777149 0.9975717502979348 -0.01897367117793516 8.96345043516588 -0.9977520951719137 0.06699236353919936 -0.001667275468826637 -211.1480662688311 
-0.003526004512073192 0.02324370845678639 0.9997236104590892 -63.43581883325843 0.05899142453429933 0.99799359833155 -0.022995423906933123 7.522928410377966 -0.9982522622682076 0.0588940379531022 -0.004890109404062702 -212.0066825976966 
-0.006495621188088671 0.02683959909618996 0.9996186486984602 -64.07321563772827 0.05151548692114139 0.9983213375357233 -0.026470013754468592 6.148408863669429 -0.9986510709515403 0.051323902240962144 -0.007867372248826165 -212.86161516918764 
-0.009897519934018285 0.029679451455848428 0.9995104648078664 -64.79955751374133 0.0520766825390893 0.9982182778726447 -0.029125398824643482 6.435951143334059 -0.9985940407567423 0.051762919954843306 -0.01142549267514619 -213.64183618097948 
-0.014124545549317004 0.03188298082818902 0.9993918014205118 -65.7018844945804 0.055802745229517045 0.9979589360317248 -0.031048600923024923 7.369899037345525 -0.9983419007724128 0.05533025870115764 -0.01587487430464083 -214.35075464105358 
-0.019488050592276727 0.029271595909502728 0.9993815035095579 -66.82095098705454 0.05174660160160686 0.9982611743846685 -0.02822971729981956 6.326501491001397 -0.9984700822292062 0.05116445435117945 -0.02096886988248595 -215.03200994340517 
-0.024424265186230025 0.03127974961563044 0.9992122059573222 -67.88054537077858 0.04636859067918993 0.9984701058247162 -0.03012310695803765 5.28254302987797 -0.9986257602668472 0.04559632702710922 -0.025837296551660498 -215.72746818699915 
-0.02887719838407037 0.028086835843429903 0.9991882890955999 -68.805582836254 0.04641795802503508 0.998564468806385 -0.02672779097135657 5.085199835071899 -0.9985046222157781 0.045608456340098615 -0.030139477832241912 -216.43921508460002 
-0.033922479331174364 0.027494611377555832 0.9990462010043499 -69.87683619470093 0.05264684361981016 0.9982827956122383 -0.02568598531270774 6.399190098018809 -0.9980368606684313 0.051725296807370084 -0.03531173200640479 -217.06559161327854 
-0.039959945213665415 0.024217616732429604 0.9989077584133202 -71.15615220847806 0.05913359518029507 0.9980113500484548 -0.021830325135360318 7.6035772941111945 -0.9974499589952244 0.058196668412063716 -0.04131255361463907 -217.6075847586264 
-0.045248739450992684 0.025203521091609223 0.9986577662556291 -72.3028235606323 0.05825003312246383 0.9980473354521213 -0.022548832301333144 7.4694011709230566 -0.9972760326104945 0.05715154172466914 -0.046628489780019204 -218.22391231487495 
-0.049776790124606896 0.022017840127850612 0.9985176442512151 -73.26024562197122 0.05818569323655993 0.998122882641458 -0.01910853866960605 7.2543845185045885 -0.9970640381978843 0.05714827962074899 -0.0509644765392219 -218.9033727681709 
-0.05282377334620641 0.013020682711497446 0.9985189586538634 -73.85286735529881 0.0583117474170417 0.9982490113141399 -0.009932347331470765 6.727128305737627 -0.9968998891978262 0.05770072124391846 -0.053490538278202715 -219.7084371033182 
-0.054895291293787854 0.001061129386344098 0.9984915527926093 -74.20114007875723 0.057202408806633895 0.998360426800377 0.0020838967553464334 5.750514489339994 -0.9968522415185151 0.057230518112224356 -0.05486598560235135 -220.60450321179852 
-0.05603547454552008 -0.0074684319862946625 0.9984008454103621 -74.36466987801843 0.05730721076977819 0.9982994213130046 0.01068405353364201 5.260038832018264 -0.9967827793387319 0.05781425369048431 -0.05551218680583383 -221.5487462628532 
-0.05549521003278309 -0.014957456934683993 0.9983469117223054 -74.16485856820469 0.05505241897543934 0.9983208948495261 0.01801727148585079 4.310214776028227 -0.9969400748432027 0.0559612847322974 -0.05457858355381478 -222.6225159108168 
-0.05370244669235491 -0.016750804043180852 0.9984164751160524 -73.7353666648383 0.050054955158832515 0.9985571460622419 0.019445501075545817 3.0989459361144966 -0.9973016337514456 0.051019962876689626 -0.05278650116042124 -223.77602154049612 
-0.05108380354205687 -0.018540017608341997 0.9985222645303203 -73.11847002699267 0.04882365442362708 0.9985858059364553 0.021038986452811284 2.731761262951666 -0.9975002234508014 0.04982625742840553 -0.0501063697176265 -224.9746318764597 
-0.04706665031550984 -0.02079550265257153 0.9986752612824177 -72.18034426930386 0.0520795789531562 0.998372400345724 0.023243659005834083 3.3566508123384278 -0.9975331813449313 0.05310458828900193 -0.04590702362946301 -226.2671335224125 
-0.04183019927360289 -0.019307191904382428 0.9989381696428965 -70.99709402440743 0.056312477502817634 0.9981784196906595 0.021650573695712515 4.444822075335791 -0.9975365353240084 0.05715833101680084 -0.040666766396511844 -227.62565948183627 
-0.03602599141958156 -0.02032321265686646 0.999144181271923 -69.65541578103281 0.059578661777615456 0.9979711867429909 0.022447572064165824 5.164800547553354 -0.9975733110919844 0.06033636928164648 -0.03474207159747431 -229.02840899177775 
-0.02957992383117454 -0.02273278923482966 0.9993038819096762 -68.14218636834153 0.06454183946473158 0.997611626075255 0.02460476535134406 6.200019697361784 -0.9974765055201305 0.06522471780767428 -0.02804205987902002 -230.46336438185284 
-0.02383323388558693 -0.03056778814049331 0.9992485112777271 -66.72444490343608 0.06720897235189102 0.9972221308547071 0.03210881139189684 6.3815038474724695 -0.997454225013839 0.06792372237882457 -0.021712598652550437 -231.8755787400758 
-0.017968554525098723 -0.03649521398187551 0.9991722726360535 -65.28594342099966 0.06276319526593968 0.9973215652848817 0.03755631421908411 5.024027168526093 -0.9978666806584372 0.06338607713157668 -0.01562987068346128 -233.3142721616495 
-0.012197061332905067 -0.03961719535499281 0.9991404853808328 -63.889688257441335 0.05419611375351498 0.9977198676580743 0.040222468029314146 2.857851105462407 -0.9984558142195662 0.05464012731095625 -0.010022152392828764 -234.7340832125215 
-0.006567319912449579 -0.0412098425215695 0.999128930212971 -62.536123866074895 0.04998038609900039 0.9978881571273805 0.041487189231306336 1.7943783384121703 -0.9987286074377572 0.05020930933867546 -0.004493766924392985 -236.10999189507078 
-0.0012569475954350548 -0.0368967342306267 0.9993182931808348 -61.31781211856696 0.05161288094948134 0.9979847614156356 0.036912416640906734 2.471899956144345 -0.9986663760249649 0.051624093069919975 0.0006499322051281909 -237.43727076575465 
0.0027171945322691147 -0.03160572965701782 0.9994967207083383 -60.43633115556055 0.05734127492511323 0.9978607802245398 0.031398112676324814 4.1893777454420995 -0.9983509378188796 0.057227101468798405 0.0045236946894641125 -238.6565174504312 
0.006650734225279958 -0.023952738642802927 0.9996909692728929 -59.58375434152328 0.058433705663035886 0.9980140942143673 0.023523813295514045 4.951247196640777 -0.9982691369449174 0.058259197222293835 0.008037173773380613 -239.87192832215922 
0.009026340871917112 -0.020273351712831164 0.9997537278654148 -59.065315153103334 0.05360352722617957 0.998366743411907 0.019761263067340443 4.027541330559785 -0.9985215005393608 0.05341195427460294 0.01009832170172667 -241.01970484025384 
0.012086415501385886 -0.022907772767763606 0.9996645199801517 -58.30912046312139 0.05289003836235929 0.9983526953177598 0.022238246194166138 3.7095713035526057 -0.998527196626289 0.0526035141277151 0.013278098473022611 -242.2178529873151 
0.01578261797289156 -0.024521459559803373 0.9995747130609992 -57.40636316443856 0.05636843412689829 0.9981311673118085 0.023596026675017805 4.479107500043776 -0.9982852841768246 0.05597205429340262 0.017135359178411157 -243.43896443222314 
0.019025356353230244 -0.028598476699785127 0.9994099073683864 -56.57663616269883 0.05504668568499706 0.9981046462393974 0.027513225009553183 3.9294665374706206 -0.9983025083664422 0.054490754131146735 0.02056354793048242 -244.65667342928538 
0.021480208030876417 -0.03307155833063414 0.9992221338083618 -55.93108270393487 0.0503616555782855 0.9982196817938406 0.0319557588991066 2.5175789537976194 -0.9985000271959757 0.04963606460011823 0.023107504855531806 -245.83505559316762 
0.022763984214731355 -0.03147756231695314 0.9992451971829814 -55.63511757803698 0.053980750910832764 0.9980848451052131 0.03021126449531882 3.518103440930039 -0.9982824648133286 0.05325227733990189 0.02441957010964959 -246.9121945059379 
0.023605195649853587 -0.029531068374626716 0.9992850998283653 -55.44913097026169 0.06320197281928111 0.9976082155195686 0.02798855050930453 5.946807134820306 -0.9977215570338667 0.06249611450733725 0.02541515888997852 -247.9370291838678 
0.024374600919901512 -0.030759599166660715 0.9992295661604006 -55.24335333805909 0.06639049768961992 0.9973697855400179 0.029082859357091918 6.693697162932984 -0.9974959552030878 0.06563046511313388 0.026352635589513836 -248.98292461489376 
0.02485124103771928 -0.03354882169358436 0.9991280660565284 -55.087278691665844 0.06062185705256403 0.9976480082597537 0.03199128104413588 5.111173680132391 -0.9978513948812137 0.059773975761350934 0.026826582997054434 -250.05729470295967 
0.02521268917863088 -0.033828529026455514 0.999109579039401 -54.989699651237174 0.052378827424711 0.9980991900594753 0.032472530548652255 3.0468708244106355 -0.9983089595621161 0.05151346839931342 0.026936663332321583 -251.10758150311648 
0.025350102543685617 -0.032374008618621664 0.9991542903210622 -54.96815220401908 0.04962259759364922 0.998284131875552 0.031086811569120375 2.4481973000177675 -0.9984462780285595 0.04879257742153687 0.026913087512954972 -252.11506845224488 
0.025870887276896747 -0.029930588087967187 0.9992171220952003 -54.8652415322443 0.05563681061165935 0.9980455193571824 0.02845499246202034 4.13265769440624 -0.9981158462305209 0.05485709787948845 0.02748556558944774 -253.11797102397261 
0.026308756261467392 -0.026084042637783765 0.9993135003909657 -54.79579618891458 0.060065544100323325 0.9978945642651239 0.024465670275935218 5.513287716398196 -0.9978476736235381 0.059380647771719364 0.02782011707926923 -254.11022602459917 
0.026372412682421065 -0.021333490342352598 0.9994245234329211 -54.830719727793635 0.05756280568864282 0.9981457749885468 0.01978725028306388 5.178150761463186 -0.9979934965973271 0.05700784211251902 0.027551527854450624 -255.09932009338763 
0.026359820419991374 -0.020358539298825883 0.99944519096599 -54.84014274365665 0.056964483919653135 0.9981986028972673 0.018830739383004075 5.08923331084565 -0.9980281596423985 0.05643650460084564 0.027472049600374162 -256.08621658991444 
0.02668243398325456 -0.020128508699717194 0.9994412893483312 -54.75546686575635 0.06178172766630317 0.9979191715746732 0.018448445199667343 6.35098203272159 -0.9977329631937075 0.06125496013584361 0.02787048645898035 -257.05881071148514 
0.02774187125723313 -0.019456691453029855 0.9994257479857371 -54.48757089546892 0.06502426418445098 0.9977281323494461 0.017618711239947557 7.24626446063378 -0.9974979867881526 0.06449814785083033 0.02894400244255544 -258.06607997175905 
0.028642568480213064 -0.017441525472598373 0.999437540049425 -54.27816800318384 0.061872661084973316 0.997961463987914 0.015642576685546562 6.567071021543281 -0.9976729810319211 0.06138981661715513 0.029663333167258814 -259.086203091049 
0.02959574755077018 -0.013842019074476516 0.9994661025942072 -54.07291569560603 0.05757405272167671 0.9982676596893499 0.012120563994700776 5.67738378166756 -0.997902460253562 0.057184596932127976 0.030341418780232797 -260.0918070604508 
0.030758808373214448 -0.00905626688129246 0.9994858076719426 -53.823529196415706 0.05592116492147861 0.9984083130783244 0.007325550485769932 5.552302595538233 -0.997961281323722 0.05566708548387987 0.03121628697404251 -261.07845438977523 
0.03233563828390373 -0.007126996636919926 0.9994516558672116 -53.437025840231215 0.057086093962291765 0.9983553381672265 0.005272250859988498 5.991956877769204 -0.9978454711892522 0.05688430954085337 0.032689309493464186 -262.06906155951344 
0.03492340692920351 -0.005700839576733538 0.9993737319324434 -52.77412092669453 0.05550362531940753 0.9984514210170705 0.0037559879386120836 5.682801770544749 -0.9978475350597706 0.05533769327603502 0.03518574253909397 -263.11723223314993 
0.0379591598384017 -0.011331040272337778 0.9992150467795758 -51.91898110122125 0.0560508568835754 0.9983855982055986 0.009192319525881412 5.496200695494144 -0.9977060707578057 0.05565792685678875 0.038532993019291764 -264.18692379319145 
0.04233014370730868 -0.01567574412448401 0.9989806954990985 -50.713398097535524 0.057897607455395 0.9982351144221144 0.013210729942350018 5.746604084569191 -0.9974246968992996 0.057279380066586394 0.04316302392706072 -265.29904393700133 
0.04730834723194877 -0.021079454584983212 0.9986578878057202 -49.32957634643698 0.058959728870092945 0.9980930783938289 0.018274496816522406 5.728168215077266 -0.9971387419279963 0.05801606205812014 0.04846097284952025 -266.42950375234057 
0.053058650845820725 -0.024078580531012583 0.9983010575623132 -47.75778404155392 0.053799477425997604 0.9983262674050873 0.021219802961274938 4.1970016039166005 -0.9971411112771909 0.052582181094334005 0.054265259902186606 -267.5957394354972 
0.058967849420586166 -0.024905828551129522 0.9979491432126654 -46.161334319609296 0.05126404526265158 0.9984452245539607 0.021889066419130573 3.4947645705142927 -0.9969427217237813 0.0498681588749182 0.06015294117835057 -268.72563637445546 
0.06414953063324728 -0.02338099001201169 0.9976663605763165 -44.784441662481456 0.0527631855978548 0.9984066399455095 0.020005688148235175 4.022412575787023 -0.9965444716444422 0.05135669984312014 0.06528097284908763 -269.77542998087335 
0.06985226459373292 -0.020880338866002296 0.9973387952847157 -43.27275909867227 0.06060350465473651 0.9980230409042571 0.016650076509826302 6.341309049178935 -0.9957147565215101 0.059279180772516475 0.07097959123754469 -270.7913308628142 
0.0749296456593751 -0.0167225521068717 0.9970485968358785 -41.941574146726566 0.06842028877091895 0.9975892652255656 0.011589736460333356 8.769584106780922 -0.9948387870835477 0.06734993806789222 0.07589317200108721 -271.7240669644103 
0.07914497724681538 -0.013008436356119693 0.9967782367007071 -40.832580267863705 0.07087601272158954 0.9974577601356464 0.0073896932188523045 9.710953710043198 -0.9943403156853745 0.07006280988333581 0.07986575783125978 -272.62926293065505 
0.08119641950973143 -0.013862198336442644 0.9966017162919605 -40.26071948960042 0.06683559785026501 0.9977283672933159 0.008432553481193296 8.576835756858044 -0.9944546969665323 0.0659237783769763 0.08193845938084285 -273.489100441662 
0.08243267144484269 -0.013584629841978594 0.9965040454060003 -39.92137841815625 0.06178846206173528 0.998053119621535 0.008494490553748192 7.221880908373363 -0.9946793657428066 0.06087222885502615 0.08311155827987636 -274.2932508669657 
0.08281914863998194 -0.009827976098882366 0.9965161310808519 -39.85489961290938 0.05725027615027852 0.9983468925013638 0.005088036319319054 6.2131698216810864 -0.9949187878913862 0.05662943685637089 0.08324489402999419 -275.0217872157612 
0.08325179701721472 -0.004397614658084962 0.9965188404032935 -39.792716352208444 0.05328549943365242 0.998579317597676 -4.490285247943614e-05 5.469193159605167 -0.9951029061577052 0.053103742349093215 0.08336785174760365 -275.72921760087786 
0.08324803268192436 -0.0042505801171519395 0.9965197928908671 -39.79386231748713 0.04870540590107388 0.9988131690841083 0.00019157288834709032 4.2234487718595295 -0.9953379066882767 0.048519952935133524 0.08335625757297158 -276.4294066522688 
0.08227065440231125 -0.005314694398480461 0.9965958526141213 -40.04936567884876 0.043821233048803754 0.9990379245778627 0.0017102015200156381 2.8046295943777304 -0.9956461414369557 0.04353135971466256 0.08242440028956696 -277.0832513133825 
0.08037704798495503 -0.005894776806755699 0.9967471002032684 -40.56615997882267 0.0409890294319083 0.9991562041230468 0.002603695192447364 1.9749322594630927 -0.9959213973117832 0.04064641889297952 0.08055084734329056 -277.6880855372571 
0.0775923551082904 -0.0009852623005721722 0.9969846817714644 -41.39112033089237 0.044141491802611184 0.999022289733579 -0.002448125183945365 3.160172146309628 -0.9960075075671811 0.04419834695636643 0.07755998321386974 -278.2327903891279 
0.07344613164835025 0.003929329378747819 0.9972914449229604 -42.59769703271296 0.052188043250893476 0.9986069857084866 -0.007777932620731116 5.719439795412926 -0.9959327657465308 0.05261794812459916 0.07313875612574294 -278.6910542669539 
0.06770568397814751 0.008166504436176255 0.9976719142896352 -44.24136678686977 0.057837385495587264 0.9982527315111174 -0.012096316366077334 7.564638589411205 -0.996027498212819 0.058521724478072065 0.06711505470478805 -279.0677472359947 
0.05908261317808033 0.010868808918539741 0.9981939259546424 -46.67309407820521 0.05658323384682015 0.9982966272324736 -0.01421906128067745 7.366285285527958 -0.9966481738645218 0.05732113963416884 0.0583669811070848 -279.3415475630343 
0.04784755965884995 0.011154165059588017 0.9987923686314973 -49.81084313316862 0.05450090855143898 0.9984188945900905 -0.013760882695847855 6.773534237808954 -0.997366663771033 0.05509351620040901 0.04716399549354243 -279.47756631193784 
0.0350069848387848 0.011264497642422057 0.9993235822822167 -53.39098429538042 0.05188516794369129 0.9985674797946895 -0.013073547488665117 6.008645669611733 -0.9980392980038174 0.05230773737552903 0.034372376273698144 -279.48951015654006 
0.02071994668084021 0.014778367316763383 0.9996760893754512 -57.40625601603789 0.05022847591487678 0.9986127090997572 -0.015803715756521675 5.720746264085703 -0.9985228009498892 0.050539658525707395 0.01994890722052539 -279.3620895765514 
0.005262788368672028 0.016773137679761404 0.9998454705158011 -61.72955779941512 0.050894997171333736 0.9985589805771292 -0.01701944686806542 5.987177869289068 -0.9986901432984688 0.05097670214069112 0.004401535793648738 -279.0980829232739 
-0.010053150625716495 0.012615749226244704 0.9998698800513788 -65.95013218159107 0.052150626862573976 0.9985662259457044 -0.012074954177671087 6.037065189207563 -0.9985886271535125 0.05202244969254028 -0.010696655909674812 -278.8070740469877 
-0.024828029048187438 0.005680295394151862 0.9996755989909024 -69.9829282968507 0.05324413943905961 0.9985720428531887 -0.004351648814375954 5.865169084899343 -0.9982728237255466 0.05311882412332658 -0.02509501812668782 -278.5089954450869 
-0.039256523916631356 0.0011260268196462825 0.9992285311146715 -73.93881235805958 0.0539479126963582 0.9985432561015475 0.0009941880231954796 5.733862598564009 -0.997771791566432 0.053945321926195444 -0.039260084011501134 -278.17989169358765 
-0.051969850150283534 0.0013074490675475555 0.9986477984015658 -77.47014126604508 0.05081255291360455 0.9987073132374584 0.0013367693969431034 4.833115909749016 -0.9973551118542286 0.050813315803579305 -0.05196910423786856 -277.9420464630688 
-0.061774690381173496 -0.003663793940324334 0.9980833954346069 -80.14080568196069 0.048822652385126224 0.998785070501372 0.006688165492184422 3.939842404424068 -0.9968952985356045 0.04914223801916798 -0.061520762349601466 -277.9177725922965 
-0.06829329755279301 -0.01230753552824707 0.9975893694695168 -81.85436299597906 0.04527941642699163 0.9988552990287963 0.015422906669125042 2.3968169194734545 -0.9966372459212015 0.04622354563763418 -0.06765784412238406 -278.16355698248594 
-0.07199367681415818 -0.01956354278733184 0.9972132060358939 -82.79704347738942 0.04231066449546166 0.9988477236865783 0.022650221987770846 1.1101282479873822 -0.9965072594661472 0.043823426152585436 -0.07108297371043143 -278.63461464077477 
-0.07273296023871154 -0.017121790863334128 0.9972044729003908 -83.03292494783778 0.04227608017414671 0.9989010470987825 0.02023440510776854 1.2520168526644269 -0.9964550414042886 0.04362960442851177 -0.07192918793777896 -279.32964625724674 
-0.07133393834604912 -0.018582274915330488 0.9972793832718158 -82.62723804107578 0.04564605997052592 0.9987181593673807 0.021874079614888707 2.1100568593593136 -0.9964075001971882 0.04708223878281976 -0.0703942919702181 -280.22700063045846 
-0.06756293639475501 -0.025184501424967053 0.9973971077327699 -81.49096579043258 0.05376293191530747 0.9981370199094921 0.02884504529495832 4.005981640050457 -0.9962654248630675 0.05557184875612821 -0.06608307535396356 -281.3396601191415 
-0.06193150406405349 -0.028520326170410972 0.9976728320444023 -79.86217628980498 0.059162583797097115 0.9977290725977965 0.03219450840737224 5.362951017503457 -0.9963253873523529 0.06101875685618534 -0.060103525927436854 -282.5942121984853 
-0.0545133070217602 -0.023118066328133128 0.9982453878515043 -77.83410331288248 0.05602753843067651 0.9980860870094329 0.026173991969099194 4.8504446633661304 -0.9969399251183354 0.05735606269129273 -0.053113724945650025 -283.9915734201667 
-0.04514063522363213 -0.02023493192256111 0.9987756858182404 -75.20651839807334 0.04753392693146015 0.9986188747737473 0.022380096873982912 2.6403834550407588 -0.9978491112598545 0.048485982259861275 -0.04411644457812543 -285.55910262382014 
-0.03515502833177754 -0.02345722706160154 0.9991065421072837 -72.31320462180143 0.043860818506676495 0.998725012051891 0.02499157661844011 1.4151534929675105 -0.9984189263945856 0.044700210296277715 -0.034081352915519406 -287.1609193063388 
-0.02483589143617205 -0.025257726577015107 0.9993724159414912 -69.32651712790039 0.045856626015056946 0.9985997102762652 0.026377802915991816 1.9126706524617347 -0.9986392483510179 0.04648296337713904 -0.023642879870981202 -288.76395419196353 
-0.013565297486079838 -0.02618760630818223 0.9995650013780808 -66.06403848613661 0.051978806029661546 0.9982869171823674 0.026859536597949603 3.6793825176795356 -0.9985560507191596 0.05232055292495949 -0.012180858499365907 -290.39752031722537 
-0.0012393288305385677 -0.027371866106202392 0.9996245520243662 -62.47106065630446 0.05467600954185818 0.9981281713136229 0.02739867899555278 4.448010894999586 -0.9985033790852327 0.054689437517558004 0.00025957539311970563 -292.0756183006333 
0.010863471618529354 -0.02976506596507034 0.99949788685744 -58.90597342239509 0.049816027431323816 0.9983317945179447 0.029188892845419808 2.9259939709232983 -0.9986993283242732 0.04947392144023852 0.012328126458232619 -293.73471591454256 
0.02185909564182507 -0.028898171617325212 0.9993433221945787 -55.68663697088114 0.04175652931517279 0.9987363138930301 0.027967258909568644 0.6467223454083655 -0.9988886685698625 0.0411177697417966 0.0230381599566456 -295.289179830359 
0.030866623352908525 -0.025113630035277484 0.9992079649148332 -53.07596769197357 0.034628261505895784 0.9991110500284862 0.02404148947246615 -1.2028365166464212 -0.9989234880949935 0.033858755107455576 0.031708825817182394 -296.6967413326312 
0.03796491075174106 -0.0231975643717459 0.9990097790106114 -50.996257201158514 0.034538633374568216 0.9991636366574901 0.02188858117822762 -1.0856441395016123 -0.9986820056235263 0.03367343446394268 0.03873437046310566 -298.00747507454656 
0.04400681461788897 -0.02157312255290528 0.9987982782576791 -49.21587937067193 0.041320520873588056 0.9989506100516754 0.019755840455959173 1.0694377533902801 -0.9981763445513633 0.040401473496684895 0.044852046969727326 -299.27253771602733 
0.04934605495092534 -0.017639140805517043 0.9986259698067264 -47.67915913203427 0.04666564073840602 0.9987928315426119 0.015336154458197793 2.9702198213027993 -0.9976909766231499 0.04584474201841322 0.05010962775765676 -300.48076344821294 
0.05472375453586107 -0.015336786325139233 0.9983837406902801 -46.101101213728356 0.05023044003908247 0.9986583255990861 0.012587756158687154 4.237551879012028 -0.9972372905096254 0.049460405344552934 0.05542070660117585 -301.69365153963184 
0.05876708298391484 -0.014473836923013614 0.9981667886692521 -44.900027761102926 0.04962121799170089 0.9987012055531178 0.01156013632140104 4.151090708193847 -0.9970376947149899 0.04885089632212814 0.05940896604000945 -302.86480327278224 
0.05970956444394092 -0.012995159236774583 0.9981312006696946 -44.63959700439504 0.04768134961841818 0.9988110096329401 0.01015164689071921 3.677355662808009 -0.9970763545548964 0.046986092329949866 0.060258197077911725 -303.9157071161594 
0.05900670178280087 -0.008006944972832577 0.9982254745181167 -44.91989630470154 0.04849906448960674 0.9988099779343143 0.005144776233077035 4.254728105468299 -0.9970787581171053 0.048109425386897824 0.059324811846258416 -304.8938803323685 
0.05698692830156505 -0.006652361497654407 0.9983527613470389 -45.55936988371073 0.052809066853424395 0.9985979950627729 0.003639603643344325 5.677523928708476 -0.9969772778056796 0.052514667885407484 0.057258337349791945 -305.81646709626506 
0.05455224487393048 -0.007603775757720913 0.9984819653721556 -46.29637131275932 0.0534924259024505 0.9985572799290807 0.004681780826503752 5.8417958194223045 -0.9970770346118127 0.05315582089350959 0.05488028566663614 -306.755176658839 
0.051705994815172594 -0.009658754863211027 0.9986156410524861 -47.14882002275199 0.05127463964983315 0.9986600277740317 0.007004302617071551 5.040778215406025 -0.9973451766710224 0.05084149270885077 0.052131959393281566 -307.6983573640847 
0.048209621268991205 -0.006782929919460073 0.9988142090893631 -48.26367550369448 0.0521421825490152 0.9986305638499218 0.004264943588539649 5.496980224872293 -0.9974753256176944 0.05187474150775116 0.04849727804092177 -308.5911868268483 
0.044554502411722936 -0.003381007623714973 0.9990012337841697 -49.438133574011886 0.056209390342314286 0.9984186215163595 0.0008721506280198112 6.9835587362198766 -0.997424383475855 0.05611439206496917 0.04467408925753179 -309.45572602114726 
0.04097918007809864 0.0001956878821584421 0.9991599814375977 -50.5904182689294 0.05738708282669334 0.9983487488834918 -0.002549181713595165 7.589362574887122 -0.9975106162466487 0.057443339988370104 0.040900283204539756 -310.33245596320785 
0.03673495438515794 0.0037688701743297352 0.999317936766838 -51.953296790364675 0.05178439440652918 0.9986421924457356 -0.005669917382504809 6.083365780434871 -0.9979824245056972 0.051957358331467106 0.03648990672701402 -311.2106250701894 
0.03277439891532481 0.007927615999008215 0.999431334149731 -53.23625578685749 0.04526660131667242 0.998930639706627 -0.009408074220857827 4.318985773897282 -0.9984371655647517 0.04554920372388576 0.03238049504166718 -312.08991243533933 
0.029152408773177065 0.008325087779326333 0.9995403093303383 -54.374029972272 0.0454078378527352 0.9989219768567307 -0.009644294384763972 4.400082664396058 -0.9985430713415725 0.04566811870557851 0.02874295756584442 -312.9653887690624 
0.0267755034763235 0.0061800980248548935 0.9996223680980703 -55.097008928568016 0.053076766798481965 0.9985615500571228 -0.007595233619646493 6.686924718992177 -0.9982314006480708 0.05326008952227358 0.026408968633220797 -313.8778088477501 
0.024790629519791912 0.0023038750097466696 0.9996900103771929 -55.67756069065091 0.06141954325576965 0.998104714901546 -0.0038233228423065675 9.09049539360279 -0.9978041212554024 0.061495286414841414 0.02460214125826538 -314.7938486650723 
0.02331932665623236 0.00017494664736862313 0.999728052221188 -56.11721472308076 0.061151060409189474 0.9981272385976698 -0.0016010559707121405 8.892378852120418 -0.9978560802115359 0.06117176606131527 0.02326495694834096 -315.7909236476507 
0.02149054767505316 -5.684922694080531e-05 0.9997690498954208 -56.69315936085461 0.05743945709045608 0.9983482965722293 -0.001177922103387061 7.716813174093792 -0.9981176609647682 0.05745150563295467 0.021458317052525405 -316.7840492658244 
0.019784817371724325 -0.0012482154723075754 0.9998034821702229 -57.220797892240604 0.056517610858574166 0.998401594181814 0.00012805487337676162 7.362895539989919 -0.9982055503073529 0.05650397059806075 0.019823739360857424 -317.76255143530574 
0.01811361235973928 -0.0016336221289987819 0.9998346004845111 -57.74891931600934 0.05846313937911467 0.9982894040379465 0.0005719436167315456 7.976827977271579 -0.9981252217939488 0.05844310963922268 0.01817813396579926 -318.7164425075695 
0.016344400147546293 -0.0036782879198316086 0.9998596555426151 -58.28618196251136 0.05485534170586109 0.9984904517675435 0.002776547384768639 6.715227758374828 -0.9983605321075895 0.05480226206120983 0.016521501227928174 -319.70156917459593 
0.0158045612348355 -0.005182342438763943 0.9998616700179195 -58.438469452413216 0.04934070319054594 0.99877232807681 0.004396780264045585 4.869400635994067 -0.9986569535395203 0.04926438870903922 0.0160408588388522 -320.75825123633206 
0.01563521439479777 -0.005126360539483345 0.9998646210854987 -58.490223613020895 0.048590672130267056 0.9988092546647767 0.004361121177090927 4.6498870438957205 -0.9986963936315965 0.04851590691321452 0.015865690140387835 -321.80618463391284 
0.016080844052966028 -0.004976992322864003 0.9998583079626653 -58.34728561676201 0.05271729994439276 0.9986009654459809 0.004122874837865192 6.0133910035745055 -0.9984799911571173 0.05264353101544358 0.01632071999358375 -322.866555485474 
0.016426715888861396 -0.00448175773384995 0.999855027917909 -58.239884300140815 0.059618758846116435 0.9982151016170575 0.0034949245049883367 8.304092123853229 -0.9980860517003306 0.05955270565861855 0.016664592703775707 -323.8893786862758 
0.01657325260980879 -0.0032433781348613915 0.9998573937298293 -58.20694559918701 0.06574056149579645 0.9978344393864143 0.0021471256641193447 10.39742895163626 -0.9976991058791966 0.06569560162350627 0.016750583726447246 -324.88986768480254 
0.016850566956295963 -0.0024179264355909027 0.9998550955138469 -58.12723687844151 0.06711746598903473 0.9977442573267249 0.0012816905838793436 10.924385760429795 -0.9976027787413492 0.06708614315411288 0.016974841508648832 -325.93290492129574 
0.017301381834092494 -0.0025206575163495013 0.9998471425534595 -57.98082494513988 0.0611495586572915 0.9981275495454542 0.0014581887417285779 8.989563719446837 -0.9979786539113195 0.061114982811691095 0.01742312294846419 -327.0560771715624 
0.01774869594479223 -0.005859621091481952 0.9998253090579993 -57.79306164012097 0.05583030984911407 0.998428441870907 0.004860346220766246 7.053638453279914 -0.9982825052531029 0.05573429199243581 0.018047947298535583 -328.16997124200236 
0.01774706045366708 -0.010437518969386946 0.9997880275553507 -57.73103161071652 0.05141933746937514 0.9986318440859839 0.009512713158588025 5.328556670065518 -0.9985194507767308 0.05123961529120596 0.0182594700181812 -329.2430491833553 
0.01835333476038289 -0.009795634013218599 0.9997835769092496 -57.53469875010878 0.049344741705492814 0.9987423337621592 0.008879595561372128 4.705627847145257 -0.9986131641277274 0.0491710921741065 0.018813615421127097 -330.31607898912125 
0.01900399389599197 -0.007718947432803166 0.9997896109014794 -57.34206066734836 0.04626814331570331 0.9989056880866857 0.006832658500380789 3.836913557421175 -0.9987482701512523 0.04612856120230641 0.019340338965138634 -331.38220267085165 
0.020336842867032065 -0.0029572381955610193 0.9997888114819328 -56.958320679930395 0.0480100457312975 0.9988448946408732 0.0019778672206436825 4.739239449538313 -0.9986397990922851 0.047959682986009604 0.020455328811856084 -332.45917423401494 
0.020341478619143837 -0.00034156998837576476 0.9997930323709662 -56.99015481787487 0.05547762158650242 0.9984596201970839 -0.0007876160234996405 7.4207474707765275 -0.9982527023508083 0.05548216078920074 0.02032909450687813 -333.41976206987243 
0.02079822932309944 0.002843075893561984 0.9997796510114059 -56.87868807040165 0.06056749887493473 0.9981556897265934 -0.0040984321960003635 9.35434102310742 -0.9979473992836789 0.06063939302049373 0.020587672939105756 -334.39197204088634 
0.021022308499672165 0.0032470732982804664 0.9997737339320039 -56.81098804366268 0.058705069643576635 0.9982653330262314 -0.004476569687832197 8.783452741386949 -0.9980539952044114 0.05878589450729507 0.020795222131292358 -335.401921608753 
0.02141565913405798 0.0019361904961252212 0.999768783624602 -56.66288655347938 0.054433147070117184 0.9985126058572555 -0.0030997490537108424 7.286411684253042 -0.9982877350963979 0.05448694440428573 0.021278412666067937 -336.4259257349959 
0.01990669906972246 -0.003545124802283332 0.9997955568126329 -57.10029987413934 0.05116809359656139 0.9986868696988367 0.002522397437257517 5.849863855786986 -0.998491637185731 0.05110742002169776 0.020061956257673024 -337.3268651683178 
0.016905081797868628 -0.005519086924290292 0.9998418664413538 -58.08498405974155 0.051909054725912576 0.9986410610084245 0.0046347929219774445 5.986747262150258 -0.9985087221686493 0.05182249460890052 0.017168599408248077 -338.092182152261 
0.012433410236524587 -0.0041925515301282955 0.9999139127052676 -59.610793612754094 0.053645295873279875 0.9985538509545311 0.0035197975147284546 6.666409707359732 -0.9984826450873139 0.05359691460843285 0.012640340339477198 -338.73587042431865 
0.007147093199353115 -0.0054536222205633445 0.9999595877151612 -61.38085121298138 0.05420941424586244 0.9985167765385073 0.005058297961615883 6.783883707072237 -0.9985040102402792 0.054171071392611264 0.00743213012913359 -339.32246854542507 
0.0014532107208305846 -0.0034158870206608314 0.9999931099234955 -63.335285848504014 0.05563132374031546 0.9984458265408873 0.003329757045921081 7.4003923101914095 -0.9984503212466311 0.05562610159760255 0.0016409824960047688 -339.84128065080114 
-0.005489195568219994 0.0002492424693761657 0.9999849031911465 -65.73913139430863 0.05783222630382595 0.998326313832769 6.86281206897251e-05 8.380193510389354 -0.9983112251861925 0.057831729934936016 -0.0054944226244214465 -340.24067606243364 
-0.012482218986030162 -0.00023762105897359633 0.9999220658358421 -68.11016446635307 0.06258255603035402 0.9980392710382892 0.0010184036859975187 9.96565209718177 -0.997961731676066 0.0625903906489838 -0.012442873804520296 -340.5931591381695 
-0.019463119241217148 -0.001681331230077288 0.999809161847749 -70.46202440078596 0.06557382915222085 0.9978433462333034 0.0029545402756464257 10.893069723625914 -0.9976578872137072 0.06561881973351702 -0.019310892704964257 -340.93352852245755 
-0.026691466469318876 -0.003096867823879447 0.9996389223251559 -72.90207922607681 0.06461917458537822 0.9978983715544811 0.004816879157615445 10.46954143975862 -0.9975529699688243 0.06472441161259099 -0.02643525388155494 -341.26310146721926 
-0.033162480210831985 -0.003060019286634779 0.9994452892421035 -75.10315295879383 0.06208171939957311 0.9980579591131257 0.005115698127893736 9.596679218792742 -0.9975199797611369 0.06221693123988407 -0.03290810605964214 -341.62585769229696 
-0.03948445875836761 -0.0037933977711407255 0.9992129841279633 -77.24666009053507 0.05855532624063981 0.9982655053942431 0.00610364717440384 8.335216808503054 -0.9975030081585774 0.05875024147462916 -0.03919384953358997 -341.97615681921354 
-0.0464623036227946 -0.004360026911660962 0.9989105287799271 -79.61793434690453 0.05540697065232136 0.9984397687282062 0.006935115363190819 7.210274828154579 -0.9973822346248185 0.055668827788067476 -0.04614823580058467 -342.2364183985241 
-0.054803897695587106 -0.004835680244109712 0.9984854275320942 -82.46025235716343 0.052596881008761975 0.9985859615230863 0.007723053616469095 6.20313594369272 -0.9971108769367232 0.05294047266118338 -0.054472061177164556 -342.35080824816464 
-0.06418243260175253 -0.0064576154204003386 0.9979172884304612 -85.64474014481485 0.05162177481590916 0.9986187958102414 0.009782280887411196 5.751034086792642 -0.996602131098553 0.052142112132008395 -0.06376042998785401 -342.32751637889635 
-0.07384357270216918 -0.005203278320233018 0.9972562622843247 -88.96339351046628 0.052909943887847165 0.9985575695491903 0.009127876740967752 6.2568198675558095 -0.9958652843675011 0.05343880790900592 -0.07346175332035035 -342.2048502855447 
-0.0831404723325491 -0.005826981715701079 0.9965208016616646 -92.13904806326414 0.055311562283727536 0.9984144286423462 0.01045273918692134 7.029427446145672 -0.9950016547413647 0.05598816806130882 -0.08268634771886231 -342.06443034367567 
-0.09167783450293396 -0.008791652431908737 0.9957499091179323 -95.01979847774146 0.05716761402602917 0.9982653431703236 0.014077234515638883 7.468418837902059 -0.9941463868904938 0.05821521684709089 -0.09101620712830494 -341.958722237281 
-0.0993861741467305 -0.012488400576923258 0.9949705665191843 -97.60520511432554 0.059167976921262196 0.9980777551132625 0.01843760437573013 7.912638923136212 -0.993288245624361 0.060702838476477027 -0.0984562161845452 -341.8930925120287 
-0.1049142829332686 -0.020205255538642483 0.9942759882875668 -99.38686930817435 0.060619798474481984 0.9978044732140762 0.02667345622323314 7.920174385005499 -0.9926319727217694 0.06307123657102127 -0.10345910229598446 -342.02428485581885 
-0.10571390917008885 -0.02933966263704954 0.9939636580903364 -99.52471506520658 0.0621839637018547 0.9974132458754773 0.03605511906056794 7.896793225314855 -0.9924503635277205 0.06562012761713748 -0.1036159967630768 -342.605716690888 
-0.09991829807563599 -0.03724192399566606 0.99429843246722 -97.40670457725322 0.06375245278042019 0.9970063038453559 0.043749912652516924 7.98549163936256 -0.9929511359951951 0.06776038067871007 -0.09724490904992236 -343.80707255376035 
-0.0889437179681952 -0.042479822662722114 0.9951303832667043 -93.53395807561549 0.06531988823077929 0.9966906429922113 0.048384650182579564 8.268861714991774 -0.9938925129185308 0.06930531608986291 -0.0858745941834458 -345.4509247407536 
-0.07305188299695276 -0.04655467403281886 0.9962409772320645 -87.95784086251768 0.06434323691598434 0.9966088922296412 0.05128999699727121 7.764377261971977 -0.9952504058043745 0.0678482000830126 -0.06980867776804252 -347.47680919302934 
-0.05052013912304219 -0.05181473774067306 0.9973780369026859 -80.02609606406237 0.061566781487028495 0.9965923686182345 0.05489246058637064 6.575383126407528 -0.9968235786538749 0.06417853040357883 -0.047157918475267346 -349.95811951062393 
-0.021151287264113243 -0.058405102629097407 0.9980688688832834 -69.62650014008025 0.06063855228470687 0.996379366904882 0.059591301236351396 5.967364850227557 -0.9979356637699073 0.061781884020409704 -0.017533105343971962 -352.7270727717647 
0.015111560740049875 -0.06347335557790595 0.9978691165998083 -56.73029177053396 0.06300599668026483 0.9960602228181492 0.062404141703783 6.646680002302073 -0.9978987348996522 0.06192871427003927 0.01905122658869118 -355.51180148098763 
0.080705748533472 -0.06230427525828105 0.9947888014237961 -33.54744189630305 0.06536964371591711 0.9962265954112031 0.057090982439060585 7.81980060285348 -0.9945920730802684 0.06042141904940173 0.08447402136722604 -358.8322629954981 
0.14596400988833838 -0.06104293940786833 0.9874048143318753 -10.160597386163285 0.06715293073970326 0.9964037608470117 0.051672325891137794 8.797943268710453 -0.9870081011371614 0.05876482722155039 0.1495383006832556 -360.63722820463454 
0.21068841319895396 -0.05967775879379323 0.9757299614386438 13.361114146291605 0.06835414914177745 0.9965911007888407 0.04619402692545634 9.57709481861458 -0.9751605523393626 0.05696264507408387 0.2140494200584381 -360.91583063795235 
0.2744204549775517 -0.05820322066440761 0.9598467580787068 36.852058954402125 0.06897207454150664 0.9967870399124729 0.04072407145622288 10.151644512924925 -0.9591330808721775 0.0550271039290726 0.2775531498827292 -359.66004738728367 
0.3370947279707402 -0.056605525142510445 0.939767502575863 60.28921317581542 0.06901412111473326 0.9969910621125804 0.0352969283988229 10.521639410305225 -0.9389378016999285 0.05295881976565694 0.33998701144004784 -356.8692571360829 
0.398079288124972 -0.05488604510609353 0.9157075965713771 83.43493045122813 0.06849281239597117 0.9972005931630383 0.02999519370456921 10.685069266665167 -0.9147904760195121 0.050778923264443256 0.40072420183475066 -352.5667908977997 
0.45751318592445656 -0.05302604171517552 0.887620371332967 106.34242479522914 0.0674198325726185 0.997415569236017 0.024834420095359706 10.644928864242774 -0.8866432489345046 0.048481142164900036 0.45990578162625145 -346.74799967644697 
0.5149994979108076 -0.05102182626017048 0.8556706670189724 128.8601518911433 0.06581412514708783 0.9976339340109337 0.019875478384009538 10.403154323921608 -0.8546601769608427 0.04607935497537715 0.5171389319731347 -339.4376582532316 
0.5699960355722841 -0.048878576782845455 0.8201922970642692 150.77106097576856 0.06371100885697718 0.9978527825690823 0.015189854165400071 9.966585608889881 -0.8191736243204515 0.043597122047487225 0.5718862335874781 -330.7072342167978 
0.622858279104543 -0.04656693681405859 0.7809475555673908 172.2205281218884 0.06111258225939616 0.998072746231798 0.010772442569175096 9.336457371250145 -0.7799441111006065 0.041016016689497774 0.6245036988957007 -320.5026948822016 
0.6726044829658326 -0.044115741500441244 0.7386860028768188 192.8020230067291 0.05808949486322586 0.9982887161344572 0.006726799027213789 8.529451310161553 -0.7377186591654034 0.03838542158793523 0.6740161269055192 -309.00434917358166 
0.7195722338958355 -0.0414963347857732 0.6931766401181615 212.65406578354506 0.05464675932850968 0.9985011015546851 0.0030466192694153706 7.547939387692987 -0.6922640622631282 0.03568759439115882 0.720761308413211 -296.1586240419175 
0.763501257881805 -0.038706782750966943 0.6446453398435228 231.6671003660785 0.050822458673964024 0.998707678064418 -0.00022686893182456464 6.402110645978633 -0.6438034691637157 0.03293567585838344 0.7644817423251633 -282.0221652570592 
0.8040488877612298 -0.03575480885014458 0.5934871352725506 249.6879661134496 0.04667120580923604 0.9989056486315399 -0.0030501934880361394 5.107807497040783 -0.5927285927287809 0.030151264916951002 0.8048376958031149 -266.70409709835764 
0.8412361034937159 -0.03262435995932062 0.5396827487663047 266.7264424613937 0.04221535153538747 0.9990939015702479 -0.005407396775102402 3.6716996484213817 -0.5390173302162496 0.02733179434988497 0.8418511096055897 -250.1981742164923 
0.8748025280310773 -0.02945591234806392 0.4835833807919578 282.65860122983025 0.03767933872514382 0.9992632533657542 -0.007295060392139918 2.1734341266897568 -0.48301221970429764 0.024602839279893936 0.875267899511742 -232.60721645269587 
0.904330127703341 -0.03154811415517397 0.4256662267802213 297.0909989185349 0.03961836656780679 0.9991636686122265 -0.010116736423172708 3.0646117889884925 -0.4249910647984944 0.02601307014962295 0.9048236927837562 -214.09155269535984 
0.9297576942797844 -0.03848611309343165 0.3661549522080783 310.3235449970851 0.046004600414923776 0.9988712140686963 -0.011826852734086369 5.485741033207329 -0.36528647205748505 0.027840919594908274 0.9304787351293465 -194.7830037814339 
0.9508498400634972 -0.043187807466311845 0.3066258223592308 321.99282026052686 0.04830624777505688 0.9987909359924549 -0.00911990160099752 6.132309966746272 -0.30586122355917705 0.02348359992781922 0.9517864426736257 -175.20609918965977 
0.9677525307379378 -0.03689883095141723 0.24918570489644154 331.8255162920209 0.039887414019855065 0.9991799892305133 -0.006952936366760202 2.9498851946861726 -0.2487248147112112 0.016668095144025837 0.9684307621875429 -156.08083691780305 
0.9802402800594624 -0.026734074536941172 0.19599561884797212 339.8163053745985 0.028759713458935455 0.9995582475593121 -0.007495906744176907 -1.0155455524468104 -0.1957086411753614 0.012984567563485563 0.9805761208465585 -138.22458687521907 
0.9886443734259177 -0.02474743657847248 0.14822235754456772 346.09063602356827 0.025953218468379054 0.9996438941166199 -0.006206078189464931 -2.1098386489175436 -0.14801599016460268 0.009982451510307857 0.9889345869760233 -122.04520467669832 
0.9940114520152192 -0.029222141796396185 0.10529624728083585 351.01577418842317 0.029531391780575605 0.9995629025051078 -0.0013787077523440992 -1.1517833119566485 -0.10520993376149326 0.004479996026286683 0.9944399426177066 -107.40207022293629 
0.997155243355673 -0.03505672176079937 0.06672665814856804 354.9102542889332 0.03483525678533995 0.9993830270269632 0.004479974902098669 0.34503213402316435 -0.06684254283754835 -0.0021427901926971125 0.9977612354251902 -94.2204699395155 
0.9987844011014414 -0.03649368046903177 0.03313504794413141 357.86921483044523 0.036267348373448395 0.9993146781093639 0.007406318730489949 0.6519790380390842 -0.03338262359963024 -0.006195595290438342 0.999423441310341 -82.73919529526819 
0.9994721351741798 -0.03188903531437535 0.006208094480996486 359.94242872118696 0.03185157774894948 0.9994743483727415 0.0060418490369779955 -0.8436526119489756 -0.006397499923334893 -0.005840922153354403 0.9999624771075818 -73.58038769053623 
0.9995295562980566 -0.027414853666462007 -0.013751068506018987 361.32037029436805 0.027488020679756437 0.9996088134491449 0.005160309477319976 -2.3466503425665546 0.013604220143764547 -0.005535871497688815 0.9998921338429668 -66.91225283840916 
0.9993316443305154 -0.0235233930741404 -0.027980611464858956 362.2174317947621 0.023725913193913723 0.9996944953618979 0.006927985727125153 -3.8282484825323704 0.027809093526807716 -0.007587220927314721 0.9995844578602735 -62.30212328956343 
0.9991789334871592 -0.020517730497052158 -0.03493539195017869 362.6249500669843 0.020785060248656246 0.9997572710812717 0.007306174826058539 -4.916251777578488 0.03477700599421944 -0.008026310197066917 0.9993628661295646 -60.33625628165687 
0.9991639203317537 -0.020642717498687315 -0.035289354224044146 362.6499282271561 0.020858271124780597 0.9997659022219634 0.005750937313908552 -4.77852153624922 0.03516237809030774 -0.00648220399037101 0.9993605896764503 -60.80318150885488 
0.999236891796724 -0.02125010939844241 -0.03277296024127914 362.50402703433457 0.02139824176773415 0.9997623106225971 0.004175824207775855 -4.465854111684495 0.03267643373551931 -0.0048739213287552615 0.9994540987805338 -62.327077352821874 
0.9992836700892983 -0.023188140861670908 -0.0299074709101542 362.3389507492807 0.02325288409929904 0.9997279607393753 0.0018187624789999723 -3.6158128769064533 0.02985716118332317 -0.0025128945998132207 0.9995510168504677 -63.995958948592374 
0.9993902256167285 -0.021686033343238372 -0.02736590761477483 362.17185776701984 0.02172834131906034 0.9997631308382139 0.0012495599604009536 -4.117711492595779 0.027332327476210866 -0.0018434137919069737 0.9996247024260289 -65.55187626948478 
0.9994780983922238 -0.02105207322719544 -0.024501858033658473 361.98168756714256 0.021108661587059787 0.9997750791307963 0.00205318168051459 -4.3985884100289585 0.02445312332336533 -0.002569311551181373 0.9996976759990417 -67.23293888978368 
0.9995386493874607 -0.02076621559375373 -0.02216422050524995 361.8243407095896 0.02082191270581307 0.9997805890863317 0.002285090251802951 -4.51874939992212 0.02211190475655774 -0.002745537488568345 0.9997517320274751 -68.74571901044568 
0.9996023312290145 -0.020543852498390802 -0.019316560926937513 361.6267879109696 0.020571609748357204 0.9997876139000956 0.0012393402739093104 -4.5241386412367275 0.01928699753411576 -0.0016362201800554136 0.9998126497047541 -70.46473179641222 
0.9996519618256017 -0.020430000947215844 -0.01669042478556102 361.4366022046561 0.020465033717629 0.9997887047591596 0.001930862744586279 -4.606357779373661 0.016647450650534953 -0.002271760836640493 0.999858840781807 -72.10906066862057 
0.9996613845570252 -0.021746586446559368 -0.01428993364064431 361.2660861251653 0.021828654220676345 0.9997459732852 0.005612375160631659 -4.391834694794367 0.014164253614145578 -0.005922404744008236 0.9998821425756154 -73.66979105506294 
0.9996977569041156 -0.021318371381015437 -0.012244259166688164 361.10721898356 0.02146248772142882 0.9997004654883285 0.011761841829701362 -5.002891738264733 0.01198984827624723 -0.012021079156236977 0.9998558582086884 -75.09885929029963 
0.9997034896545799 -0.022311301736935196 -0.009753901130219407 360.91997563505925 0.02246983415772979 0.9996120522338268 0.016457569133995584 -5.0148650148004785 0.009382927335258895 -0.016671857835274043 0.9998169881688056 -76.7183197555309 
0.9996741625939894 -0.024264936168236623 -0.00792347870310169 360.7829180344257 0.024380472282512416 0.9995928101450264 0.01482587190188412 -4.192295017781292 0.007560503507619812 -0.015014219231143969 0.9998586960203883 -78.15733499511586 
0.9995924294334441 -0.027781234535564085 -0.006570998936659313 360.6886250495767 0.027842722456466188 0.9995675635990512 0.009458784640194376 -2.4986576715368356 0.006305380683017661 -0.009637884017634667 0.9999336744835157 -79.45945557819566 
0.9995482565772833 -0.029597823934003037 -0.005220305707976554 360.58370700194996 0.02961011951539476 0.9995588919659487 0.0022939734284769526 -1.2590065380760498 0.0051501063675426645 -0.002447511016989213 0.9999837429149662 -80.75995160971203 
0.999570467293314 -0.029112863968354306 -0.0033648278686955507 360.430120627101 0.029119979039317116 0.9995737484413897 0.0020852452082606183 -1.4083857246970006 0.003302686145483387 -0.0021823332442501985 0.999992164812223 -82.23372914703249 
0.9995564134942893 -0.02970795344151072 -0.0021008914180892266 360.32479311363153 0.029712330412896684 0.9995563191789143 0.0020837972395027905 -1.1869490299114176 0.002038053941486622 -0.0021452952751428835 0.9999956220125735 -83.50689049112532 
0.9995575992458041 -0.029733331958720365 -0.0007312732713537984 360.20337479849167 0.029733832498432686 0.9995576182324021 0.0006834021674044354 -1.0494180473824368 0.0007106299458862828 -0.0007048433867316048 0.9999994991003149 -84.83415036305077 
0.9996313828849568 -0.027149028704681753 0.00016909140075129924 360.1152423611877 0.027149360013828713 0.999628426695494 -0.0024332679942535938 -1.6992893355311338 -0.00010296770827879937 0.002436961773339717 0.9999970253030592 -86.00798685017314 
0.9996759118871232 -0.025447580506226627 0.0007013123603833047 360.05707087354534 0.025450475052564044 0.9996660243199652 -0.004484767542988599 -2.114267075037179 -0.0005869516560097114 0.0045011628158706275 0.9999896974574578 -87.06050959689836 
0.9996978403869319 -0.02455958621598575 0.0010269618317765045 360.0248036470954 0.02456155028807624 0.9996964260684743 -0.0019457526479683357 -2.639801860986824 -0.0009788631930230643 0.001970388494775908 0.9999975796950862 -88.0343393585598 
0.9996088987897551 -0.027938783435110602 0.0012140183276831123 360.01812729035106 0.02792820246510795 0.9995779234731342 0.00799940074042291 -2.2907608705194233 -0.0014369994439412971 -0.007962366815460458 0.9999672673379337 -88.95057118153771 
0.9995681237126677 -0.029382814742486645 0.00046503262961759205 360.0879923326532 0.029370018005196858 0.999412433825723 0.017668875372225133 -2.6261641183015683 -0.0009839206839451474 -0.01764758658722328 0.9998437850923185 -89.54471430426258 
0.9995107188639974 -0.031257270910792535 -0.0011427559601964925 360.2333528267445 0.031274536602941994 0.9992834993776418 0.02131645448581517 -2.264582134394395 0.00047564298211841906 -0.021341763909854383 0.9997721254750849 -89.87135784826107 
0.9994038662788096 -0.03432501117534691 -0.0037021176075089156 360.4651666967532 0.03438268224918166 0.9992668757128331 0.016838713266338397 -0.7318988014574432 0.003121414474131117 -0.016955963874887205 0.9998513649841939 -89.89452663637498 
0.9992320864003466 -0.03859600627538822 -0.00675172626822343 360.7344189080195 0.03865045854050621 0.9992197228579236 0.008129422263835987 1.6154178952990144 0.006432694817836375 -0.008384136886129172 0.9999441617840751 -89.73518886662447 
0.999243809985728 -0.037535899210525026 -0.010142212562532713 361.03408244464765 0.03755729829465549 0.9992926165081986 0.0019276765822069135 1.8061362153361928 0.010062681054894738 -0.0023071329950034394 0.9999467083736671 -89.43303214984796 
0.9993205960956252 -0.0345443957628649 -0.012846436878082328 361.2700581937422 0.03455713632311522 0.9994024263654872 0.0007710408053749582 0.8455424295991079 0.012812125047376123 -0.0012144530277038309 0.9999171838485501 -89.38576135274005 
0.9993385786555886 -0.03303700586278001 -0.015197416038633747 361.4716372880141 0.03304924816043369 0.9994535702688385 0.000555043154325932 0.3332625735884518 0.015170774754729771 -0.0010569392109949583 0.9998843585499515 -89.47023662034195 
0.9994671877349789 -0.02794289532240585 -0.016868172459836593 361.6074121759867 0.028016777337989268 0.9995987984229769 0.0041596128346765415 -1.8126385536268774 0.0167451732964232 -0.004629988373846405 0.9998490697995035 -89.8018885489205 
0.9995105339125215 -0.026185328699636315 -0.017117860812551216 361.61875150784465 0.026260002103000377 0.9996465234982385 0.004152149736597441 -2.433980309911588 0.01700308464533014 -0.0045996324610480255 0.9998448572122411 -90.65975527855409 
0.9994234918406808 -0.029493554397246234 -0.016817080781065932 361.5981852883491 0.029563265894486948 0.9995552566579095 0.003911802294696558 -1.2098365236055812 0.016694228542585225 -0.004406714939456115 0.999850930687576 -91.73246092257948 
0.9993402699550545 -0.03235654934133845 -0.016494804057045273 361.57102667001016 0.0324115621889937 0.9994698654624524 0.003078744701766571 -0.09000323768894614 0.016386442036871805 -0.0036113359288762158 0.9998592114743866 -92.8173342436589 
0.9993158887454341 -0.03333242005005327 -0.016021993463037135 361.5270413145703 0.033378755638219945 0.9994393051094957 0.002633263050500566 0.313906342141939 0.01592523698306461 -0.0031662558102517617 0.9998681721362962 -93.95797334379671 
0.999247382885471 -0.035471857948834194 -0.015697614156123165 361.4961959413513 0.0355014757495772 0.9993683237318298 0.0016120611135943817 1.192178909102549 0.015630515542967138 -0.002168136317100928 0.9998754853324344 -95.04979760823484 
0.999128154997078 -0.03875671058908196 -0.015519255022381282 361.476821810356 0.038775953905538084 0.9992474869417644 0.0009408715560895099 2.456130438936342 0.015471111493721518 -0.0015418251793211852 0.9998791264369237 -96.09276576517422 
0.999106739480067 -0.03956291145584999 -0.014849214209725228 361.4096130152578 0.03964860980498732 0.9991984274872884 0.0055217974847965486 2.318837920124341 0.014618853102810928 -0.0061056157812164995 0.999874497419497 -97.31743884347708 
0.9991107535127683 -0.03973886041908615 -0.01408989665475241 361.3345112249904 0.03985467617607622 0.9991731684640999 0.008036430072639824 2.1435042606256682 0.013758888110936316 -0.008590831973957736 0.9998684366475156 -98.57223773491665 
0.9990931634449596 -0.040363800988425284 -0.013550436425089749 361.279487516597 0.040481936276439846 0.9991436025889557 0.008560037434088405 2.329626687477748 0.013193316218973558 -0.009100822783109381 0.9998715474658819 -99.74533060832223 
0.9991488007182546 -0.03913076416818046 -0.013055930410674602 361.2313011124692 0.03923021990441596 0.9992024220970082 0.007450471241681846 2.012237011984916 0.012753974655975855 -0.007956316426979986 0.9998870101963466 -100.89632662437391 
0.9992023353396039 -0.03796811027001195 -0.012373991045973523 361.1644019675058 0.038034845851725514 0.9992628670386742 0.005203177748745135 1.8331224590962827 0.012167314942791224 -0.005669670199737594 0.9999099015845927 -102.11599036257684 
0.9992685918524661 -0.03598481466090626 -0.012937327815686937 361.22965413813483 0.035989274442952704 0.9993521699486722 0.00011199977650027639 1.6530877611690955 0.012924916334744331 -0.0005775229002687826 0.9999163029999264 -102.8810530600808 
0.9993134613746582 -0.03468512491843913 -0.01302106081670778 361.2418900358336 0.03461349134352043 0.9993845924063006 -0.005687062326404639 1.796913342375579 0.013210304024213316 0.005232453562589755 0.999899049553156 -103.82296390818618 
0.9992861800661557 -0.03502598469650638 -0.014153117141824956 361.3625235954456 0.03493089026159808 0.9993658323272873 -0.006911301058578186 2.059268350294187 0.014386216817575332 0.006411986652373084 0.9998759539027072 -104.38764643314683 
0.9992053268227363 -0.03683687931865486 -0.015223638564132268 361.4773120169416 0.036738655363699364 0.9993025662764996 -0.006682232805752452 2.7004958796297474 0.01545917368864731 0.006117626603987942 0.9998617847450713 -104.96738227123954 
0.9991997826628699 -0.03621037173372246 -0.01698832850457411 361.66574148274606 0.03616390732674876 0.9993412649728645 -0.003034457002309579 2.1092207207068143 0.01708701651359883 0.0024176644395317646 0.999851083294569 -105.30652518280843 
0.9992581758928887 -0.033621204795217394 -0.018780641611390612 361.8553640213099 0.03364344881098592 0.9994335205981947 0.000869630266776598 0.782741706065476 0.018740764747469496 -0.0015008307087708175 0.999823250001651 -105.63271202265761 
0.999254182005416 -0.03282585786693064 -0.020335751768423668 362.018640810746 0.032880106441599694 0.9994565662537467 0.0023389682898104147 0.35716523005219925 0.020247921994020514 -0.0030058655278870816 0.999790471262531 -106.0396138685316 
0.9993548559267394 -0.02903589425672716 -0.02113737874849421 362.09697826848424 0.029032407885583696 0.9995783594329369 -0.0004718534981165512 -0.6915450122585649 0.02114216706040813 -0.00014211991682981857 0.9997764693039737 -106.72122107036802 
0.9994576595735006 -0.025424166779557025 -0.02092841282625276 362.0628600401506 0.025392079765051156 0.9996759530743697 -0.0017975344382673332 -1.8308784972103567 0.020967331853768204 0.0012651436348331273 0.999779360862444 -107.77000166940033 
0.9994781414421418 -0.025060187623207837 -0.020382143548980405 361.99841881941416 0.025031331957467595 0.9996852727925164 -0.0016696652923325031 -1.9604891369006343 0.02041757085935225 0.0011586017620315017 0.9997908683530581 -108.93921167909035 
0.9994497145438762 -0.026621579485770815 -0.019787865065417555 361.9363232157194 0.026684131270037114 0.9996396976757385 0.002903785309510439 -1.8837262852359555 0.019703432100215197 -0.003430209387646013 0.9997999842103573 -110.10709714582615 
0.9993842961063688 -0.029582405292920583 -0.018865576934295292 361.83977176971183 0.029759371877473118 0.9995150313340967 0.009169619548206259 -1.5018272765258356 0.018585168318760916 -0.009725401497418287 0.9997799798377035 -111.39459777393168 
0.9992183904257909 -0.034994696653057156 -0.018384217172703055 361.7923634303052 0.03530671569636052 0.9992330969159988 0.016930855099475447 -0.4110239348065572 0.017777628121573262 -0.017566708110047076 0.9996876345661918 -112.53734142248359 
0.9991605795218961 -0.03692973801254726 -0.017729376181726875 361.7223250614178 0.03727017640860085 0.999119381273812 0.019271634946367536 0.028286567042448585 0.017002066931414404 -0.01991623491925463 0.9996570778555519 -113.73777302584347 
0.9992712858445207 -0.034004140226278665 -0.01733827367733932 361.68020794961893 0.034248713504658086 0.999315142669591 0.014009684312315385 -0.4176154224963038 0.016850012163633042 -0.014593288824884114 0.9997515256359252 -114.81926162405628 
0.999157082624249 -0.037261143772423316 -0.017225893491200704 361.66640533086536 0.037306149876768516 0.9993012395059419 0.002298674239667368 2.1237571394649306 0.017128205486023465 -0.002939368411554005 0.9998489809417075 -115.82088715363264 
0.9992389020803252 -0.035065553900069456 -0.017088695063929456 361.65400650461356 0.03496792104664662 0.9993705493913081 -0.005979089143896851 2.3204385172640745 0.017287598647068338 0.005376982331801927 0.9998361000654167 -116.8022700857739 
0.9994207193969005 -0.03016259167596761 -0.015762097054973483 361.4938376552808 0.030078824489718017 0.9995322608484231 -0.005524838509539107 0.5250284081490695 0.01592136795310838 0.0050475327268485765 0.9998605064987186 -118.23123970707412 
0.9995365032124268 -0.026221783170414313 -0.01546598956542011 361.4495494589799 0.02619746493584149 0.9996552153723015 -0.0017729100067569524 -1.3179662384881898 0.01550714599174328 0.0013669185493256227 0.9998788226364584 -119.27203397885773 
0.9995285838871525 -0.026877224632170408 -0.014839972662236842 361.374679006605 0.026932255960914718 0.9996310601186649 0.0035209707312072727 -1.6998362147500798 0.014739863683217388 -0.003918984831064153 0.9998836822233347 -120.41632194504565 
0.9994745479083119 -0.02913565688958324 -0.014203576348478153 361.30298181473904 0.02925725125147976 0.99953637081129 0.008429512121339798 -1.4655791579867241 0.01395139178298501 -0.008840640418460902 0.9998635915685253 -121.564903192879 
0.9994359224113247 -0.03094956741176556 -0.013036919530728983 361.1625042371236 0.031109607125794407 0.9994408186889228 0.012257335880809024 -1.2695171325932582 0.012650270285841828 -0.01265599523707362 0.9998398854047863 -122.9065245568214 
0.9994032961812847 -0.03228130168079497 -0.01228695014137854 361.07276874681656 0.03247807397260102 0.9993416838246545 0.016167055438019884 -1.2572266960783964 0.011756967849469455 -0.016556464969892014 0.9997938073296352 -124.09220921922238 
0.9992619062029827 -0.03678493471587048 -0.011068486325183426 360.9248125014991 0.036956903832865325 0.9991926494677973 0.01575552311452473 0.4255286548895092 0.010479984287675104 -0.01615295104534083 0.9998146088659925 -125.4727921053238 
0.999210119478622 -0.038840766295941645 -0.008398333469299829 360.5918314200713 0.03895374649109915 0.9991466022742967 0.013735821709493364 1.4221109963831706 0.007857656509715963 -0.014052118604391164 0.9998703891989721 -127.35727344435173 
0.9992195731626311 -0.039315227258659255 -0.0038154310752503196 360.00637910780074 0.03933943668228158 0.9992048134076162 0.0064922711412601685 2.5280821690510304 0.0035571519802715724 -0.006637301307825978 0.999971646048596 -129.90941390077862 
0.9992983308458675 -0.03740069942960956 0.0020083950903776312 359.2525888639565 0.03739862642350655 0.9992998644699437 0.0010600056538162743 2.566616514571909 -0.0020466338944689477 -0.0009841506628504675 0.9999974213652626 -132.89721923170532 
0.9992660216816039 -0.03708787678769092 0.009586829924540975 358.2397318167406 0.03711378547730731 0.9993078210547351 -0.0025388395737973983 2.96059253161288 -0.009486033953418323 0.0028927796698225428 0.9999508222835851 -136.51005930602832 
0.9992902022056538 -0.03295529702803769 0.01824938830693241 357.0492585776174 0.03306741125874203 0.9994358498900611 -0.005876075831482279 1.970618589428831 -0.01804544508812774 0.00647536503418352 0.9998161988881985 -140.51069695288126 
0.9991305566190714 -0.030424845837541625 0.028503676707170425 355.594827298032 0.030643157101260237 0.9995040673212091 -0.007253711548461026 1.3042095120016368 -0.02826884774681412 0.008120847500269111 0.9995673684564467 -145.06612511454662 
0.9986406823486665 -0.034392139090713224 0.03916590771264547 354.0303278320207 0.03464149572328989 0.99938351568964 -0.005705728864000186 2.559478390490082 -0.038945530324335245 0.00705473859056758 0.9992164311755369 -149.73643401130815 
0.9980637619668109 -0.03696912354406694 0.050020105488099764 352.3834757665431 0.037070811597735204 0.9993120287158703 -0.0011064317675750915 2.8315512299531465 -0.049944789279186684 0.002958575358954496 0.9987475981726833 -154.47143510032157 
0.9974234076564501 -0.03795249872446469 0.060878187387318816 350.6832054436078 0.03781141625884733 0.999278874137039 0.0034682133604118054 2.49233249039938 -0.06096591391504154 -0.0011573867040359223 0.9981391775681996 -159.19297674555074 
0.9966497056778788 -0.04097841000688665 0.07078230065139636 349.0810316274706 0.040870481639982095 0.9991600297222295 0.0029730011756104 3.6795559305562255 -0.07084467448378257 -7.013402744365007e-05 0.9974873569015826 -163.55487929598834 
0.9957866420214134 -0.04379580493769989 0.08056606631564711 347.4534247969411 0.04415108988978632 0.9990213958156038 -0.0026328623564198903 5.6576574609336685 -0.08037191569984087 0.006178848800771535 0.9967457935673655 -167.83712676229862 
0.9949249447274289 -0.043985100571571255 0.09049676948284797 345.76460681550793 0.04483376004477249 0.9989673088884814 -0.0073654417622376935 6.591287057330708 -0.09007934457671597 0.011385372186008056 0.9958695120249518 -172.14986705503057 
0.993999809196293 -0.044962847268708805 0.09971319713670998 344.1511886137515 0.04582875259519898 0.998928749446188 -0.0064092874364928805 6.837213341761348 -0.09931819950694665 0.010940561931012033 0.9949955775536563 -176.22523319969787 
0.9931277650921182 -0.046106329950090195 0.10757066766395129 342.74627343297345 0.046161458415085864 0.9989320317207265 0.001978827757466405 5.786807257178728 -0.10754702208860613 0.0030003901137774075 0.9941954715743977 -179.85944494826919 
0.9923420922188037 -0.04533012780948267 0.1149014861678576 341.4218694910002 0.04497734878355521 0.9989719596201754 0.0056623307064373836 4.847044651865128 -0.11504003697499843 -0.00045100488094015776 0.9933607534462938 -183.2726602424479 
0.9914470692045501 -0.045455664697983365 0.12233761282848375 340.04388860162425 0.04536761771912297 0.9989642050379792 0.0035066102334221777 5.307931035955466 -0.1223702914444476 0.0020735476127040253 0.9924823485443448 -186.68913184723363 
0.9905380887840243 -0.04542501311734706 0.12950236619993458 338.69154293576685 0.0464788211443185 0.9989061277465694 -0.00512514735303725 6.965678032881872 -0.12912789726905488 0.011095770980186785 0.9915658677128965 -189.96908019222948 
0.9895772630350461 -0.04225064976822383 0.13766525733906215 337.13531380393584 0.044458375343922586 0.9989266457407439 -0.013000357338360814 7.396833724407671 -0.13696822020398097 0.018985231715970555 0.990393491310825 -193.5851365569908 
0.9881656935613932 -0.04406407360204723 0.1469248770151741 335.30925849170006 0.04640105660385655 0.9988444898791317 -0.012515070281175827 8.04576342115056 -0.1462036388547714 0.019184432639262682 0.9890684776747936 -197.58865745510622 
0.9865795195848169 -0.04491296531922184 0.15698304711664407 333.2843786649303 0.04599095610792609 0.9989366037272851 -0.003239396560582348 6.552468941303683 -0.15667062102408008 0.010415722732113261 0.9875959848176267 -201.91099966280788 
0.9850228275559587 -0.04290721714712081 0.16699999973159843 331.23137829782104 0.043062929924542456 0.9990687393878319 0.0026903613737658608 4.625147035272019 -0.16695991512928524 0.0045414419183062655 0.9859532250798335 -206.17488577703557 
0.9834386680799756 -0.040260073673447826 0.17671307985798063 329.1972643973278 0.041191874518414426 0.9991499635664575 -0.001606168984927588 4.593857078279784 -0.1764982028201526 0.008858711698520157 0.9842610972848116 -210.27569000198315 
0.9816183600180168 -0.037918259360859116 0.1870497283681067 326.9784145911095 0.04053516247382926 0.9991262106130363 -0.010184098843587001 5.655582148270166 -0.18650012299931581 0.017578989535189594 0.9822976551169018 -214.5523564147069 
0.9793510743389697 -0.0340070105168241 0.19928621735286797 324.2816780596146 0.0379555817244745 0.9991509146681535 -0.016025714765590865 5.61973521572072 -0.1985720196983015 0.023258825282028908 0.9798102775738976 -219.46047052965105 
0.9768669912043427 -0.027828697213715954 0.21202934963528478 321.3962663873565 0.03147824336214983 0.9994083943502168 -0.013855738780582303 2.965604705522349 -0.21151832471492374 0.02020952532123808 0.9771650696766041 -224.55898779489877 
0.9745342339694584 -0.02361169826853555 0.22299218489990977 318.84157640636806 0.025963284493276305 0.9996338596187794 -0.00761935443351447 0.03756247156110959 -0.22273063255843675 0.013214931272540541 0.9747904548730361 -229.02017195373406 
0.9722609327632445 -0.01845328530816233 0.23316979839525115 316.4132781908718 0.01895147311988212 0.9998203993218209 0.00010376194943972063 -3.6653864446331434 -0.23312983569018594 0.004318027476908129 0.972436030980844 -233.17278528389807 
0.9700099967337119 -0.01818169317081506 0.24238405943895455 314.1924678046619 0.018164745438472414 0.9998323507777908 0.002304856028684087 -4.276691042095652 -0.24238533012503038 0.002167111349196542 0.9701776411403126 -236.99665418306614 
0.9677943432638734 -0.02339661457702325 0.2506525634674072 312.1877774025099 0.023428872076260977 0.9997214279086221 0.0028556143963153337 -2.436313723360487 -0.25064955036800407 0.003108859385767975 0.9680728990595896 -240.52091669116257 
0.9658626870329823 -0.023347936184496498 0.2580002784365783 310.3599446440504 0.02491408685353518 0.9996856683421199 -0.0028022825738887834 -1.006938644345225 -0.2578537532666176 0.009134461521846781 0.9661407783232342 -243.7446562739962 
0.9639103804728661 -0.02066677436561437 0.2654235536910312 308.47237063751203 0.024121131723240173 0.9996613883773614 -0.009761126565991707 -0.1976222053392136 -0.265131947190536 0.015811167723100646 0.9640824952016226 -246.9814790583155 
0.9620342288363253 -0.020516509872542284 0.27215660082009224 306.7438017758756 0.026078985133193563 0.9995180877738867 -0.016836827113657724 1.6439548825305845 -0.27168001229704 0.023295171935026008 0.962105662535461 -249.96919876834167 
0.9599388703225666 -0.02555875963914876 0.27904142174512814 304.9684462780654 0.03148586098941145 0.9993633515133693 -0.01677892158993347 3.6257816900709257 -0.278434922022346 0.02489259845162585 0.960132466246578 -252.96412574265634 
0.9577768510299564 -0.026543000607463542 0.28628477561668003 303.0615220066336 0.03056333912722513 0.9994868922144446 -0.009583036726716426 2.1714385219207877 -0.28588351811976614 0.01792822942355239 0.9580966509998882 -256.1056087055863 
0.9555077674039676 -0.022463601930171752 0.29410932154389213 300.9520148173343 0.024794662551517143 0.9996837461190027 -0.004199101622389413 -0.7729110244314845 -0.2939219813822071 0.01130461559724825 0.9557625617937533 -259.4136028366594 
0.9531320270714148 -0.024472105794486075 0.30156335156765957 298.9301602056013 0.026319303803795144 0.999651457919757 -0.002063231976169983 -0.5465125367837986 -0.30140775241857987 0.009903469941765103 0.9534439092390774 -262.58349796133865 
0.9508802049066433 -0.028796324600718272 0.30821681914877685 297.10259539122467 0.032023519375963094 0.9994724397360751 -0.005416310072066689 2.089245884104204 -0.3078982463793473 0.015020449311173549 0.9513007179535896 -265.493757242994 
0.9484379051434801 -0.026261586044291525 0.3158731852903726 294.9562114531559 0.03099463286829815 0.9994698390841755 -0.009968625502738557 2.469295024455629 -0.3154439297567916 0.019244995699992655 0.9487490486530685 -268.70860936187444 
0.9460155040028481 -0.02262126878277945 0.3233310136452964 292.8265579038151 0.026779574228284246 0.9996059250230457 -0.008417188543294029 0.7013468628496025 -0.3230131894991119 0.016621457742291377 0.9462484909114165 -271.8642590102683 
0.9436366792175409 -0.022642969409146764 0.33020768248426413 290.84378036463306 0.024591103210101127 0.9996961081214158 -0.0017230930926833844 -1.1720256544683076 -0.33006831910712436 0.009746145044701483 0.9439067312921159 -274.80350144775844 
0.940928687939699 -0.022868924906839692 0.337831639260864 288.6124250130854 0.02267282751412043 0.9997326897369815 0.004526805029597366 -2.881285807952173 -0.3378448565608069 0.0034001977687167437 0.9411956712344899 -277.95380401053677 
0.9379392982623822 -0.023549354097113364 0.34599898944459123 286.187978427145 0.023266587161545053 0.9997169363181865 0.004971233290995867 -2.7191080279688316 -0.34601811902980467 0.0033875005812631313 0.9382217148109975 -281.272815225167 
0.9344243363380068 -0.0261224402977758 0.3552024461798727 283.41495454013545 0.02703125341914558 0.999631696534533 0.0024047083152269177 -0.8927695795200892 -0.35513444073740014 0.007354549366245946 0.9347863069203327 -284.902419529639 
0.9308974717848547 -0.02791750373514902 0.364212177184898 280.6558651422378 0.02913587265365481 0.9995731479887209 0.002150056890051008 -0.056264108289180825 -0.3641167367057931 0.008610157090227652 0.9313135171603634 -288.44479137122534 
0.9270746998226955 -0.03105672940340228 0.3735879822845255 277.73181906458774 0.032136976482571224 0.9994778990597529 0.0033382680630260468 0.8690955419751063 -0.3734966073356194 0.008911164338391227 0.9275887426327015 -292.0748121654504 
0.9235987187437016 -0.03171224926967756 0.3820467772161547 275.0546555752765 0.03237629598409907 0.9994647369713646 0.004692015463576724 0.7530662480075399 -0.38199107606506 0.008035720068435961 0.9241310756649406 -295.41094755506714 
0.9199393243684443 -0.032105384470258944 0.39074401309367074 272.25841184185026 0.03340353106048869 0.9994359032140546 0.0034755545453117073 1.3577896912032 -0.39063517966668215 0.009854930477854828 0.9204928227596652 -298.80098367600715 
0.9162132718112938 -0.033742696384041156 0.3992676683599366 269.4728517322804 0.03571165473011512 0.9993589870484605 0.002508529830824821 2.3909616403020606 -0.39909637717383917 0.011960160793631752 0.9168309747606203 -302.1175639237556 
0.9124297049843265 -0.035450837297612316 0.40769507183324394 266.6759136906046 0.037604349879238747 0.9992889685106856 0.0027331818472052147 3.074960560806619 -0.40750208138410227 0.012837271818744651 0.9131140444215482 -305.387105825462 
0.9083324915504233 -0.036502763068996066 0.41665289280422446 263.6564990935273 0.03717114890960597 0.9992876998968097 0.006511414875776675 2.295524855769048 -0.4165937955401402 0.009572937024411695 0.9090423358646107 -308.7986241392812 
0.9042020793454556 -0.03576182582019425 0.42560508869298064 260.5933853145487 0.03377011157883702 0.9993548354889958 0.012226706372317996 0.08333110090094209 -0.42576775273769524 0.003317318008286288 0.9048264011012971 -312.17550987028335 
0.9001482491560174 -0.03572414789221062 0.4341162457208114 257.63873732487644 0.032020051970422445 0.9993616232079909 0.015844946541450175 -1.169033822097295 -0.43440516319810024 -0.0003623761380722169 0.9007175044764966 -315.399290934615 
0.8961083252247531 -0.03667091491336475 0.4423178873415649 254.74644628718715 0.03457273383124922 0.9993201135153141 0.01280768516059857 0.31318315098394267 -0.44248683092078833 0.0038150652885905567 0.8967668870662672 -318.530486315158 
0.8919710883189905 -0.03631904944381071 0.4506312286676695 251.7739280606041 0.03876189169675908 0.9992412111065956 0.0038102202448081386 3.4462193663293053 -0.4504276782737985 0.014068712582297357 0.8927020656250068 -321.65071246772504 
0.8878594941680394 -0.03441786123480483 0.4588255980693462 248.80827374992379 0.04189938105910156 0.9991030145112333 -0.006132557495059841 6.366876563485601 -0.45820296865312443 0.024669357968697323 0.888505184168824 -324.68831618299066 
0.883616790755434 -0.03190820541209659 0.46712228968702285 245.75707824804707 0.04276280994967428 0.9990051546905881 -0.012650809730712876 7.8574063845615205 -0.4662539106326889 0.031153929591852824 0.8841022132597065 -327.7359860745463 
0.8792154264752162 -0.029631994053430984 0.47550202815174186 242.63075376805187 0.04014436010549111 0.9991222449453264 -0.011965366986906244 6.794466031216764 -0.4747300961596214 0.02960885988733967 0.8796332481304061 -330.8282161304868 
0.8746636774602917 -0.03015931641967447 0.4837911398162817 239.48988943115904 0.03850509550165431 0.9992315694215029 -0.007323134018269322 5.396031770837194 -0.48319851919480006 0.025033703372433738 0.8751528465036352 -333.87036263609946 
0.8703086874010416 -0.031220860808556353 0.4915160694063304 236.5216693221978 0.03795035794564659 0.9992726868364457 -0.003723932661598722 4.575628387216006 -0.4910423189156646 0.02189418171669327 0.8708605432793961 -336.71304110116057 
0.8660231808669325 -0.03199135275800549 0.4989793618475951 233.6162654688713 0.03779618107349658 0.9992842963280771 -0.001530950149315045 4.152554223424696 -0.49857326331982516 0.020185352630388495 0.8666125158580439 -339.4483784106225 
0.8621029464349146 -0.03396044107102342 0.5055939064016689 231.0063833912738 0.03986557276795576 0.9992046820136569 -0.0008599708533858563 4.827639365208091 -0.505162593484633 0.020897174073242486 0.8627711528902849 -341.9164712223537 
0.8588730917141305 -0.03554422759135252 0.5109536380282906 228.8660992139736 0.042665144638458226 0.9990869710253506 -0.002215797908303881 6.137380725566097 -0.5104083637269184 0.023703000070141953 0.8596054153070964 -344.01019763844386 
0.8562935555366378 -0.03777606474815572 0.5151061207931487 227.1873375175374 0.04478736810128456 0.9989958335415349 -0.0011900526101897367 6.7685449868973855 -0.514543912999642 0.024089281824041804 0.8571255847868623 -345.7688568029176 
0.8547975284770704 -0.038088508114244544 0.51756202609844 226.19146185015958 0.04517489128725045 0.99897849534898 -0.0010931731212436822 6.918839677941644 -0.5169916967482907 0.024315249945643266 0.855644993039406 -347.0564241061981 
0.8539002654126083 -0.03990920216062862 0.5189042226761884 225.6336002937591 0.046771865196733986 0.9989055875527145 -0.00014064844555507252 7.367273818673517 -0.5183307142686951 0.02439021809801577 0.854832374156967 -348.0276125428011 
0.8540660227297039 -0.04157710613400721 0.5185003115372119 225.78411649610993 0.046470941765798496 0.9989133204217715 0.00355385077776899 6.605988868123847 -0.5180846266683311 0.021059974583849207 0.855070053902289 -348.53696867223096 
0.8552727157141279 -0.04465120848220344 0.5162507640053047 226.67970716210357 0.04725882802297287 0.9988498502955374 0.008098131789389765 6.097549508863034 -0.5160185897124993 0.01747129490513252 0.8563991878355925 -348.53893156148536 
0.8578554146801768 -0.046224303528435304 0.5118079730399024 228.47026990173367 0.04754494508052088 0.9988137298632962 0.010517187545167634 5.781443092802935 -0.5116869801951117 0.015311655687125664 0.8590354983927774 -347.92303014555654 
0.8619031880662027 -0.048013070805728655 0.5047946507572367 231.28236865728033 0.049111204394790664 0.9987311981119404 0.011139278288236238 6.26776061513587 -0.5046889973084507 0.015190093801348442 0.8631675834078213 -346.58004892337425 
0.8673747489819142 -0.04911851526201205 0.49522562159789113 235.08639282147476 0.052369744975405974 0.9986009268886052 0.007321108415289792 8.198700882714547 -0.4948923667220711 0.0195846949343865 0.8687335524109541 -344.473404890021 
0.8736919266556775 -0.04943822898478881 0.4839610302612568 239.520415318723 0.05610513843818859 0.9984246164956181 0.0007061277574994659 10.827367062425175 -0.48323351574318774 0.026535762480581714 0.8750892654878438 -341.81806259686834 
0.8806036869885182 -0.048153289441772745 0.47140047430837917 244.39548485286298 0.05806208042777833 0.9982918887951959 -0.0064884190769732165 12.8976278902318 -0.47028283115443004 0.03308421801489503 0.8818953981282116 -338.7257780147883 
0.8876468894350165 -0.04461247001372378 0.4583587319945088 249.3940571832448 0.056322069391467555 0.9983417023748069 -0.011902512290959287 13.255068081327723 -0.45706763632508746 0.03638094032111106 0.8886875733380942 -335.4714296455759 
0.8950193380965145 -0.04014879539444509 0.4442166798552842 254.71027702127645 0.05188677986072663 0.9985506898846386 -0.014292718656615026 12.042445809917556 -0.44299903669078317 0.035841232669757195 0.8958053692246722 -331.8948389067589 
0.9026493136872875 -0.03823985158767145 0.4286746204878713 260.41424097520974 0.048749885847720845 0.9987189556367866 -0.013560836316407336 10.737462423359622 -0.4276069049134996 0.033138518408629906 0.9033571682717628 -327.8574388725104 
0.910931459652174 -0.03358033627101285 0.4111888092250134 266.6991834784056 0.041229443577209104 0.9991021815310138 -0.009744939316496977 7.211548459290627 -0.4104923979786629 0.025830057605320443 0.9114981071433081 -323.23402591371257 
0.9194868292975893 -0.03447463590118333 0.3916062693928001 273.5434070999447 0.038439966622899356 0.9992582920502885 -0.0022879542764020744 4.78356055455314 -0.39123693551899746 0.017157075747964348 0.9201300424600227 -317.8832588470498 
0.9287647626617996 -0.03750775136523435 0.3687671138066599 281.28465761639745 0.03879410912091209 0.9992395036280799 0.003928293092863737 3.7651609140163536 -0.3686340091951436 0.010657531451159533 0.9295135202287714 -311.4222915430161 
0.9388907856494894 -0.042646743983642536 0.34156309497672466 290.1974128291512 0.04293415149424128 0.9990552906572158 0.006721967367978155 4.8048578338894465 -0.3415270871511585 0.008353528441341254 0.9398348085193623 -303.49821149661426 
0.9494442654026731 -0.04273883673670558 0.3110128272730427 299.825424360994 0.04305431466372739 0.9990555798857723 0.0058544246463367745 5.007830845382111 -0.31096931180233056 0.007831994222172192 0.9503876824663131 -294.3167119814613 
0.9597912601879454 -0.04166719106712596 0.2776050829062955 309.9171952007148 0.04224203858504956 0.9990997458807961 0.003912538448173568 5.066385502902404 -0.27751819227397484 0.007971384415826992 0.9606873112451738 -284.0253132617405 
0.9697076789492326 -0.03820221434817931 0.24126252963481062 320.38483554498873 0.03885782272182901 0.9992426640320866 0.00204156591302925 4.145592544777977 -0.24115780518202415 0.007395214463023935 0.9704577393183255 -272.5307610222797 
0.9784358924177757 -0.03278683000921781 0.20393192051902295 330.54640576986037 0.033857033923875124 0.9994251362909686 -0.0017601714851749998 2.9779501619873385 -0.2037569770155325 0.008626744909078998 0.9789834899474898 -260.40317108894266 
0.9857831612711349 -0.02958787334056432 0.16539684611705904 340.48145766788883 0.030602096356244397 0.9995252114261456 -0.0035865613228519325 2.1032220897429865 -0.16521219886222266 0.008597061980826656 0.9862205736408101 -247.60810790371835 
0.9917159464459046 -0.030177936510119595 0.12485501076406373 350.3229062490269 0.03062796786569233 0.9995294317383377 -0.0016860229105445286 1.7638465542027708 -0.1247453772663403 0.005496111064012712 0.9921735652666074 -233.8138885790202 
0.9959808671475758 -0.03596988789370114 0.08202609000115804 360.00222814507384 0.03593274490513447 0.9993523478006282 0.0019294530201899346 3.093222942695496 -0.08204236783239538 0.001025724275408659 0.9966283147543856 -218.85736154937007 
0.9984940923750487 -0.04061772710480281 0.03687475744960759 369.5029423949354 0.04041513055385874 0.9991635936864365 0.006223365160542945 3.9759345245803126 -0.03709669411743012 -0.004723695211027735 0.999300516355872 -202.73922928777947 
0.9991247712922202 -0.040533423824059035 -0.010331163698674747 378.5926736094085 0.04062649716390575 0.9991341910922983 0.008964146280136913 3.5404087956642 0.009958871344723282 -0.009376019594676358 0.9999064511933612 -185.43102907060728 
0.9974347906623016 -0.03986715602303715 -0.05945122578287177 387.2299198605132 0.04065210824293973 0.9991006695217975 0.012052313325689757 2.962779119004835 0.05891726802776475 -0.01443821428470679 0.9981584510970265 -166.99258169310212 
0.9933444782724253 -0.03521357325824646 -0.10966654797188229 395.1467651381478 0.0370547807706111 0.9992036933226875 0.01479602893827868 1.0829707224431084 0.1090581987185048 -0.01876122353916611 0.9938583026687403 -147.64277738006317 
0.9863952801083055 -0.03370533650640015 -0.16089842034975815 402.1759372618317 0.0364326849342968 0.9992376201212853 0.014029896750471551 0.9934517958281761 0.16030287224044154 -0.019700985390100664 0.9868712480998343 -127.3892895214156 
0.9764468362632737 -0.03567449800343404 -0.2127884069766166 408.33082073677735 0.03844793009585417 0.9992208928715399 0.008908643013815203 2.7344658529439227 0.2123048106444777 -0.01688009008288447 0.9770576901780197 -106.3882865535829 
0.9635405455781322 -0.03991051164346668 -0.26456902329515525 413.4006974750344 0.042127416785180616 0.9991085755382144 0.0027083280837668163 5.312797533835642 0.2642250892364369 -0.013755193432240376 0.9643629487239956 -84.87751601058646 
0.9476006011493394 -0.04212617330125756 -0.3166677852646257 417.3137309418445 0.04380270516384706 0.9990385323626564 -0.0018258901935075294 6.817515887497262 0.3164402372040252 -0.01214069098783476 0.9485347541870033 -62.63836532281212 
0.9282455481614881 -0.04300737084877704 -0.3694733662539897 420.1600974645915 0.04428435646448787 0.9990063115254814 -0.005028449540285975 7.62313492480741 0.36932248522247485 -0.01169425435540079 0.9292277150000245 -39.4942492243704 
0.9052214561064714 -0.04309224247847656 -0.42274954055877717 421.648192133591 0.04406418001168147 0.9990007141601124 -0.007478044362314916 8.019235120528496 0.42264933863000276 -0.011858825648554724 0.9062157054531 -15.478302281637298 
0.8783813599971334 -0.04406008327939631 -0.47592530450796605 421.8093986298952 0.045081355511718206 0.998940250410687 -0.009276178882530186 8.756742661492105 0.4758296520760481 -0.013307335227133453 0.8794367839898108 9.195519495779966 
0.8480130304213992 -0.0459140061280089 -0.5279827689203428 420.46982722723175 0.047656325182658735 0.9988105290173591 -0.010315124533828013 9.931398440523132 0.5278283574284346 -0.01641435851140321 0.8491924363352863 34.090752614102584 
0.8145036200723909 -0.04759923986664231 -0.5782025296149175 417.5419368478031 0.05035131543120883 0.998667819606322 -0.01128410905216338 11.137356619372339 0.577969374554844 -0.01992231027948535 0.815815238659962 58.86173303436496 
0.7797872240232837 -0.047530447585393376 -0.6242377285957603 413.4451474652144 0.05102549341655412 0.9986216482816173 -0.012296446840601525 11.592723332604786 0.6239617650719143 -0.022263425963645327 0.7811376675034323 82.29948644158395 
0.7458080370701805 -0.04505363336795558 -0.6646356460210896 408.5286127308306 0.04966719764015543 0.9986941471935082 -0.011965360003194307 11.027471929196032 0.6643068126401375 -0.024086728332802714 0.7470718092647609 103.47176593002811 
0.714307793537484 -0.04117867463920384 -0.6986191328947203 403.26242368284295 0.04687939618625671 0.9988406202643021 -0.010942464221434014 9.794785052483753 0.698259764202996 -0.024934555640396257 0.7154100709594415 121.73430017873171 
0.6868072837369542 -0.03822791145279301 -0.7258335772006036 398.2540218009051 0.04474062679463729 0.9989457736634092 -0.010277042085876945 8.874772531414246 0.7254612541823924 -0.025415901832697454 0.6877935741297245 136.6652407248066 
0.6634250063420581 -0.035863461295442246 -0.7473828156332943 393.70411749961033 0.04307796474463278 0.9990246255038259 -0.009699824245887105 8.150601455986363 0.7470017067674614 -0.025760624620751394 0.6643228434320533 148.64524275585615 
0.6436802309701424 -0.03419615390650878 -0.7645301716192943 389.66563467973805 0.04201046652882047 0.9990737275733644 -0.009317058264066326 7.686093552179647 0.7641406159603457 -0.026121062969710097 0.6445206040997274 158.23546715397512 
0.627230769574123 -0.0327286003355594 -0.7781454879516619 386.19751452017954 0.0414921490407975 0.9991020161884236 -0.0085768768327724 7.3552862473472365 0.7777274350744162 -0.026907247505152932 0.6280255064599424 165.8377420170359 
0.6131392426419546 -0.031281731321257944 -0.7893552574208874 383.1466352818405 0.0412536896882412 0.9991201751808394 -0.007550406195423577 7.07216033354904 0.7888969528522445 -0.02793436650712259 0.6138902743555149 172.05578081477998 
0.6011309669929212 -0.029716452425225196 -0.7985978293092312 380.49086078188583 0.04087815097350167 0.9991435866968783 -0.006408582954564247 6.7143760274322375 0.7981043398548482 -0.0287928049650821 0.6018309040645052 177.11203614960903 
0.5903490190185898 -0.02952097194897027 -0.8066080510129923 378.076161977504 0.04155834765348642 0.9991171483139812 -0.0061504215506066485 6.922509602854207 0.8060775021572679 -0.029890402475147668 0.5910546712071337 181.43643673490268 
0.5807094933349305 -0.028332547337383635 -0.8136176934605481 375.88105550215744 0.04060314506992852 0.9991584390477716 -0.005813629679544188 6.512929630690003 0.8130976995177875 -0.029659407293394693 0.581371181430492 185.1548457686613 
0.5729824717876699 -0.026554947730345987 -0.8191373033717435 374.0991660546964 0.03835815709182571 0.9992485729308994 -0.005562488658926383 5.63689915250981 0.8186694930242675 -0.028233388861425582 0.5735705161048542 187.92742260231984 
0.5678310819113339 -0.02456151980674387 -0.8227785814909068 372.90025497210445 0.03485968890759849 0.9993755292012831 -0.005775268212193856 4.3953438398554585 0.8224066296575375 -0.025402428593351078 0.5683326949216374 189.4761878700848 
0.5648737227635665 -0.022613239692696924 -0.824867455244678 372.2074097981256 0.03192210014308843 0.9994750085260476 -0.005539571672211207 3.273575105047862 0.8245596745255515 -0.023202343038097862 0.5652990309772862 189.98626671129026 
0.5628314863369454 -0.02164734510102706 -0.8262881521828952 371.731453635291 0.03288449877582359 0.9994519936622417 -0.003784455685359792 3.2855075743748605 0.8259172644569238 -0.02504206091056936 0.5632349132088168 190.03327884848474 
0.5613505918174079 -0.022316538720056643 -0.8272771513621066 371.4009323414764 0.03716403905592641 0.9993076645392894 -0.0017394809807106774 4.440428990333629 0.8267432172490412 -0.029768501685320515 0.5617913216133867 189.76674347764217 
0.5599746033847297 -0.02370242726809845 -0.8281706578391416 371.1024111404253 0.04075622182660061 0.9991685800493563 -0.0010387610768811681 5.605919865672843 0.8275067213905491 -0.03317142721913603 0.5604750507111891 189.41766345315597 
0.5585072810170076 -0.023617938990090726 -0.8291633192615613 370.777279281051 0.039472367360433254 0.9992189050368208 -0.0018740416164439683 5.299513092069086 0.8285599249697956 -0.03168237325197617 0.5590032897570193 189.13350293568377 
0.5565957760105404 -0.023679937469244072 -0.8304459059376931 370.3490270423559 0.03461224508311994 0.9993867694507723 -0.00529882411992788 4.225673492944854 0.830062126962512 -0.025794294101614546 0.5570740702763584 189.03797949090085 
0.554685588915693 -0.02315952065310512 -0.831737659392894 369.9163627215076 0.0321087560635353 0.9994637844448 -0.006416491824264864 3.550432536999174 0.8314402715970057 -0.023146926067987607 0.5551317812738702 188.9160161521991 
0.5532881720516457 -0.022309659982786317 -0.8326911058364931 369.59852969592686 0.031067567408403596 0.9994984538705595 -0.006135712321021457 3.1198582318971795 0.8324103584909748 -0.022474870006621094 0.5537037793758618 188.5523901926558 
0.5528717867413716 -0.02064114162840746 -0.833010642607692 369.49876207939025 0.030775681093060798 0.9995168895511938 -0.0043410776503264754 2.651008957371936 0.8326978112608805 -0.023236410527101344 0.5532399337964983 187.75142063376745 
0.5527474839521326 -0.018722956890220643 -0.8331384457999008 369.4626068025554 0.03046294056765622 0.9995333608669141 -0.0022516141017744585 2.116251766492078 0.8327918276715728 -0.024135272929445124 0.5530599066684029 186.81649743999526 
0.553225557185489 -0.016466771236497205 -0.8328687341483351 369.5581874979271 0.030548441330817768 0.9995331471474754 0.0005296090259258056 1.5893938209467353 0.8324711860533444 -0.025735834909861442 0.5534703164510542 185.61777857005896 
0.5542857250831694 -0.015905888946273247 -0.8321744634785758 369.793323417688 0.031511636535514004 0.9995016079343139 0.0018848075698735184 1.6686632255340634 0.8317297347888193 -0.027267901157783197 0.554510694066914 184.1357670005105 
0.556032063542665 -0.014467677185691644 -0.8310349154092964 370.17207103030387 0.030908220040660826 0.9995168471017231 0.0032793739872758166 1.1773157434304538 0.8305859535571277 -0.02750924711221549 0.556210585189562 182.36199427574147 
0.5579450680628512 -0.013198564564821207 -0.8297729200918583 370.5866160314611 0.029846861362609056 0.9995457838902216 0.00417022470421228 0.6230739816936586 0.8293409828840859 -0.0270928736148586 0.5580855761513176 180.51061843830652 
0.5595320570506466 -0.012396666544830966 -0.8287159946515149 370.92812999679484 0.02795869194199999 0.9996013765917107 0.003924214679552066 0.015303798022328952 0.8283370018763894 -0.02536553911382799 0.5596556090560517 178.79257405643148 
0.5610167511627463 -0.011769597055160405 -0.8277207750805565 371.24566584943665 0.026296540951629924 0.9996476709990169 0.0036091273490419396 -0.4944756689104781 0.8273866670721592 -0.023790974158312942 0.5611285883822192 177.1180080215929 
0.562510554547209 -0.011148300413437324 -0.8267149396381341 371.5628605678956 0.025264663343750243 0.9996739137950915 0.00370983338322098 -0.8642454677362053 0.8264040009638858 -0.02297349506487987 0.5626087856720563 175.43834981153586 
0.5640634043863989 -0.01067517715917291 -0.8256624712463604 371.89079753561134 0.025298995947019565 0.9996704282070312 0.00435841398253816 -0.9730766571019807 0.8253438293439276 -0.023346853342383966 0.5641475762625509 173.72877182546898 
0.5654778734126098 -0.009986160573115606 -0.8247030079233139 372.18411095587646 0.024419422279634593 0.999691039309907 0.00463872169962338 -1.3314786671181609 0.824401884093117 -0.02276186548782029 0.5655470192505953 172.0794322966705 
0.566956602467733 -0.009787432862844949 -0.823689514972845 372.49222557284054 0.024070823290202516 0.9996992571985244 0.004689416045893125 -1.450344094214255 0.8233958989358501 -0.022485580149841113 0.5670216859176979 170.39723870768267 
0.5683139594701637 -0.00928539926785279 -0.822759396683978 372.7711479129822 0.02520121711277428 0.999663631025782 0.006125639589793643 -1.3417378251517773 0.8224257669403243 -0.024215824676971445 0.5683567996495111 168.77638569423874 
0.5697662756014701 -0.007983943286708858 -0.8217680012246921 373.0607366715092 0.02707470350937703 0.9995923515088376 0.009060421342983776 -1.2903786072374173 0.8213606708487504 -0.027411447510623965 0.5697501741362293 167.12936337860893 
0.5708067823639988 -0.008993890128111477 -0.8210351558536471 373.28217383436044 0.028246396763146275 0.999563233215595 0.008688145572391247 -0.7902485324319435 0.8205984147420456 -0.02815053718762104 0.5708115179101516 165.63393839451186 
0.5714059342015514 -0.009787445259312272 -0.8206092031378573 373.4113528815169 0.02713773032960008 0.9996073752840011 0.00697415732459975 -0.7957436481501778 0.8202187524994841 -0.02625454614207574 0.5714471951589777 164.33718448127706 
0.5716519895773317 -0.01143633949575213 -0.8204164874935277 373.4746368014773 0.02546809172137618 0.999668372551833 0.0038106723344205474 -0.6853156753490306 0.8201008347248218 -0.023072820774813346 0.5717536758300223 163.19292327945357 
0.5717629674835288 -0.012224347791215373 -0.8203277846906741 373.50444170072876 0.024842424138483598 0.9996884554248799 0.002417861274411174 -0.5851896047956231 0.8200426592424037 -0.021761374297089846 0.571888520265401 162.12635804299367 
0.5717081375623911 -0.012535070153172241 -0.820361309095692 373.49801033209684 0.025515347979581843 0.9996712877634222 0.002506678859225243 -0.3519591088920868 0.8200602248996245 -0.022364892972636947 0.5718400467787296 161.14459709604995 
0.5717509264880946 -0.014366522819919627 -0.8203014574423665 373.5236213855603 0.027651989652528478 0.9996160498042074 0.001766477310573226 0.5608862532684764 0.8199611244005786 -0.023692952452090844 0.5719286655482845 160.10180766758364 
0.5714968574146908 -0.015293299643787908 -0.8204617339956436 373.48486598540944 0.028784807432780175 0.9995846256881901 0.0014180792850405127 1.0425623216840276 0.820099248156093 -0.02442726087399546 0.5716996869860991 159.20504631571444 
0.5710256344752129 -0.015470196343541773 -0.8207864507880678 373.3997852440251 0.02863063673975432 0.9995894777848394 0.0010782122738843033 1.0787701171483701 0.8204328195605386 -0.02411532556121925 0.5712341373386398 158.41637647949673 
0.5701225412398309 -0.015644200921063754 -0.82141070540125 373.2300951246783 0.02847578435243793 0.9995942185525812 0.0007265960138021897 1.1204526200028924 0.821066025162258 -0.02380456287763311 0.5703366769816351 157.8268081131035 
0.5695870451864586 -0.014337726233599992 -0.8218059549323133 373.1230713729551 0.027442053828789937 0.9996221474924664 0.001579849426260837 0.600559647534125 0.8214727820429709 -0.023451905018617266 0.5697652819482608 157.09014344872855 
0.5689176318054797 -0.013220401900626035 -0.8222882397276711 372.9897950436946 0.02672502673425247 0.9996398970836219 0.0024184922368604925 0.19341385741380224 0.8219601578950763 -0.023351598065918307 0.569066078501319 156.41533008505053 
0.5684653394402647 -0.01262703984419133 -0.8226103061108817 372.9011508418291 0.027309932999198507 0.9996207870726237 0.0035284007548539767 0.1723590235104231 0.8222538083916936 -0.024471205877127866 0.5685946136469062 155.63947493078103 
0.5682852246799956 -0.012714467485395294 -0.8227333989373294 372.86944482825277 0.028562458027939074 0.9995828407471723 0.004281410423754492 0.4520667332456436 0.8223357522337261 -0.02593235045994103 0.5684113156841738 154.73075606702383 
0.5685660468392967 -0.013281689324019418 -0.8225303928185486 372.9289587230137 0.027247672576987906 0.9996250847253464 0.0026933857839090644 0.3720044079291016 0.8221862408972019 -0.023943406535911437 0.5687147778656576 153.60985776750454 
0.5691506049606275 -0.014569329372391127 -0.8221042047785626 373.0490058097615 0.024028387592171692 0.9997106913117519 -0.001081788658103705 0.13150790235338583 0.8218821238247446 -0.019138137804374362 0.5693360222388085 152.3436880387941 
0.56986483731439 -0.015775514761040863 -0.8215870010696786 373.18963947798 0.021794098070830457 0.9997541558639456 -0.004079843385219207 0.05734451403956475 0.8214493803527534 -0.0155807883880457 0.5700685525016126 151.0221445598449 
0.5710230075229471 -0.01606567255898106 -0.8207768387598887 373.4052264550601 0.021732110965567295 0.9997539276310501 -0.004449667321282083 0.13636105367069096 0.8206463551569759 -0.0152963509216232 0.5712316355175489 149.51649288818575 
0.5732005678532232 -0.015148599905026917 -0.8192750630488272 373.79630982563583 0.02154892635494473 0.9997619819678077 -0.003409279212541222 -0.13722148118152377 0.819131706617251 -0.01570029721748264 0.5733905718457459 147.5564246498638 
0.5757860347680079 -0.017104690672146938 -0.817421477405106 374.2703086699128 0.024816598014688475 0.9996861091464454 -0.003437970712250381 0.9815872305046436 0.8172237017054218 -0.018306084689280244 0.5760297810306662 145.3773267806481 
0.5780288154798678 -0.017265522736737017 -0.8158336780248591 374.6706365330228 0.027085308070840884 0.999631194534358 -0.0019649428794975493 1.42758089565829 0.8155667198713098 -0.020961312898748894 0.5782832772957496 143.3638983500427 
0.5800928997403489 -0.016929521078645197 -0.8143743727468846 375.0317209722061 0.027314184524545048 0.9996260209288974 -0.0013242377502061225 1.3736947272932802 0.8140922324863399 -0.021475790972806746 0.5803383731992049 141.4269415331758 
0.5815712185013622 -0.01744490715329584 -0.8133084242925646 375.29171296228253 0.026481523114818124 0.9996461627975766 -0.0025056212005525554 1.3763980391359425 0.8130643558442103 -0.020080448662671724 0.5818274046804134 139.74347669755247 
0.5832230004254046 -0.016103521602950175 -0.8121524538944481 375.5676517927731 0.02782373308130779 0.99961283214786 0.00016025840100866967 1.2390744323402512 0.8118354338486394 -0.0226905794839675 0.5834452553157606 137.9929070545634 
0.5847012658839066 -0.013116749744145064 -0.8111426388434442 375.8006982435047 0.029426575961603783 0.9995541965096533 0.005048253868012727 0.6800705337465227 0.8107148119412476 -0.026820870904752825 0.5848265850514812 136.3355908792801 
0.5855845781289031 -0.011797586501866644 -0.8105254584590955 375.936620957352 0.02839178266226864 0.9995790860254732 0.005963007440825067 0.14174298582048772 0.8101139478708248 -0.02650410785542209 0.5856730519086016 134.92124021488272 
0.5856722769954458 -0.014584099922194489 -0.8104167372336467 375.9636119610973 0.02807750196177887 0.9996030976544503 0.0023023994469078763 0.8808407302791323 0.8100615025061708 -0.02410292905616 0.585849307389159 133.81246978538212 
0.5852293407570085 -0.01759266243615378 -0.8106769498052389 375.90314469140674 0.03183807650959451 0.9994922025637027 0.0012937923048903545 2.3583619007902277 0.8102425288771788 -0.02656755997013114 0.5854922793307761 132.93483485698908 
0.5843631450260243 -0.02136370404703982 -0.8112110125514106 375.77171887758027 0.03532948178264664 0.9993753409968891 -0.0008692090213402448 4.003280721858099 0.8107228518132834 -0.028151730972422854 0.5847528859193374 132.23015485697795 
0.5832980869281129 -0.0253364535586335 -0.8118629231016011 375.60272846212484 0.036315993776970694 0.999327369070182 -0.0050949016929058835 5.299188813453258 0.8114459257288776 -0.026511762452551903 0.5838258610833064 131.61518093667075 
0.5824911530483564 -0.02638989831497223 -0.8124085363210573 375.468044558448 0.03430490972560161 0.9993804495854566 -0.00786702962303698 5.291241818079863 0.8121128183873932 -0.023287126342614373 0.5830355734923801 130.92250621495188 
0.5831036954560231 -0.026369688689918177 -0.8119696545215999 375.57086181413746 0.03426024851093969 0.9993820946907267 -0.007852654554016455 5.290123382336411 0.8116750062170806 -0.023239370257665298 0.5836468246744162 129.591438265577 
0.5837164406522622 -0.026349456732914205 -0.8115299273853895 375.67206325976144 0.03421552559680633 0.999383739167655 -0.00783834774751489 5.289075075537944 0.8112363494816959 -0.023191550555255482 0.5842582795839998 128.25905817360947 
0.5843283518230384 -0.02632924706254366 -0.8110900985740681 375.7713020293304 0.034170822299204824 0.9993853799718668 -0.00782414224584658 5.288098691589974 0.8107975901291072 -0.02314374748407442 0.5848689039376478 126.92781746733404 
0.5849403718041448 -0.026309012111366093 -0.81064949103503 375.8688944214617 0.034126061870047214 0.9993870200151902 -0.007810001690078698 5.28719133698411 0.8103580525513828 -0.02309588939359885 0.5854796380389741 125.59545202314575 
0.5855515279150333 -0.026288785528235454 -0.810208805131011 375.9645999865696 0.03408131140055669 0.9993886567915968 -0.007795953405839112 5.286360065295993 0.8099184356276794 -0.02304804615879931 0.5860895112512031 124.26418023956214 
0.5861622514345035 -0.026268569690377448 -0.8097677304262348 376.0584867148059 0.034036557537931555 0.9993902907809344 -0.007781994844910183 5.285594994590359 0.8094784294496058 -0.02300019433006834 0.5866989545896413 122.93302310389154 
0.5867728908361249 -0.0262483378241606 -0.809326015485284 376.15058111699034 0.03399175662721105 0.9993919235764136 -0.007768112488333993 5.284899450453449 0.8090377834571219 -0.022952295129326894 0.587308315186396 121.60132226710661 
0.5873830934354144 -0.026228096093369645 -0.8088839153559428 376.2409329190997 0.03394693482410238 0.9993935542776485 -0.0077543074698137576 5.28428109446117 0.808596751887052 -0.022904380445784862 0.5879172409396609 120.26967809674099 
0.587993034566964 -0.026207861645495663 -0.8084413023149574 376.3295037001538 0.03390209565346962 0.9993951826680421 -0.007740592368495741 5.283727472083301 0.8081552073772935 -0.022856439965199746 0.5885259076209656 118.9379336444147 
0.5886023419300656 -0.026187624191619956 -0.807998447655465 376.41621498503304 0.03385724706317471 0.99939680852146 -0.00772696178475503 5.283245354590349 0.8077134206485274 -0.0228084952664215 0.5891339428754181 117.60654602085754 
0.5892109634152892 -0.02616739797317331 -0.8075553899730596 376.50109002668836 0.033812406941076005 0.9993984311854546 -0.007713422126575832 5.282841730302465 0.8072714300209551 -0.022760558590799482 0.5897412951833683 116.27604066410919 
0.5898203552290117 -0.026147125793235085 -0.8071110681748055 376.5843597756125 0.03376746020000552 0.9994000548414119 -0.007699936014270681 5.282503748088039 0.8068281769925756 -0.02271251187639952 0.5903494173920231 114.94297629249863 
0.5904289724984692 -0.02612687186015573 -0.8066666070944086 376.6657668233362 0.03372252712287002 0.9994016750675252 -0.007686549074394335 5.282235961809023 0.8063847838339023 -0.022664475264801733 0.5909567682683075 113.61097940206912 
0.5910370086914848 -0.026106616413399893 -0.8062218670666694 376.7453246968595 0.03367758533979555 0.9994032927372618 -0.007673246483754976 5.282050632140015 0.8059411111258087 -0.022616433082235512 0.5915635404180464 112.27932252678261 
0.5916446132205155 -0.026086364574041197 -0.8057767390725902 376.82299054815553 0.03363263720514171 0.9994049077776661 -0.007660027711467919 5.281931848148215 0.8054970498777588 -0.022568382600960564 0.5921698833485225 110.94786124757385 
0.5922520184689141 -0.026066102583231082 -0.8053310529934986 376.89898401262025 0.03358765294750645 0.9994065212159579 -0.007646889596123701 5.281884911138354 0.8050524307080716 -0.022520294117482673 0.5927760286684062 109.61593713000752 
0.5928442082409984 -0.026043924702931594 -0.8048959303793073 376.9713503870536 0.033526912305529656 0.9994085860351931 -0.007643579684553803 5.279409465646088 0.8046189724996297 -0.022454223326689005 0.5933667642768972 108.29078488422364 
0.5923907587318182 -0.025934458548903694 -0.8052332536780364 376.91305348698825 0.03244331695300942 0.9994389341218435 -0.008321547120622049 5.12565081302783 0.8049972795943023 -0.021194830057571664 0.592899788349265 107.51333410186783 
0.5916046691683889 -0.02490869623066077 -0.8058433298540428 376.8110480711116 0.030323369369992692 0.9995028584937877 -0.008633025703586364 4.563075715308916 0.8056577491020693 -0.01932854663021676 0.5920658735284036 106.92153227189868 
0.5903407560200783 -0.02573044592391315 -0.8067439097595963 376.6475969115113 0.02896232013025287 0.9995233873792223 -0.010685602212265315 4.657958215020173 0.8066343507403556 -0.0170570288890713 0.5908046055771424 106.54861738124232 
0.5887887316066894 -0.025109178703441797 -0.8078968737888672 376.4490057958915 0.02765547880065255 0.99955796617528 -0.010910854588151006 4.333075902362083 0.8078137186414275 -0.015918586632479307 0.58922287343104 106.34082138062003 
0.5834804541450187 -0.02462903096851782 -0.811753639021271 375.75580361780754 0.02724185122986095 0.9995711068921384 -0.010746339283492005 4.186143799726299 0.8116701554032235 -0.015843392943987688 0.5839011437972438 107.9353268721991 
0.5637404146010307 -0.023413465109481717 -0.8256201030722455 372.97100823413115 0.027246782731874128 0.9995812612456656 -0.00974243282173576 3.9627699688141944 0.8255024880496844 -0.017003288449329083 0.5641422962388911 116.2543659626923 
0.5437265596486218 -0.02219808706537439 -0.8389688154295799 370.01137907672717 0.027294171684924408 0.9995890709677837 -0.008758846602032765 3.75659051917754 0.8388184884256591 -0.018136541357219607 0.544109005019114 124.48058165968104 
0.5233987355960693 -0.020980245846867612 -0.8518295562262683 366.87192962573624 0.02738310254988618 0.9995946247183597 -0.007794352372444815 3.5669853784017755 0.8516477730089939 -0.019246181916640945 0.5237610669097631 132.6321654652733 
0.5027321281783896 -0.019758390589139835 -0.8642164157770635 363.5487257662681 0.02751297790545925 0.9995979846275715 -0.006848735304490019 3.393709140489394 0.8640043074800035 -0.02033408787785282 0.5030736342983746 140.7194910044625 
0.48179892153778237 -0.018536622729587855 -0.876085722302796 360.05293750710393 0.02768246082730369 0.9995992007472624 -0.005926147819526452 3.2372570184759986 0.8758444385663331 -0.021396997060686384 0.48211895622264256 148.71480651419168 
0.4605411443323456 -0.017311475643057184 -0.8874695302871611 356.37507599562537 0.027891208090120558 0.9995983346213155 -0.005024931200239526 3.0971029951064875 0.8872000534762879 -0.02243840977773151 0.4608389988687147 156.64120690808903 
0.4390379486446915 -0.016087360478725003 -0.8983244828472005 352.5283945307516 0.028137566835826324 0.9995954486059875 -0.004149272075219019 2.9737026349898863 0.8980278152609866 -0.0234549772760997 0.4393129944112246 164.46936396753944 
0.4172535096374491 -0.014862128477496378 -0.9086686006638229 348.5064281386976 0.028421038709258564 0.9995905983421584 -0.0032985246175439484 2.866709910560298 0.9083456133289342 -0.024448984500058585 0.417505082487624 172.21328927630128 
0.3952518698749815 -0.013639205197165206 -0.9184715191239857 344.3209560297946 0.02873982021757998 0.9995838596914657 -0.0024759196620557132 2.776309327376872 0.9181230756789591 -0.02541809445850304 0.39547937794518 179.85088555863058 
0.3729863413433225 -0.012415904270820094 -0.9277537574660971 339.9630475573448 0.02909366174096032 0.9995752771841985 -0.0016805024947728502 2.702180185569826 0.9273805842359573 -0.02636494952147968 0.3731891496532348 187.3994089622148 
0.35049972172470417 -0.011194448346198744 -0.9364959313297254 335.44065987020247 0.029480961220714873 0.9995649235801695 -0.0009145893463059849 2.644365095703819 0.9360987223559314 -0.027288236923516576 0.3506772506582059 194.8444791986405 
0.3278063686743529 -0.009975493065853457 -0.9446922642821992 330.75644922559013 0.02990048206912334 0.999552864531351 -0.000179385633609965 2.6027457399302136 0.9442716483240239 -0.028187950355863682 0.3279580668716156 202.18219743926437 
0.30488835768211553 -0.008757970802566444 -0.9523478289455617 325.90647916301896 0.030351596855581295 0.9995391463164973 0.0005249278085918223 2.5771642892525457 0.9519043386381947 -0.029065321747907033 0.30501366715849293 209.4188202573687 
0.28181312656480956 -0.007545304073362562 -0.9594396437932965 320.9043533483182 0.03083194478695207 0.9995238674731535 0.001195630446622773 2.567560143573853 0.9589738019760607 -0.029918334478226664 0.28191158256735 216.53354674210325 
0.26319406339740875 -0.006572208369146592 -0.9647205248513759 316.77226945363543 0.031955851658242794 0.9994874580861299 0.0019091027535155796 2.7328495241735538 0.9642135181261248 -0.03133093049495406 0.263269185924147 221.9392963333787 
0.20261409229182012 -0.003613849204611611 -0.9792519949934687 302.3821864735747 0.02759496555984837 0.9996171442638898 0.0020205864140531685 1.4230272331167595 0.9788697806554826 -0.027431824358438512 0.20263624436870895 240.76130564697394 
0.13608965911069096 -0.0009571916904429076 -0.9906960626081063 285.3545527839874 0.023419266984612264 0.9997231968463318 0.0022511377686536033 0.1386193750851059 0.9904196800432831 -0.02350773216237089 0.13607440579162117 260.003773926207 
0.06452436096328183 0.002405804390816822 -0.9979132321737768 265.9019560296691 0.02115987399617154 0.9997689647950332 0.003778460683158851 -0.8946221560520096 0.9976917693229442 -0.021359521012915227 0.0644585470465519 279.3322277927638 
-0.009298960157320861 0.0064529850019140675 -0.9999359421105726 244.52637325853522 0.021430346850739974 0.9997507922024964 0.006252497448001668 -1.4167987269647244 0.999727097549051 -0.021370832343298646 -0.009434932490754945 297.7007870285205 
-0.08344898612439994 0.010085961590148535 -0.9964610078139602 221.66445714607536 0.022213378575136358 0.9997191406309879 0.008258672309618362 -1.6701697854431368 0.9962644390557599 -0.02144558777096211 -0.08364959197790887 314.42008112114013 
-0.15704322644589977 0.014186548619934857 -0.9874898312720573 197.7095206970014 0.0225080486256583 0.9996885165672657 0.010782281326564856 -2.199797733325361 0.9873352079078958 -0.02053318489164377 -0.15731362160880683 329.49257665490586 
-0.22915717536416233 0.018636494231716032 -0.9732110100393798 172.86078876129295 0.022900161470042004 0.9996431899410846 0.013750469412292519 -2.8060452980821244 0.973120019105436 -0.019135670543871948 -0.22950218850606205 342.5264647619531 
-0.3000952003991535 0.023934187586698276 -0.9536089478197849 147.12708404519225 0.023735392946450298 0.9995630200029939 0.017618177095623768 -3.5088617784791185 0.9536139165401634 -0.017347152707574545 -0.3005321521466065 353.8346223617642 
-0.3686357169625901 0.02847314432417841 -0.9291377660130771 120.92953970284874 0.024240157166101915 0.999485330573623 0.02101163365135983 -4.190331508789287 0.9292578344894598 -0.014776806841494008 -0.3691361849230303 363.1084246036648 
-0.4342371776729684 0.032169498862522385 -0.9002239703926732 94.51900474279329 0.024228696712074296 0.9994176649850984 0.024027092445163812 -4.924011559615365 0.9004726779765446 -0.011377796740508464 -0.43476373119095707 370.2226065307252 
-0.4951338720390358 0.03741217207155912 -0.8680108168338229 68.72216371063175 0.02475785497493532 0.9992742879078413 0.028947299413185027 -5.9742786203462614 0.8684638722345747 -0.007157297476323522 -0.4957007925313052 375.3281793817757 
-0.5503233029303641 0.03916639768223261 -0.83403252667052 44.21560644445715 0.02294060533380548 0.9992313564652354 0.03178718112012578 -7.1935397577315 0.8346364423380599 -0.0016399845250322303 -0.5507988013531121 378.4398901709267 
-0.6002550355211692 0.04071998588565069 -0.7987714160390027 20.962246773033932 0.02123684495782587 0.9991624640117905 0.03497666259273132 -8.457030429824952 0.7995266654388191 0.004031533127848481 -0.6006170643537546 379.78757088903683 
-0.6451439571197433 0.040652458249353624 -0.7629788019533459 -0.9042107560893271 0.02009581581924504 0.9991409230711712 0.03624326187096964 -9.08597476825547 0.7637967221574326 0.00804943990432191 -0.6454066731439873 379.79975402822845 
-0.6849864369911289 0.040836990746230276 -0.7274104215124988 -21.217474343556148 0.019842598267591917 0.9991031834661632 0.03740454627141345 -9.430590080994143 0.7282855569295534 0.011187894107993063 -0.685182441830816 378.6371055303454 
-0.7198463969735587 0.03929937654017815 -0.6930200024297563 -39.74410419074039 0.018646154849061375 0.9991305037956879 0.037290176914562816 -9.741146748474534 0.6938829048719464 0.013921041215652737 -0.7199532755241427 376.5151259466836 
-0.7494227409111452 0.038651539370386706 -0.6609626418410703 -56.152412807021435 0.01758302675222888 0.9991043154008259 0.03848901294755106 -10.330665260242526 0.6618582873814131 0.017222817764403205 -0.7494311055546052 373.82145854470076 
-0.7744146804318905 0.036017835506119984 -0.6316522922122794 -70.51385359692028 0.014856335004362316 0.999138166613817 0.03875839684274016 -11.178355745896019 0.6325039067403543 0.0206310334456441 -0.7742823570359553 370.73387815821803 
-0.7968903764603928 0.03203694156351461 -0.6032738700458267 -83.89563867055395 0.011068779249209905 0.9991995499723164 0.03844140295373852 -12.18798141662402 0.6040225244398961 0.02395607877711689 -0.7966071153704818 367.3074783827059 
-0.8190569402600784 0.027962993213846793 -0.5730303653579981 -97.61722640973134 0.007555624895322909 0.9992506073407139 0.03796230053165474 -13.077238661003602 0.5736624801607995 0.02676368322441621 -0.8186544228891851 363.2643154624167 
-0.8404608308222167 0.022015566141601068 -0.541424885557631 -111.39221895816779 0.0034236426219944774 0.9993701157532395 0.035322095217489115 -13.628876019897024 0.5418614864749348 0.027833192178068726 -0.840006811215453 358.6101201087053 
-0.8597044532874224 0.01852183346138695 -0.510455869476494 -124.40203092385423 0.0014960212552403687 0.9994293691977274 0.0337445981667753 -13.795115342180328 0.5107895994616363 0.028246728487772262 -0.8592415885020703 353.668038790085 
-0.8776581940680024 0.016217827407674742 -0.4790126057417161 -137.13967901800777 0.0007340683477498394 0.9994716635464767 0.03249392114378274 -13.705932594120865 0.4792865067253142 0.028166928157191854 -0.8772064002441122 348.2838967969564 
-0.8937158986254621 0.01388148724552463 -0.4484185509721193 -149.09246467660006 1.3049502603458867e-05 0.9995219943226488 0.030915735394557886 -13.52791119904425 0.4486333607454902 0.027624032600766457 -0.8932888784984843 342.6562023854483 
-0.9077515338771079 0.015190596426680393 -0.4192331076190898 -160.1414415292984 0.002529378228983514 0.9995242070830416 0.030740229354905647 -12.759153890709277 0.4195006018941241 0.026844091253368892 -0.9073580548908187 336.99104634253274 
-0.9203844193483802 0.016653894258509563 -0.39065991402596184 -170.61249176229438 0.005038029363753722 0.9995147173502958 0.030740007486816264 -12.041836435175188 0.39098227438194144 0.02632446782341413 -0.9200216755669075 331.146411060335 
-0.9317203295137558 0.018755293363808902 -0.362691971983963 -180.54104495263186 0.007902063291053568 0.9994761438181514 0.03138463531958757 -11.374744005517726 0.3630906015948674 0.02637568784386098 -0.9313804475745889 325.1325078836549 
-0.9417963009111437 0.02008037015350539 -0.3355838290570396 -189.88589817785297 0.010060153400466289 0.9994508808062653 0.03157103370400446 -10.80329121314398 0.33603351157830297 0.02635745795934305 -0.9414811540898078 319.0596214537436 
-0.9507336418269036 0.02366068949611919 -0.3091046975882459 -198.75321155146764 0.014742417168905463 0.9994058005813142 0.031156169540581428 -9.362081732941743 0.30965820421001405 0.0250642681319792 -0.9505175322046608 312.9228960740479 
-0.958305782860351 0.028943237496885113 -0.28427507020420834 -206.82324224236055 0.020813982143803107 0.999284599909192 0.031576360329256224 -7.721569957752278 0.2849856218894673 0.024342912470050614 -0.958222634844716 306.9287036118973 
-0.9648407580518882 0.036970678990665286 -0.2602219831160067 -214.42619150042628 0.02916443825360675 0.9990030942509848 0.03379723684430651 -5.858728594386823 0.2612120731191606 0.025019723658102466 -0.9649571318379194 300.9408368359277 
-0.970308137255525 0.04272695937854441 -0.23806832153391985 -221.23473321773906 0.03480558681972109 0.9986947931198359 0.03738022634312519 -5.083516647578344 0.23935473653522843 0.02798423015901324 -0.9705288212930928 295.1880467541331 
-0.9749176447042829 0.04797165760669106 -0.21733454881983078 -227.45313492431413 0.03967904799097377 0.9983140472049886 0.04236314794401074 -4.853100545730047 0.21900036345810767 0.032676952423115774 -0.9751774492806704 289.62268347536985 
-0.9787826615796262 0.04969819041856146 -0.1987827740530427 -232.90399620582866 0.0415785589606507 0.9981295776613568 0.04481706853775893 -4.8737037750488525 0.20063829351810822 0.0356010683362579 -0.9790183037652874 284.43045519054056 
-0.9820723128660725 0.048893124541253656 -0.1820533841335482 -237.72681224444761 0.04170144565765154 0.9981989478202193 0.04312597825753139 -4.440796728423769 0.1838340603151269 0.03476093990674908 -0.9823424633623726 279.56789683043644 
-0.9851522230249123 0.04749798257610683 -0.16498193573925898 -242.55206640943777 0.04158668311714885 0.9983694148104523 0.03910318859568075 -3.5407944798913524 0.1665702412088879 0.03166154169075498 -0.9855211319506945 274.5423082373855 
-0.9880601022818387 0.04493635203198318 -0.14737014129347603 -247.42963782869424 0.03998947883135147 0.9985382586057809 0.03636189878612279 -3.364993870006523 0.14878869534208042 0.03003448628814963 -0.9884127952286983 269.27262611121586 
-0.9907425887511236 0.041656551362949205 -0.12920470023674976 -252.33997716094467 0.0371549239701309 0.9986221243056536 0.03705893241904763 -4.329084395449431 0.1305704195424684 0.031915271827319625 -0.9909252146174774 263.7456865366951 
-0.9927081344016414 0.04350121885920826 -0.11241976628056306 -256.7584692481114 0.03922668290691372 0.9984309934193794 0.039960214310128216 -4.39913589408909 0.11398169695584287 0.03525897527374101 -0.9928569773243839 258.52815491912764 
-0.9940455367149954 0.04733219963759282 -0.09814852935456775 -260.4279438992902 0.04359918871627403 0.9982545143531782 0.03983761183583831 -3.121942301820606 0.09986281430182177 0.03532120398524532 -0.994374090002728 253.92144415115104 
-0.9948814526428795 0.05262142339259308 -0.0862663375096635 -263.40601676956067 0.049650609779564224 0.9981093012381409 0.03623037027727582 -0.5808495917644219 0.08800972750617499 0.03176174715044115 -0.9956131172710824 249.90374790128556 
-0.9955294538204635 0.055403373788124585 -0.07649557339364507 -265.8262973824335 0.05324385925166634 0.9981311384843125 0.02998869520334701 1.8501436946364644 0.07801408865017927 0.02578170981343036 -0.9966188365725273 246.3646475959949 
-0.9960572372439213 0.05784014064766624 -0.06726439075666314 -268.0759860137038 0.056298121753856546 0.998110889569779 0.024600276608478536 3.9282294147352737 0.06856020435350868 0.02071642469356039 -0.997431866408389 242.9104694885227 
-0.9964473303809246 0.059445035866557805 -0.05965740094533248 -269.90512734150553 0.05817441262911298 0.998045681922857 0.02281566370710707 4.862145442217169 0.06089708935561811 0.019264072932841804 -0.9979581353954949 239.85795891119423 
-0.9967800317604364 0.05805177107108703 -0.055313290981225276 -270.9573266756622 0.0567184926992245 0.9980676217364306 0.025377845206261258 3.8858232723980395 0.056679633640238106 0.022158842860019675 -0.9981464846471753 237.65979101246026 
-0.9969400020742273 0.058260222605961004 -0.05211889030037977 -271.70690715707224 0.056886741238644345 0.9980029190586989 0.027460375481130506 3.4863193340677006 0.053614652246253336 0.024411472962954598 -0.9982632664043555 235.7625912298207 
-0.9970042559760649 0.060323939955619 -0.04841007987851686 -272.55549819649934 0.0589434921979349 0.9978266693676731 0.02945509507928453 3.6454276834797987 0.050081716155953436 0.02651339598860602 -0.9983931397701145 233.72461971716496 
-0.9972250598089977 0.05924316547529721 -0.045082451501751275 -273.33467403044466 0.058008330056427894 0.9979170519514488 0.0282239449509407 3.665764551173142 0.04666062293846616 0.02553046746528155 -0.9985844889131813 231.74339359783067 
-0.9973815600575469 0.05835161760435053 -0.042721334016274565 -273.88489192735983 0.057167307260366014 0.9979594922360864 0.028438544908154974 3.3922172121913796 0.044293595900234746 0.02592181665798148 -0.9986822000933921 230.02215046668783 
-0.9974483990738825 0.058895262012160894 -0.0403489689765098 -274.42032049144916 0.057744310055894955 0.9979065911252254 0.029120955427335473 3.424959451052671 0.04197958838670479 0.026716726995482484 -0.9987611980135854 228.30230014273002 
-0.9975610215366779 0.059019268319796946 -0.03726572524042025 -275.11747514132094 0.05798583454595709 0.9979182014911312 0.028229525761412647 3.702977791833421 0.03885423146463697 0.025999790378024735 -0.9989065820173528 226.36907616856882 
-0.9978735267304264 0.055325366234431114 -0.034460535422533786 -275.7762265341886 0.05443534091345932 0.9981721456516693 0.02625188192833349 3.1359677511978714 0.03584994156504421 0.024320187009350982 -0.9990612144376414 224.47469663885636 
-0.9980691485582748 0.05337477763038266 -0.03176645729487118 -276.3887984401724 0.052528150891301174 0.9982566630560776 0.026915200688186813 2.466775605378732 0.033147670507901066 0.0251945981720669 -0.9991328561121631 222.6189207381429 
-0.9982566948247525 0.05096481162193571 -0.02976842645995831 -276.8455549720424 0.05012647312204881 0.998342964565955 0.028260604982996373 1.5155698252563767 0.031159395531779027 0.026719151895243435 -0.9991572343690925 220.94919167559848 
-0.9983595686866881 0.05044601593389836 -0.027080825100565274 -277.4356678342581 0.049694685615576814 0.9983792847745521 0.027735211458064662 1.5283337772600882 0.02843606571415084 0.026343940659124078 -0.9992484110356392 219.0969025663569 
-0.9985462345342495 0.04818245897755833 -0.02416336368032681 -278.08307454052283 0.047502232407981744 0.998479265059856 0.027976689614545854 0.8752617782095511 0.02547460330858764 0.0267882043520366 -0.9993164847503846 217.16316421766123 
-0.99871892686154 0.046106713585389356 -0.0208488870419841 -278.8092207047564 0.045492504601037514 0.9985427083915438 0.029032594496621215 0.11152885532388179 0.022157101652948864 0.028046933529988303 -0.9993610120301406 215.11137419492871 
-0.9988601115769478 0.04409048267831435 -0.018289528087976653 -279.36565285146696 0.04354636039920876 0.9986259887545922 0.029152171100883473 -0.4412556879922165 0.019549731365669412 0.028322498496888275 -0.9994076465999371 213.26318651263512 
-0.9988842269998154 0.04434925399249634 -0.01623098029357812 -279.79598244082274 0.0438720659635573 0.9986259420903575 0.028661291182287895 -0.2203472661552679 0.01747978486912094 0.027917225049343526 -0.9994573956234826 211.5741841887608 
-0.9989619972138728 0.043317670761951754 -0.0140892697550162 -280.248146551452 0.04288542691243689 0.9986397460313897 0.029656328243732807 -0.6809148534169025 0.015354747832788066 0.029021320544061122 -0.9994608519961504 209.84185966088805 
-0.999067434934792 0.04155258324706891 -0.011732147216542284 -280.7460240857934 0.041153561003439636 0.9986267679241566 0.03241855644672536 -1.7064690010264907 0.013063111021168586 0.031905504397341806 -0.9994055202567179 208.0321352773657 
-0.9991582519898478 0.04000764933133163 -0.009065068977813203 -281.3009738672576 0.03968617781640417 0.9986594428493968 0.03323137821482903 -2.257773572569923 0.010382426061190558 0.032843647828970854 -0.9994065739359381 206.1373294683211 
-0.9992625318610344 0.03784665816314614 -0.006482506039954154 -281.8316898027694 0.03762432658043789 0.998794172314738 0.03153746025738717 -2.46813282518168 0.0076682767323966025 0.031270302460957015 -0.99948154846198 204.26972270654667 
-0.9993196219961387 0.03670740161198047 -0.0035860508071703465 -282.41867535359506 0.03658108442403143 0.9988640141540687 0.0305369528667111 -2.53372672576848 0.0047029092970954 0.030384994568349435 -0.999527205607344 202.32186704091671 
-0.9993917446764009 0.0348570543769341 -0.0010613353962843374 -282.925984083799 0.03480558109190897 0.9988860800190438 0.03186174303211414 -3.2695395010661965 0.0021707596629940576 0.03180542256209409 -0.9994917222759447 200.4583242070418 
-0.9994028026072476 0.034517867278620294 0.001598430265715661 -283.4510579853758 0.034551209260475654 0.9988997075892548 0.031711009393273724 -3.2831866561707597 -0.0005020751115165425 0.031747299359741826 -0.9994958013438309 198.57665678011617 
-0.9993676185028226 0.0353845291727084 0.0035068765621206854 -283.82030543733265 0.035478202652110415 0.9988656893058656 0.031758965097965525 -3.0063923165204014 -0.0023791226475285356 0.03186329899341523 -0.999489404622523 196.9179511180987 
-0.9993475923047603 0.03572797579060323 0.005282187102316781 -284.1595682175056 0.035883378906768675 0.9988096831368501 0.03303937030721391 -3.118730378101035 -0.004095469803461218 0.03320735788902888 -0.9994400925063587 195.292422375557 
-0.9993910309486649 0.03420151268964535 0.0069154746116619255 -284.47394011742665 0.03442354229424179 0.9987926729202969 0.035045916404712205 -3.900148665554783 -0.005708502017257367 0.03526262965902561 -0.9993617763123872 193.67650575658405 
-0.9994296066928882 0.032669072115330655 0.008555290341188609 -284.7834879964104 0.03295962765867709 0.9987948394109106 0.03636662908128446 -4.54648624072074 -0.007356915814392495 0.03662786498361206 -0.999301893972208 192.07549862750446 
-0.9994403214844158 0.031861704653362063 0.010191936406298896 -285.09152924694735 0.03221820240768166 0.9987968651462904 0.036970388252778895 -4.846670200682061 -0.009001734540951172 0.0372780625908254 -0.999264386849011 190.48436362414105 
-0.9993965604333079 0.032704330900342006 0.011702210664457313 -285.37054306731153 0.03313215372254287 0.9987109794605892 0.038453086931694046 -4.846161031662934 -0.010429543795400445 0.038817602260206155 -0.9991918826586764 188.94534723960726 
-0.9993547092429339 0.0334511696473819 0.013083744234474325 -285.62647800179604 0.03395765144747048 0.9985973797574133 0.04062205127514332 -5.0026766085822505 -0.011706537581332681 0.041040131467264124 -0.9990889172576217 187.43995788502832 
-0.9993148165898504 0.03406800443348114 0.014466112743723251 -285.8828126101736 0.03464940605265596 0.9985146073665206 0.042047562781713975 -5.053403620940001 -0.013012148331154173 0.04251999470371968 -0.9990108778417808 185.93659348721016 
-0.9992616352004967 0.034993188517500905 0.015863832254807336 -286.14047967775707 0.035643498976531275 0.9984496070403097 0.042754218292011405 -4.881438046359758 -0.014343130660354876 0.04328809257093277 -0.9989596666755017 184.44258000261163 
-0.9992361342071236 0.03505107647222829 0.017279182068059555 -286.40087705647346 0.03574770088595785 0.9984860059602533 0.04180667151195814 -4.649527876440401 -0.015787652649181604 0.042392427857799696 -0.9989762920530951 182.94427590234014 
-0.9992339214787374 0.034492917147137966 0.018488072720135095 -286.6226406500654 0.035205931143379526 0.9985897014201774 0.039738528280355616 -4.392426874463258 -0.01709130125391017 0.040358975262532536 -0.9990390585643822 181.5087690795283 
-0.9992218143002292 0.034496782075745684 0.01912427392022974 -286.7381183979071 0.035206266770673234 0.9986537597659348 0.0380944469107421 -4.064336887924653 -0.01778439221985482 0.038738096646347475 -0.9990911246035515 180.24320634620804 
-0.9991790278642504 0.03562797069598413 0.01928517514405839 -286.7662772658666 0.0363492093310872 0.9985996360773163 0.03843828569611857 -3.780457980450922 -0.017888690764158527 0.03910772980291486 -0.9990748621661973 179.12474588804483 
-0.9991429546096916 0.03675883379675096 0.019030091742245816 -286.7175133434622 0.03750010543029148 0.9984883663277053 0.040183633496079334 -3.74772652857301 -0.017524221709748794 0.0408628247449077 -0.9990110766189403 178.12147831869225 
-0.9990704181787627 0.038664873057760715 0.019061141401790774 -286.722824281047 0.0394338633697812 0.9983487684225388 0.041769690074665466 -3.4572041360006702 -0.017414647278806393 0.042482516175804355 -0.9989454268775285 177.049522056013 
-0.9990455758659327 0.03934060562296581 0.01898036069008905 -286.7087225236121 0.04012902545021208 0.9982636675410624 0.04311973311471063 -3.47718689473432 -0.0172510480587071 0.04384024197795854 -0.9988896007688696 175.9964541823535 
-0.9990910547537325 0.03829598615682101 0.01872115795965756 -286.6708079964842 0.039065585992512565 0.998326676680668 0.042634805251055646 -3.659917841818923 -0.0170570894977855 0.04332740555365012 -0.9989153075340551 174.9922763459477 
-0.9991069948918415 0.03801808391719838 0.01843469699937017 -286.62484460335827 0.03876480673572419 0.9983653182611841 0.041999774427805746 -3.6027154881316914 -0.01680781118812463 0.04267688588111233 -0.9989475366076815 174.00722279637438 
-0.99913771132689 0.037169831849119775 0.018499659585305445 -286.64399931291734 0.03792258600050687 0.9983911162644165 0.04215514719848851 -3.8388005669496366 -0.016902996050941674 0.04282035222415037 -0.9989397910584512 172.91432119348931 
-0.9991620624929334 0.036520386389850036 0.018477939625457834 -286.64780140875604 0.0372741073360865 0.9984120117299063 0.0422385576900914 -4.004869783106086 -0.01690602842668468 0.042891913123307666 -0.9989366696600237 171.853132066289 
-0.9991712001491534 0.03628246731524018 0.018452516305902673 -286.65233903942953 0.03702908264036438 0.9984365518497726 0.04187241298454378 -3.9780092157691467 -0.01690443229789491 0.04252098888612175 -0.998952554265132 170.80256146921792 
-0.9991002784458383 0.03802034335235685 0.01879061203945016 -286.7171695745644 0.03877823020328127 0.9983746365685963 0.041765223797150614 -3.432583809509213 -0.017172142316831365 0.04245631340441251 -0.998950739015873 169.67518246566692 
-0.9990689961568634 0.03870559136381478 0.019053034280534373 -286.76979079089347 0.03947332269357613 0.9983493328930005 0.04171889628969572 -3.2004850908805347 -0.01740682951162051 0.04243214240736593 -0.9989477041252337 168.5604423269434 
-0.9990499002166251 0.03896189259391785 0.019526080063666258 -286.85883565068787 0.03974336542375066 0.9983529445099507 0.04137466728696657 -3.040274389195214 -0.017881884183354676 0.04211138935980413 -0.9989528863286011 167.38265832260797 
-0.9990465220882834 0.038426124220529524 0.020723891543187746 -287.06629019867466 0.039256483164498514 0.9983764600169496 0.04127193493864158 -3.1390660652063103 -0.019104324977888845 0.0420461301597719 -0.9989330046132856 165.99282115159465 
-0.9990000454225462 0.03855464261795308 0.022637331520146933 -287.391269797007 0.0394438694720675 0.9984109813381009 0.04024541594470023 -2.8908296348023037 -0.02104971274914697 0.04109807630648195 -0.9989333599980966 164.41117308544167 
-0.9989758848540673 0.03788067467321859 0.02474340248096354 -287.7450056373509 0.0387900885824417 0.9985483254194614 0.03737072155788448 -2.568817469566797 -0.023291854966907753 0.03829224840999024 -0.9989950916815902 162.7773318560832 
-0.9988863362366949 0.0385096725311855 0.027259721223332534 -288.1605108099773 0.039430276191166944 0.9986409593331095 0.03408060536047394 -1.814236210735046 -0.0259102412015251 0.03511750936198249 -0.9990472561080838 161.0466495935112 
-0.9987140299433319 0.040823367762398616 0.030062252724716108 -288.6108831746518 0.04180056732921379 0.9985930624649205 0.03262833382027408 -0.8801317555587276 -0.028687958541949003 0.03384299397906966 -0.999015341620552 159.2507705063747 
-0.9986490989913375 0.0402763933615695 0.03282970029674821 -289.06007269108284 0.041376048997526275 0.9985807265282546 0.03353438795712816 -1.13424215422179 -0.031432461773530845 0.03484744960666463 -0.9988982208427282 157.44367660552223 
-0.9984667201221512 0.04214387551619665 0.03589014579224323 -289.539966964066 0.04342055504877965 0.9984235428084385 0.03556802728718928 -0.8729769728134387 -0.03433459199945453 0.03707186159773642 -0.9987225905475002 155.588624664244 
-0.9982705659994753 0.044113566427216915 0.0388570497613812 -289.9994683634652 0.04556933726093808 0.9982603931016099 0.03741153653912093 -0.5472102589796597 -0.037139097467301846 0.03911752576136032 -0.9985441936227076 153.77627197790991 
-0.9981220537414112 0.044498638458119445 0.04209794544156261 -290.5006156902927 0.046108257486126125 0.9982107694973146 0.038069518662203726 -0.48278308968323325 -0.040328580766253945 0.039939089060122474 -0.998387937997263 151.8820423451708 
-0.9979765366019381 0.044128837955647 0.0457763918705387 -291.06361778631265 0.045894407653974595 0.9982132179520208 0.03826323107061777 -0.5536812907860682 -0.044006087511748324 0.04028668721248971 -0.9982186369204658 149.8713996833162 
-0.9977485817209568 0.045093138143659554 0.04964248750995966 -291.64333289744 0.04698256714279742 0.9981887302363724 0.037575220741484866 -0.11413835948265394 -0.04785818695366678 0.03982295470524019 -0.9980599812736971 147.83778949298156 
-0.9974900131646917 0.046219446687601494 0.05364174106602952 -292.233805399718 0.04824130310915769 0.9981490885473348 0.03702936276059995 0.3508704575949635 -0.051830978295159896 0.03952416703762049 -0.9978734338126004 145.78745504214305 
-0.997275195771537 0.047293863723929346 0.05661690871907996 -292.6686723709135 0.04947725926536175 0.9980595426362553 0.03780410253263006 0.596073787052362 -0.05471914394825933 0.04050234322569362 -0.997679996531352 144.04971365839575 
-0.9970756314836938 0.049913794918896096 0.057868801423467515 -292.8415797180692 0.05206796939920802 0.9979823401290425 0.03633421738808205 1.5882532240509493 -0.055938463189807636 0.039241073728373745 -0.9976627819401747 142.85407291296815 
-0.9969449570089285 0.05355935727115874 0.05685198275492788 -292.6823467930834 0.05561476492379735 0.9978313398467971 0.03520816868308773 2.795334666655486 -0.05484296323993565 0.03826241587049155 -0.9977616132698318 142.35160270213274 
-0.9969204603538876 0.05662769399711134 0.054248502286810996 -292.2954752274203 0.05851631145088 0.9977113262093038 0.03388142334460836 3.8463665370009235 -0.05220571828809695 0.03695150641371094 -0.9979524784035468 142.3234902140076 
-0.996988031832489 0.058624002024070976 0.05077490294880966 -291.79015300807305 0.060432926301832175 0.9975635422099787 0.034854564580236364 4.25429843943285 -0.04860787797648187 0.03781805970911695 -0.998101732569612 142.56124840700303 
-0.997079053543028 0.06159480092182186 0.04516017587587524 -290.9620307890375 0.06332591853491486 0.997270730154176 0.03795943650090054 4.61364714690044 -0.04269881763524678 0.0407083686378829 -0.9982583030936403 143.46119677001445 
-0.9972093860842135 0.06481138168315569 0.037053004059958476 -289.7624158576392 0.06626920805201697 0.9970167975568119 0.039571422184672 5.2231448811557515 -0.03437778890076328 0.041916466858257936 -0.9985295075441769 145.0972888383743 
-0.9973938204135143 0.06704417191250851 0.02665794466009966 -288.22045909944995 0.06806010901291934 0.996909705109695 0.03922832419630778 5.802984855376062 -0.023945533238673555 0.04094043075820251 -0.9988746130357149 147.376431988179 
-0.9975337897153026 0.06872304525920989 0.014264691602978224 -286.35949220174916 0.06922411406167593 0.9968675968189152 0.03824939796724274 6.300399948196142 -0.011591393729983324 0.039142527547171575 -0.9991664036228479 150.22249618862662 
-0.9975407898796338 0.07008685948615513 0.0004523866545141414 -284.2451750369021 0.07005233035082398 0.9968009844895759 0.03847685451063725 6.511383329021795 0.002245782432966637 0.038413922579994014 -0.9992593892545039 153.46673581803418 
-0.9973450463280746 0.07123141006464881 -0.01513092148723901 -281.81030654718376 0.07056882510914152 0.9966822230284331 0.04055351059793509 6.356331189562156 0.017969404207333027 0.03937807155389097 -0.9990627948197908 157.21333540254648 
-0.9967961577977082 0.07274233764764032 -0.03325615902782356 -278.90109672991196 0.07128816677743964 0.9965284431630481 0.043000688884517635 6.204664219077387 0.03626867901149843 0.04049215085158937 -0.9985213911790648 161.66563621875054 
-0.9955680287668455 0.07554190482479045 -0.056015361399710105 -275.103400774492 0.07300517740614111 0.9962687543758327 0.0460305673039735 6.2486821723175465 0.0592835910619096 0.041737149757381645 -0.9973682700792798 167.38341176976704 
-0.9930303332455453 0.08023740094312992 -0.08632911874989528 -269.828822823446 0.07626191609170213 0.9959120492477431 0.048407750589985636 6.833693642231601 0.08986032165680394 0.04148674068966506 -0.9950899320858819 175.12771159161 
-0.9888329062486466 0.08319220248846765 -0.123646839688578 -263.0417312326565 0.07754294826452812 0.9957430835797201 0.049827730006449016 6.985733482495914 0.12726576403062928 0.03968335858100633 -0.991074495866699 184.59939959682998 
-0.9823051260948782 0.0850699068882729 -0.16685248032242506 -254.68091157674127 0.07757513605819046 0.9956840403368069 0.050944971136762475 6.826032937389667 0.17046623569868052 0.03709990243373937 -0.9846648463950202 195.3610669334284 
-0.972439043478807 0.08577472981112107 -0.216806370856237 -244.40606433719705 0.07635083447482147 0.995750554796314 0.05149157890210676 6.3985204394048285 0.22030174033134975 0.033519074400446984 -0.9748556892475506 207.55098098225068 
-0.9585372199290553 0.08503086152297899 -0.2719855705719292 -232.22426912752547 0.07358573961296012 0.99593096227714 0.052025544719337 5.535064912452366 0.2753026279138861 0.029854161625980005 -0.9608939546574945 220.60779973089598 
-0.9399694516439681 0.08499241724776534 -0.3305052480468664 -218.19233842859506 0.07163043312202803 0.9960525970710322 0.05242427795213633 4.922371049588577 0.333656276768308 0.02560298573280072 -0.9423470571369541 233.8950084696471 
-0.9159972168282108 0.08538213182171195 -0.39199361006086847 -202.28482545512313 0.07009096618582528 0.9961218273772092 0.05318422211359999 4.374047793163188 0.39501437343736034 0.021241388567395093 -0.9184293376137437 247.29826294395676 
-0.8861687019109529 0.08938653020373201 -0.4546593009843675 -184.6089703202988 0.0714420120892031 0.9958411506454898 0.05653708154577052 4.2647593989995745 0.45782209499116905 0.017619616885855668 -0.8888692133484507 260.28247329833187 
-0.8508055281284658 0.08974829963254008 -0.517759786019647 -165.23890631268392 0.0685312845016695 0.9958427643453515 0.060005430967207736 2.9355357069724866 0.5209927219746877 0.015570209185395803 -0.8534190953074172 272.40522217426746 
-0.810321227392053 0.08889765852621695 -0.5792035175535395 -144.74849351635507 0.06532674985570376 0.9959688019240066 0.06147000363875872 1.8184729681453462 0.5823331728410527 0.011972965489588943 -0.8128620571205536 283.36357754825974 
-0.7656106136716374 0.08348114832391029 -0.6378646299238268 -123.45946759553576 0.06012076169203447 0.9964897442876877 0.058255330597541385 0.8200422151806048 0.6404887838572264 0.006251992000999008 -0.7679420748657486 292.80439820191697 
-0.7164528375112261 0.08151329985972311 -0.692857065756056 -101.47662152483889 0.05729115486171265 0.9966705001173123 0.058014116993338784 0.059047293194540273 0.6952791203514769 0.0018697972843236931 -0.7187373989583344 300.56424314034905 
-0.6645714971937605 0.08016455569874853 -0.7429120870784551 -79.52490915492879 0.05261263986939775 0.9967810184079929 0.060493896117690675 -1.6167790366775587 0.745370133050431 0.001115953021935878 -0.66664992267699 306.63832801781103 
-0.6098038472520746 0.07750034755846615 -0.7887540579958271 -57.394443315248964 0.04570981193372 0.9969900430770481 0.06262161845728484 -3.8680760905390335 0.7912331394535699 0.00213310420345603 -0.6115108902520916 311.06569803782463 
-0.5526999742863844 0.07087979279097903 -0.8303606405639288 -35.19648633947576 0.03585653054583303 0.9974764604106623 0.06127821916336171 -6.435381931879025 0.8326085800909366 0.004094618483466977 -0.553846717475539 313.7536595042957 
-0.49555345956357244 0.06300335151892104 -0.8662894126167986 -13.85124568975624 0.027628654416538053 0.9980044689256454 0.056777966321206505 -8.08666212447509 0.8681379073452019 0.004202106831562894 -0.4963052650622102 314.91836898863386 
-0.4399491932451694 0.05912486659409438 -0.8960741919691451 6.10674702692576 0.022968017747120113 0.9982446828385462 0.05458959008216914 -9.064812813922403 0.8977288997930792 0.003435598172351226 -0.440534923861328 314.664595542265 
-0.38667981502472204 0.056033727526587314 -0.9205101531389669 24.59681010825381 0.02114152366949985 0.9984286925071649 0.051895876092089385 -9.172289885620975 0.9219716680188057 0.0006061005772331725 -0.3872568605108396 313.2150933346511 
-0.3375602059265617 0.054003298927409564 -0.9397535586949244 41.13739405478142 0.022551161575382273 0.9985303570408149 0.049280535503811715 -8.396366189516648 0.9410337679841344 -0.004557386630331886 -0.33828195006633693 311.00491879590214 
-0.2928338699917008 0.04843866162606034 -0.9549356107327659 55.862479234828164 0.024860503465711923 0.9987640666482007 0.043038291552763924 -6.847247461561608 0.9558400912041279 -0.01113711058692648 -0.293676156360471 308.1983072928502 
-0.25469917048123664 0.04199870609753805 -0.9661078828175985 68.1654002735074 0.027309192767695643 0.9989703520243686 0.0362276657636887 -5.1884363201856285 0.9666346468788232 -0.017156469987773284 -0.25558387075676764 305.22936714674995 
-0.22311472248922382 0.03073317699899646 -0.9743075964191728 78.23885289483512 0.026017204784491838 0.9993345535747228 0.025564723483970007 -4.013961569552516 0.9744449320837778 -0.019644894073483996 -0.22376584295437774 302.28558805793443 
-0.19656952261351657 0.02456608717108992 -0.9801820902978172 86.5125202445244 0.022651622916545586 0.999533045085794 0.020508431455555105 -4.2133446894962745 0.9802282013688143 -0.018171382518206984 -0.19703419525208363 299.4529367390238 
-0.1725844437004385 0.024062427404589918 -0.9847007714935586 93.81474230162183 0.019543868217955968 0.999588415995205 0.021000852917822707 -5.133991914065728 0.9848008159052717 -0.01562044159413235 -0.1729836836141349 296.6613798411686 
-0.1516543775556189 0.027485800913523085 -0.9880513552019253 100.05171997782706 0.016342938437709037 0.9995463791318153 0.025297120936938554 -6.622037053258856 0.9882984661181256 -0.012311243341719676 -0.15203478271744938 293.9940571914762 
-0.133988609635097 0.027721711556285392 -0.9905950530849852 105.29101811401466 0.015021215671694028 0.9995506244566593 0.02594055180690306 -7.0688411857613715 0.9908690203895761 -0.011404203465928705 -0.1343448122389166 291.55389926130005 
-0.11933000974561152 0.024733411806058554 -0.9925465264230916 109.63833070955378 0.016909556259114153 0.999595293793339 0.022876090866410105 -6.1054907021721405 0.9927106404593595 -0.014053717182309959 -0.11969994716844128 289.36743090268425 
-0.10635994009274644 0.01908627185495081 -0.994144495216941 113.4850711451091 0.01949598193810756 0.9996635818472911 0.017106426175938917 -4.5640554909018345 0.9941365448627952 -0.017562384659345117 -0.10669626428952844 287.2940975249903 
-0.09656279399873662 0.019878566009279213 -0.9951283683166575 116.30983308687311 0.02126932200096194 0.999613451641974 0.017904279880489964 -4.188795662432517 0.9950996144893118 -0.019436818408223405 -0.09694827143063904 285.53579813214645 
-0.08822916166911281 0.024563906327287853 -0.9957972833549559 118.64618732448177 0.02254793941086811 0.9994889905218307 0.022657189895851845 -4.518612221107887 0.995844970595067 -0.02045415194030589 -0.0887379412028112 283.9153241763714 
-0.08211727557118303 0.02641954791742106 -0.9962724328920308 120.3656955151372 0.023289849496979195 0.9994264519336551 0.02458353281596662 -4.5884249559036885 0.9963505085878034 -0.02118430228128294 -0.08268548466134094 282.51787758769154 
-0.07928798467703205 0.025986250513538613 -0.9965129854999901 121.17657253806371 0.02336098338411003 0.9994340626042467 0.024203697273343643 -4.507246706218583 0.9965779848768399 -0.021360460917778958 -0.07985017700793176 281.485420793686 
-0.07745628532620136 0.026165748592052777 -0.9966523353025792 121.69512618694796 0.02450112053023038 0.999403601837369 0.02433383913930657 -4.208709472056237 0.9966946467982205 -0.022534290206528078 -0.07805118069996647 280.563669401495 
-0.07318592468618262 0.027974525071034467 -0.9969258981363052 122.87589327275658 0.026882829642130145 0.9992986510390544 0.026067594863353822 -3.810107191595348 0.9969559337795535 -0.0248924080510067 -0.07388663020575256 279.33421137930145 
-0.06772028553245468 0.03376207723202796 -0.9971329324961555 124.3322759251192 0.029033739838293063 0.9990706912092504 0.03185586159051092 -4.056962266338424 0.9972818081557515 -0.026793210103496005 -0.06863759184255265 277.9485079185058 
-0.06174781449045774 0.038501536928488955 -0.9973489053785523 125.92991095230371 0.03081418253273062 0.9988529068036825 0.036651831123080764 -4.26064186690565 0.9976160050643194 -0.028469320750230342 -0.0628633773792737 276.4717203435994 
-0.05553243420812973 0.038587204412477295 -0.9977109683703745 127.6494268711358 0.02950051332363516 0.9988800869078795 0.03699042703930283 -4.654000891249907 0.9980209759642139 -0.027378817259656688 -0.05660858504591516 274.9020911878415 
-0.04980828054793232 0.03739529510604896 -0.9980584787940989 129.24443218874302 0.02958956812606572 0.9989154130618153 0.035950730252063884 -4.477553824846192 0.9983203857715074 -0.0277414752937778 -0.050860769769571636 273.370221713061 
-0.04343212898008245 0.03767295080879179 -0.9983458313378275 130.98468444455037 0.030639684009234884 0.9988689499256661 0.03635973924841028 -4.25113327602048 0.9985864308792062 -0.029009819919408902 -0.04453729237584808 271.73969899823294 
-0.03819821471514842 0.03747815905318424 -0.9985671154141622 132.4102727732427 0.03190612441286016 0.998832648156945 0.03626761917657144 -3.8941240628148233 0.9987606798515483 -0.0304750483144819 -0.03934940676431544 270.2310778768782 
-0.03501214029518797 0.03569998452507757 -0.9987490481281375 133.297800867584 0.03421844682406832 0.9988186257300813 0.03450290990076025 -3.0247097712839075 0.9988009050500998 -0.03296762047192366 -0.036192375875600084 268.9649745965414 
-0.03159621258820948 0.03817097058001986 -0.9987715736618962 134.18448127375245 0.03536081988018467 0.9986876263949428 0.03704912013850419 -3.0829956167290744 0.9988750130859628 -0.03414676984160465 -0.03290450336812069 267.6599448276102 
-0.028484980758134788 0.04274683214219234 -0.9986797856235082 134.95188092404587 0.03343012174490462 0.9985670477986733 0.04178849136740362 -4.260049198566637 0.9990350508522357 -0.03219564244505743 -0.02987319494497548 266.37472948090556 
-0.02548350193359881 0.04440238881984435 -0.9986886496783135 135.72471625046225 0.03033228087356402 0.9985874563164503 0.043623901985592226 -5.323918603935697 0.99921496379218 -0.02918081483668242 -0.026794331103048814 265.0575928530585 
-0.02281257515366498 0.04724942355819944 -0.9986225905657641 136.38987117188233 0.02726128002061373 0.9985405043464444 0.04662278189025357 -6.544097172187275 0.9993680048042842 -0.026160144360579705 -0.024067360065814745 263.7683732169194 
-0.01971987396100304 0.048842323022846336 -0.9986118134954621 137.17889673429937 0.026008404974318215 0.9984930937061518 0.048322920977617444 -7.104024339163709 0.9994672027843903 -0.0250193785464221 -0.02096046887588221 262.403987887438 
-0.017293091152614855 0.045069425348015384 -0.9988341683668955 137.87083017823696 0.024702084757089928 0.9986978872695138 0.0446356020690045 -6.908777012252481 0.9995452746159326 -0.023901398750045374 -0.01838388236337584 261.0941780320756 
-0.01590223971565746 0.037742097530103776 -0.9991609744410832 138.33420529135853 0.021761256684721085 0.9990637017084129 0.0373920798590537 -6.625103308829458 0.9996367172525865 -0.02114838061678292 -0.016708665947951964 259.8846201725804 
-0.015475560437251429 0.031064579364865036 -0.9993975680068655 138.5263338577118 0.016756803120819178 0.9993849505545568 0.03080470993592681 -6.958467593367074 0.9997398244435008 -0.01626998813615152 -0.015986585242834982 258.7808387298962 
-0.01573048744059215 0.02608953261329309 -0.9995358363024822 138.51743862647228 0.015947992888881088 0.9995389071466682 0.025838626566862956 -6.438855367086947 0.9997490751622119 -0.01553413621884215 -0.016139309905845212 257.79687028857427 
-0.016249080361104715 0.026979169845852954 -0.9995039228446521 138.3746528968223 0.021013929091226107 0.9994243195639082 0.026635394653896066 -5.248723348008768 0.9996471288267513 -0.020570703892879256 -0.016806664445517577 256.8932158289008 
-0.016308862208330274 0.028333094707589792 -0.9994654855260197 138.3383232048243 0.026906572278224447 0.9992488684974576 0.027887903736002063 -3.9207210075681154 0.999504906131884 -0.02643737034658681 -0.01705895856877071 255.9185758046046 
-0.01637582729712899 0.031289565244266036 -0.999376203132314 138.28172583671702 0.026135870267108757 0.9991821012258103 0.03085522444181179 -4.526295308962915 0.9995242611191163 -0.025614286966428704 -0.017180213545995 254.90592560788156 
-0.01643878212113423 0.03424163233871027 -0.9992783781595374 138.22696497405326 0.023888398443500086 0.9991415967788109 0.03384396557870562 -5.499378265837145 0.9995794670070903 -0.023314806477186152 -0.017242648774272278 253.87798212286987 
-0.01692685121377011 0.03173209294581413 -0.9993530687326004 138.1342983561669 0.02418350388774702 0.9992168590812197 0.031318152365256195 -5.0459696682457755 0.9995642249739125 -0.023637741117550317 -0.017680988297080272 252.89931227202095 
-0.01737737652983983 0.02824661807481057 -0.9994499263856483 138.0647104861572 0.02534220329961899 0.9992921731478064 0.027801536242745707 -4.23970053690684 0.9995277882664702 -0.02484514545885607 -0.018080907893890167 251.90727684992106 
-0.017492620915357814 0.026577189519704288 -0.999493702436762 138.0561587811542 0.023292658554328476 0.9993861902161779 0.026166674658166068 -4.499755720483941 0.9995756400948272 -0.022823141817650546 -0.018100937174311695 250.85287683559562 
-0.016957526492802563 0.02658013924823686 -0.99950284566518 138.19077525987578 0.023933597302763964 0.9993709441049446 0.026170575059456924 -4.315980154563736 0.9995697200372746 -0.02347791039121409 -0.017583017609815527 249.7227845674389 
-0.015975997370630286 0.029562970253406904 -0.9994352396717909 138.40133132331314 0.027104480879715172 0.9992082858434879 0.029122991226165143 -3.9352431191320854 0.9995049347673349 -0.026623904512943674 -0.01676463790932891 248.5495286393469 
-0.01425892686600336 0.0333357239545278 -0.9993424900968929 138.7806785094798 0.030224512867176204 0.9990017629801532 0.032893105424819824 -3.6874495181080924 0.9994414249102209 -0.029735619566001528 -0.01525224909494304 247.2734392272584 
-0.012125487215704804 0.034657442608129786 -0.9993256897686792 139.2903909036801 0.029925675898791543 0.9989640697169352 0.03428179307708603 -3.938789924265428 0.9994785773000755 -0.02948981326566657 -0.01315007345127335 245.91237568274047 
-0.010030939490771829 0.03482554051158662 -0.9993430652088438 139.80170373570357 0.03187413741975911 0.9988966293595557 0.03449004519951024 -3.475941766457207 0.9994415538773033 -0.03150723063351992 -0.011129905710625703 244.5601588015421 
-0.009055654157318809 0.031980962011827714 -0.9994474539447196 140.07630808413637 0.02756138522018064 0.9991166949692052 0.03172065381667948 -4.107480656613252 0.9995790940053355 -0.02725890501489166 -0.009929094866164726 243.3240958805523 
-0.009096675893945421 0.02952959868543448 -0.9995225126474937 140.0977036510343 0.023444334736863793 0.9992954093257966 0.02930952181691272 -4.735382752014753 0.9996837568233402 -0.023166521142964375 -0.009782568257170958 242.2328122119559 
-0.009492811571105294 0.027668537495977332 -0.9995720777219171 140.02491488896754 0.02601345134390254 0.9992856433208525 0.02741356237355405 -3.8242950967290676 0.9996165199103373 -0.025742087826437495 -0.0102057844716644 241.22907332427053 
-0.009746752561644045 0.02791038875957809 -0.9995629099830541 139.9626197685273 0.029978259743119188 0.9991692315112984 0.02760707778624153 -2.886468573286433 0.9995030288884954 -0.0296960771889278 -0.010575360150515089 240.2147716152656 
-0.009726973103429586 0.03190560189986479 -0.9994435544650099 139.92355204066365 0.03069035979768594 0.999029499242 0.03159369335435046 -3.2670199309813386 0.9994816095405327 -0.030365971278513575 -0.01069672747052862 239.16617282440427 
-0.010448752392445419 0.036600678667565965 -0.9992753443843778 139.69375381061406 0.024281869247457594 0.9990445020173776 0.03633832432432793 -5.444477551667511 0.9996505461406455 -0.02388458310132836 -0.011327501524387783 238.18227964529711 
-0.011301162460026186 0.0389368537623196 -0.9991777645374944 139.46378511424723 0.018578797327845377 0.9990772607061612 0.03872280245184407 -7.107538695318459 0.9997635280489601 -0.018125908500416447 -0.012014134347992717 237.20679241958868 
-0.012201277430800508 0.037204076529880406 -0.9992331987672429 139.27332958693154 0.01741604221738934 0.9991639042335626 0.03698883548080332 -7.110856891051 0.9997738795860489 -0.016951376531204303 -0.012839023761899207 236.2562640669883 
-0.012936588042111563 0.036098842747482554 -0.9992644886325749 139.12068801164716 0.02120805129687753 0.999133213947263 0.03581953862910298 -6.0442633903908 0.9996913840030924 -0.02072906991896448 -0.013690960896773472 235.32196369835958 
-0.01383374768525146 0.03104645789654892 -0.9994222055152966 138.97718476238194 0.024918741410300215 0.9992181248664511 0.03069519937873837 -4.433782679759572 0.9995937593600249 -0.02447971385559354 -0.014596570077962726 234.39529814694225 
-0.015109997452920847 0.02738971623525037 -0.9995106259672909 138.728038565954 0.025391391571638697 0.9993128905163787 0.027000445956620454 -3.7850479481884234 0.9995633872901852 -0.02497098901431687 -0.01579507824033909 233.50295561807704 
-0.01581125518746833 0.027157533002244168 -0.9995061143437937 138.5867259308628 0.02150770271529472 0.9994090216559465 0.02681466308970997 -4.647798677318606 0.9996436479732703 -0.021073106888548892 -0.01638600722435368 232.5117747702443 
-0.01671471145175336 0.023506978240402567 -0.9995839336419385 138.42935159441492 0.015862617158668376 0.9996040103320514 0.023242200949120002 -5.421924422265597 0.9997344626439376 -0.015467530574949663 -0.017080974795100654 231.52472351212575 
-0.016721156510115524 0.02413157968005468 -0.9995689419880501 138.43764953053633 0.01907431608275151 0.9995344791709454 0.023811665511728957 -4.758223246676586 0.9996782349290891 -0.018667935360193177 -0.017173665841867934 230.47305280897746 
-0.016541488608426212 0.02638838010793969 -0.9995148986132706 138.46304330426483 0.023569724603141145 0.9993841780137395 0.025994861375561708 -4.036832518426504 0.9995853376459413 -0.02312829719373021 -0.01715326884792319 229.40350208837532 
-0.01701400404080979 0.02877095394066806 -0.9994412218213956 138.34030363644342 0.024933143666011043 0.9992872786481947 0.02834207259209976 -4.055101828016307 0.9995443271878591 -0.02443699943179977 -0.017719228124861378 228.40104847517716 
-0.017585616837907485 0.02912915824799493 -0.9994209514614926 138.21264815831097 0.02038200354924428 0.9993782580595854 0.02876927613111445 -5.130136732674499 0.9996375943369424 -0.019864275913131564 -0.018168393729168668 227.37064709020427 
-0.017703118619601072 0.031658684230940023 -0.9993419471351669 138.16373623587896 0.01576773139610967 0.9993831259280769 0.03138066692799151 -6.5140509589886495 0.9997189496242235 -0.015201819726304244 -0.018191383654040483 226.2634660103082 
-0.01756347377672879 0.03433431167134095 -0.9992560629943408 138.1668837323084 0.014752581824806247 0.9993103260783264 0.034076876657526144 -7.101990128689874 0.9997369082505639 -0.014143098503690613 -0.018057880449221166 225.14074230085026 
-0.017713267627788985 0.039010670977918584 -0.9990817822880161 138.07967231693618 0.01783525247229195 0.9990918936604752 0.038694854841121076 -7.055735395355452 0.9996840220385617 -0.017133463507955433 -0.018392947263167543 224.08721289503058 
-0.017894376696204188 0.04181881739103904 -0.9989649532364338 138.00580504143915 0.01692918172015889 0.9989943735046939 0.041516797952763675 -7.639563881082458 0.9996965510038236 -0.016168742003623185 -0.018584339995816875 222.99926523492343 
-0.018153712497157755 0.044042800489559 -0.9988646927625421 137.9215579042899 0.015220021475662615 0.9989257411010628 0.043768878349494555 -8.314883794946503 0.9997193574543061 -0.014408174441248008 -0.018804543079258718 221.90831898034747 
-0.017778614148512707 0.04683452770150933 -0.998744435726145 137.97103105402212 0.01569586830649687 0.9987922962132382 0.04655737044972706 -8.584172438498431 0.9997187407451477 -0.01484843561000959 -0.018492251427882387 220.7389719741096 
-0.016964519675321543 0.04874307952778165 -0.9986672705512756 138.13003790186906 0.018983567932158003 0.9986466676307082 0.048419597051670725 -8.11044446515793 0.9996758620776789 -0.01813685276527876 -0.017866878603153977 219.52743566351188 
-0.01633219672871288 0.05035606207167335 -0.9985977800709602 138.25338192731516 0.023084498634651503 0.9984837649722708 0.04997276267715181 -7.420789323756161 0.9996001026774665 -0.022235964099494028 -0.017469877726093305 218.3346593249434 
-0.015715120515623772 0.05043462061286464 -0.9986037172125981 138.39048725277715 0.024998142942289053 0.9984346865089102 0.0500326855694644 -6.998302407407405 0.9995639688567297 -0.024176968782136626 -0.01695129328078729 217.1241904171137 
-0.01560180645807898 0.046905484396897394 -0.9987774823096172 138.47042378388326 0.023997790807261415 0.9986288885596917 0.046523638834527176 -6.697615369553708 0.9995902608927398 -0.023242600274647737 -0.016706042645025156 215.93208595359295 
-0.015470795997881934 0.047532927920300595 -0.9987498561874819 138.49654751655243 0.0196075502541071 0.9986917479875381 0.0472264383013207 -7.716700665426181 0.9996880505658876 -0.01885240740381187 -0.01638256057080574 214.72616127851137 
-0.015494496200636816 0.045595283485775275 -0.99883982234958 138.52830683396425 0.015954787012771327 0.9988438349203749 0.04534796812357072 -8.205431551028806 0.9997526520889382 -0.015233632705664784 -0.016204045042006045 213.5339676786018 
-0.01652857502606568 0.04593217510259834 -0.9988078100905862 138.3157590520879 0.012102852474795632 0.9988802781432833 0.04573522601200659 -9.05438481125619 0.9997901415645091 -0.011332485461726938 -0.01706597795846217 212.47664774575722 
-0.01736036345629909 0.04665067382940278 -0.9987603978992801 138.14168277497893 0.00998998067103787 0.9988691675069109 0.04648210935664561 -9.58367894541938 0.9997993889110243 -0.009170650757365085 -0.01780677112305777 211.40357070530376 
-0.01843232108744448 0.047578257393985406 -0.9986974311385209 137.9117067928467 0.012989050862532835 0.9987942289672269 0.04734313825100074 -9.06118582546724 0.9997457347230944 -0.012099487803809632 -0.01902809233385197 210.40775242728054 
-0.018995781621114476 0.047723966337344645 -0.9986799203536812 137.80015197619696 0.01785303610951207 0.9987170874537202 0.047386161794664115 -8.043708608004906 0.9996601569444864 -0.01692933149860506 -0.019823429388856458 209.35259681350044 
-0.019320488442756106 0.04818942150101987 -0.9986513397486285 137.73637388803468 0.01826085190616991 0.9986881771947381 0.04783791403388036 -8.009166673886742 0.9996465675497489 -0.017311972355830825 -0.02017512327488249 208.21807814195233 
-0.019485345900087107 0.0479315015415756 -0.9986605491632902 137.71271961312942 0.016429347217857264 0.9987306715986191 0.047614306234220034 -8.335620503144579 0.9996751461575644 -0.015479559688214186 -0.020248095878625524 207.036903385809 
-0.018900242716356666 0.04788358133981556 -0.9986740927166066 137.84601185419746 0.019755503270116777 0.9986753939078407 0.04750976419184343 -7.630272477559252 0.9996261805874275 -0.018831363229821457 -0.01982117158745524 205.80312976486158 
-0.01795600153552683 0.04860457850669834 -0.9986566862325831 138.03971533667817 0.02433105357702473 0.998543169961946 0.04816157757156489 -6.783384234646833 0.999542686352458 -0.023433579976950503 -0.019112443296861972 204.5241382593008 
-0.016964958234693264 0.04896688051881879 -0.9986563146570256 138.24856559715292 0.02559751576401931 0.998493956603382 0.04852407457369776 -6.565265121251526 0.9995283674707818 -0.024739911858751046 -0.01819283876736564 203.21189154450076 
-0.016431886884722108 0.048774210528757675 -0.9986746564726193 138.36736031814854 0.02374953569798017 0.9985467472592257 0.04837719599305573 -6.893531882120648 0.9995828893331147 -0.02292313079220699 -0.01756637205416464 201.9365120942757 
-0.015242254761143444 0.04787424963163154 -0.9987370674466859 138.62948703119278 0.019356795376362108 0.9986800433576485 0.047576101899194895 -7.634081567825865 0.9996964479993681 -0.01860718198366376 -0.016148827699643705 200.54805242047314 
-0.013590512517402953 0.04816578770991968 -0.9987468922924361 138.9639365701457 0.015181455062274987 0.9987339475301277 0.0479585808076236 -8.492326812802192 0.9997923891447198 -0.014510649371142038 -0.01430453295712099 199.099045220852 
-0.012252634756535109 0.04502602005717946 -0.9989106719118248 139.277451386642 0.015707491962683652 0.998871065412896 0.04483156674875341 -7.9219061175647285 0.9998015541285004 -0.01514107653755831 -0.012946048181535406 197.73006176753086 
-0.011429903499884734 0.04384678555545349 -0.9989728808643596 139.46500130119338 0.024325315424788586 0.9987546758128814 0.04355888625055915 -6.035661438949702 0.9996387529180065 -0.0238024565614291 -0.012482256453599651 196.50596714417657 
-0.010228547280140662 0.04073889627792191 -0.999117470145826 139.7467954656979 0.03433843401196934 0.9985947400254879 0.040366039476691894 -3.6204465076910948 0.9993579182505851 -0.03389524337550919 -0.011613083413610658 195.2121410691381 
-0.008903363680049665 0.040287286680574165 -0.999148469771684 140.01981293888406 0.03508226768467089 0.9985855368638179 0.039951971922562855 -3.401427170638302 0.9993447676399179 -0.03469668713749791 -0.010304139575953488 193.85943205913264 
-0.007518984981273056 0.03957729068897214 -0.9991882219715025 140.30306804168595 0.02881888431954073 0.9988099958946071 0.03934544455961097 -4.495938037728557 0.9995563699819178 -0.02849965197571937 -0.0086506107203236 192.46621246495997 
-0.006994913087450524 0.04172778757272034 -0.9991045305348114 140.38678426246884 0.022106479182521767 0.9988912495734507 0.04156410835978264 -6.064296563444952 0.9997311512446996 -0.021795946179896854 -0.007909611941890481 191.1942747382787 
-0.006586165277492629 0.040776605206330585 -0.9991465812856413 140.4804236126195 0.017019018946369913 0.9990281033143606 0.0406595841372579 -6.874032182547994 0.9998334738450401 -0.016736703855858934 -0.007273742021863876 189.93365820438038 
-0.006900685397472188 0.040817766598608134 -0.9991427778205413 140.4184428706565 0.01307784563949539 0.9990848003337249 0.04072507453095193 -7.596635709866355 0.9998906692706337 -0.012785604093026638 -0.00742817834342524 188.79127414311162 
-0.007190418616128462 0.04045927130174419 -0.9991553158772947 140.36796820337136 0.0148983789012389 0.9990745786918731 0.040348785827727475 -7.176631898312274 0.9998631587303528 -0.014595669816373186 -0.00778654200344844 187.68785650596828 
-0.008343756018818293 0.040327628428568164 -0.999151672230411 140.1533792390399 0.015193618743760583 0.9990762226027313 0.0401977036573855 -7.0766623814266705 0.9998497565559376 -0.014845329743226662 -0.008948770856783753 186.6938902574182 
-0.009388172347673859 0.04045808521808263 -0.9991371305083487 139.9592043341681 0.014518021341704148 0.9990813641033999 0.04031941167244377 -7.193969961792456 0.9998505334680243 -0.01412696859827156 -0.009966919380192717 185.67748509956064 
-0.010038018748247349 0.0409226093081089 -0.9991118947480435 139.8342383979049 0.01886211087831311 0.9989922094038717 0.04072820059350073 -6.427210446812294 0.9997717034167467 -0.018436528897439262 -0.010799789321548847 184.6429354999427 
-0.010261508509491472 0.040291462668720024 -0.9991352758656488 139.80188326042577 0.029417546655322455 0.9987675640188028 0.039974504533888934 -4.37260069842884 0.9995145368587148 -0.02898190987431912 -0.011434137840051562 183.58332926108824 
-0.010860125656227706 0.03881060524046892 -0.9991875672723323 139.7110273536326 0.0322934822209867 0.9987388696604562 0.03844218041940247 -3.615739209025782 0.9994194258051894 -0.03184975902928635 -0.012099759212590685 182.52577791523208 
-0.011815778359351955 0.036027946079996875 -0.9992809287097502 139.56801889995467 0.027146490856961494 0.9989939039199243 0.035696609992877465 -4.130425504924917 0.9995616316245417 -0.02670518736289913 -0.012781922859917586 181.4662594040003 
-0.013006536530521797 0.02927328331218017 -0.9994868207693414 139.41872966786906 0.018799337329960406 0.9994018547323896 0.029026154988453564 -4.655891238675958 0.9997386733158994 -0.01841216015529469 -0.013549075059989566 180.42072852724658 
-0.014402393311243227 0.02591983129636406 -0.9995602700250126 139.19802108673974 0.009470790510224163 0.999622648094694 0.025784986780334206 -5.8313859430052535 0.9998514265599762 -0.00909526039861461 -0.014642439832954822 179.4074045852812 
-0.015953667956338752 0.027291577814174475 -0.9995002002296715 138.91215466840973 0.002303965993422647 0.9996257702556905 0.027258231443360273 -7.277776923649198 0.9998700776698143 -0.0018679456982242514 -0.016010576486449636 178.4223840130744 
-0.017117081625375046 0.025842132934718712 -0.9995194793909801 138.71868600896624 0.0017550333282140003 0.9996651749656602 0.025815844338180672 -7.143675739577854 0.9998519517281784 -0.0013122980837656098 -0.01715670420250491 177.44438177582225 
-0.017012452956675132 0.032035934878159034 -0.999341921126538 138.68040717891307 0.011318481136679034 0.9994286978345213 0.03184603475398615 -6.3034204383020445 0.9997912124184507 -0.010769253515255308 -0.017365331830075513 176.37618768984387 
-0.01639199860095904 0.04120037593356641 -0.9990164319993942 138.69583216840823 0.02778653156521807 0.998783550598915 0.040734846465888166 -4.690349669712079 0.9994794700470049 -0.02709147607564381 -0.017516874110455532 175.29240167039856 
-0.016304963744415393 0.04356713907061647 -0.9989174403075042 138.68488746499025 0.03665503974240068 0.9984047319123074 0.04294647082818841 -3.4614652625828857 0.999194954059905 -0.03591511782404483 -0.01787590817017938 174.209985008941 
-0.016072325980024886 0.0438852161052413 -0.9989072870617117 138.7225919544857 0.029563888643124897 0.9986203897481967 0.04339693154427044 -4.723863477762742 0.9994336680470038 -0.028834094169186485 -0.017347570076347643 173.0191669109185 
-0.016009929703287802 0.04411217258867703 -0.9988982923102846 138.73368034295217 0.016368986414506737 0.9989040132346413 0.043850069868686906 -7.012129512933811 0.9997378348520458 -0.015648916040219025 -0.016714454586037406 171.8021373201891 
-0.016312397248635372 0.04279137199892886 -0.9989508517331839 138.6953834153373 0.007432239849971449 0.9990613736201509 0.042674741370406354 -8.3263070420359 0.9998393208445122 -0.006728314994697749 -0.016615121742464996 170.64541298033913 
-0.016334000535778794 0.04056115096479988 -0.9990435393209386 138.7151896511832 0.001018096670165628 0.9991769949129439 0.040549923747265994 -9.074501201668445 0.999866072984611 -0.00035478042451957066 -0.0163618527429816 169.47481117173055 
-0.01619758545464185 0.03785639250004136 -0.9991519062546609 138.76664394348722 -0.004282764594271055 0.9992712079729033 0.03793034199431422 -9.557019647609765 0.9998596382257208 0.004893512364182123 -0.016023650766038584 168.29306733697427 
-0.01572014148311421 0.035515812858814 -0.9992454674346687 138.86985054239267 -0.002417683980179917 0.9993646868768709 0.03555808526434861 -8.881415945146093 0.9998735079778455 0.0029748378901078877 -0.015624288259141007 167.1444616825384 
-0.015586700155145166 0.032520722697527094 -0.9993495171227662 138.92313646593502 0.005325733787187196 0.999459455300411 0.03244123564590286 -7.143042373180149 0.9998643364666538 -0.004816617675874764 -0.015751471558646486 166.0953559637196 
-0.01618752584795063 0.03197961307500594 -0.999357427727685 138.8339871631513 0.013350123191445382 0.9994062054346311 0.03176492955328731 -5.7116998918179505 0.9997798448747081 -0.012827349154248666 -0.01660484555724178 165.13980252527517 
-0.017316544033281003 0.031593810197408576 -0.9993507734824412 138.65578036727374 0.01945804931739526 0.9993220018156636 0.03125573553598749 -4.62445065733835 0.9996607032486096 -0.018904175315097083 -0.0179195573648134 164.24169494502274 
-0.019560426574418116 0.03191290264878338 -0.999299232640933 138.28847926615347 0.025948691289756323 0.9991699815051474 0.031400851570512194 -3.575901364392435 0.9994718881152064 -0.025316293242370513 -0.02037228911758772 163.50395186834578 
-0.021714099305251797 0.033143345138184684 -0.99921469993411 137.93141275330828 0.026784987547034022 0.9991108807246671 0.03255783253972548 -3.584549017472134 0.9994053543650179 -0.026056989285617598 -0.02258253696780667 162.73061552107083 
-0.023578982050944993 0.03432587083716218 -0.9991325068261527 137.62556297770678 0.02300194336349343 0.9991644223505939 0.03378413400262092 -4.337960523945916 0.9994573238547724 -0.02218539384538598 -0.024348841717446775 161.90377874250638 
-0.02486226613217534 0.03315000330952927 -0.9991411036502065 137.4371947769489 0.012206413054086233 0.9993856080025196 0.032854375626209374 -5.8873448865883615 0.9996163620125105 -0.011379094780044834 -0.025251633587965245 160.9470968244613 
-0.024749663049303622 0.03022440560493444 -0.9992366784124647 137.48906303292603 0.0026327855296625546 0.9995413625287024 0.03016841120477034 -6.981227530439177 0.9996902133257586 -0.001884117855581673 -0.02481788630414682 159.8022025401405 
-0.024496290448924915 0.02551467032088522 -0.9993742709078819 137.57512749109702 -0.0015006689938252687 0.9996721874875363 0.02555906016375445 -6.944447198494643 0.9996987945110335 0.0021258321429510115 -0.02444997118376888 158.6934020678286 
-0.024000240791975932 0.020011809526554254 -0.9995116387123268 137.7033702897048 0.001247241084004636 0.9997994495431226 0.019987623244093783 -5.702284573276703 0.9997111747057774 -0.0007669242090256203 -0.024020387083726977 157.6123059623282 
-0.023140659363062418 0.01626328456992161 -0.9995999277006986 137.87192614202277 0.008419054157874774 0.99983538816712 0.016072215024432807 -4.020619248943776 0.9996967687310638 -0.008043764274430038 -0.023273771610290005 156.51400068558792 
-0.02097632421106953 0.019037849526043225 -0.9995986965317715 138.19853214777467 0.018063757980853707 0.9996626955423217 0.0186600050554024 -2.892373350234401 0.9996167738039418 -0.017665090616304373 -0.021313143909722065 155.25353051011456 
-0.01881081711735262 0.02156738592143058 -0.9995904166326789 138.52128279862904 0.023622129592101422 0.9994978261593299 0.021120854535450855 -2.375801775269318 0.9995439700948183 -0.02321515382869164 -0.01931083840227393 153.99320830578006 
-0.01702769221080185 0.025246012314414423 -0.9995362407437737 138.77526927506662 0.02462121984284201 0.999388624015286 0.024822846780397225 -2.731103611981354 0.999551826185828 -0.024187125729467997 -0.017638869508057608 152.78370215472557 
-0.015064942147815641 0.029119594853355645 -0.9994624038520212 139.0486812580031 0.018953505345218048 0.9994045565165288 0.02883222241054017 -4.127470777949186 0.9997068631119886 -0.018508960251145932 -0.015607890222888814 151.5358582453361 
-0.01339061029365836 0.03196883068987549 -0.9993991622071164 139.28077735690078 0.014115244821299592 0.9993952262224464 0.03177957940912429 -5.238767562428075 0.9998107077940296 -0.013681215885591212 -0.013833759875525885 150.34075935873426 
-0.011930328739313198 0.03396091670260279 -0.9993519517131548 139.4850101452176 0.015252110083562675 0.9993129904194971 0.03377751199898492 -5.327406386595118 0.9998125026194513 -0.014839249157608429 -0.012440108129257834 149.22298113006838 
-0.010301437544062597 0.03490768027798258 -0.9993374476332496 139.7202257369675 0.022205178032213512 0.9991520210892887 0.03467230626520781 -4.408062027484045 0.9997003603345771 -0.021833291341454623 -0.011067833397539618 148.1366749226445 
-0.009284930959718387 0.03614301398136997 -0.9993034937382226 139.85951178509546 0.02656506395224527 0.9990027736937105 0.035885310775963124 -3.9208596814108887 0.9996039652953996 -0.02621336858583545 -0.01023581326015555 147.13641019303142 
-0.007931013644783743 0.03214088548126197 -0.9994518810343235 140.0915589292368 0.02747060599266489 0.9991131016856225 0.031912001606460634 -3.2033673562863916 0.9995911488348432 -0.027202454312348384 -0.008806909243462254 146.06931567359374 
-0.007192303650455956 0.02860387050545233 -0.9995649500459224 140.231413869379 0.026023135427145898 0.9992576202986385 0.028407828104992015 -2.8912447863349913 0.9996354671532719 -0.025807496337491673 -0.007931326626124112 145.09404352747964 
-0.0058582598059067235 0.029307920021056102 -0.999553263521302 140.41775395782946 0.0266994756509639 0.9992186465505304 0.029141626339140046 -2.872149470379425 0.999626339584952 -0.026516828802967806 -0.006636188531382428 144.07943420208167 
-0.004374229685640651 0.025218963616465345 -0.9996723813273877 140.66224081540753 0.02483996728836095 0.9993762181539279 0.025102800908793854 -2.5419094681194805 0.9996818704666852 -0.0247220238343222 -0.0049979393518518305 143.0386313601851 
-0.003319936357466534 0.017713507524995443 -0.9998375916486358 140.86513369776682 0.019865171594452353 0.9996469668210968 0.01764416852402157 -2.1669327103177345 0.9997971559171919 -0.019803367808103923 -0.003670646176304455 142.06063830057911 
-0.0012575606600406975 0.01462241646490835 -0.9998922959388744 141.17967563881416 0.011816096556061348 0.9998234987132751 0.01460654931608322 -2.8483665248076098 0.9999293967092694 -0.011796455292676951 -0.001430118583798655 140.96216349359605 
0.0014991092568092997 0.014888045790246881 -0.9998880431148208 141.5674510521699 0.007636282196595796 0.9998598425601767 0.01489907479519936 -3.437165577583623 0.9999697194743699 -0.007657762603169637 0.001385209826483473 139.80527623645867 
0.0037300070263843773 0.015566550783531443 -0.9998718765643363 141.87870663779967 0.009703896854729744 0.9998311899077996 0.01560211759301927 -3.2152487529908687 0.9999459592565068 -0.009760849566373705 0.003578321160366759 138.77078889630081 
0.005882662811681609 0.013615287842227309 -0.9998900030579454 142.19136868300666 0.014174631741476295 0.9998057098171775 0.013697533791308595 -2.2973988208396405 0.9998822301117453 -0.014253650547975954 0.005688528176830398 137.77210774313136 
0.008838988978293468 0.016095081890244917 -0.9998313960927552 142.58469823008784 0.018650983714780585 0.999693866300719 0.016257751603217994 -2.020574873757689 0.9997869838522168 -0.0187915411732856 0.008536093955676317 136.68987909325273 
0.011890384924837372 0.014626628318413475 -0.9998223244608895 143.00886828947048 0.016591209765892255 0.999752475804803 0.0148229174143382 -2.079215576308032 0.9997916535482997 -0.01676451210751819 0.011644768308279468 135.5888806655431 
0.012616038833224163 0.013681678651462628 -0.9998268086190917 143.1141873973167 0.010535761850886385 0.999849061382939 0.013814925764526425 -2.7430812362439916 0.9998649075182011 -0.010708226787666525 0.012469987677777373 134.83035241300695 
0.012199813817092918 0.006770135828970224 -0.9999026601643213 143.09391479086472 0.006837765412431802 0.9999531333758812 0.006853905158517325 -2.238624385342588 0.9999021999710735 -0.006920716192324487 0.012152949452395272 134.2609867290667 
0.010981164551463656 0.0040825014256374685 -0.9999313712486498 142.94284805904846 0.005261271658263591 0.9999775875174567 0.004140468971690262 -2.0428613148748274 0.9999258637747263 -0.0053063777548574415 0.010959439287259131 133.84052115261562 
0.008267829007291335 0.0012329131291440392 -0.9999650608539892 142.5899451847257 0.004141423399996215 0.9999906213814187 0.0012671864210511135 -1.7644987442794875 0.9999572448938645 -0.00415175558284916 0.008262645451193033 133.6537470485937 
0.0017507210815665226 -0.0011368026337508427 -0.9999978213253597 141.72465861607776 0.005107856001123595 0.9999863187903995 -0.0011278471069451161 -1.2754530865625915 0.9999854222851281 -0.0051058703270606175 0.0017565037537389915 134.02981308222024 
-0.006129094251898058 -0.002418125599476055 -0.9999782932005262 140.66435601480123 0.008383479933483314 0.9999618087617991 -0.0024694699912266075 -0.6318445587430213 0.9999460742799369 -0.008398433569293874 -0.00610858786676007 134.61419970434616 
-0.016648048904714847 -0.005470303248436854 -0.9998464473358082 139.2430529097441 0.01155544926075803 0.9999171970423714 -0.005663095558968708 0.25944330241826563 0.9997946359428264 -0.011647954382555946 -0.01658345858539884 135.57364127254814 
-0.03208172728164184 -0.00837003998797669 -0.9994502014633978 137.1358877600912 0.01208775204275102 0.9998885530435994 -0.008761720317987899 0.7839964725181261 0.9994121517297951 -0.012362197336127098 -0.031976976902817957 137.20758261190912 
-0.05125700440591967 -0.009453580575813388 -0.9986407508777264 134.46831895923427 0.011003730746837572 0.9998891505110107 -0.010030184446014391 0.8323568906229006 0.9986248732176579 -0.011502891143819909 -0.0511472979379247 139.3307177476554 
-0.07494822165240064 -0.004671456200559817 -0.9971764846646306 131.10152199457806 0.009847990247652967 0.9999367935849129 -0.005424566637560988 0.037799435208774046 0.9971387973392796 -0.010226745918886502 -0.0748974799888877 142.0336495603609 
-0.10180669919889548 0.002944142754961312 -0.994799843195436 127.1763632016759 0.010860695935888096 0.9999393134669743 0.001847881755795177 -0.8471595129319418 0.9947449126695812 -0.01061609187194833 -0.10183249634253626 145.07901107809005 
-0.13380787717713097 0.005662620550999922 -0.9909911133475648 122.40727656215121 0.013319184646441926 0.999903630879458 0.003915134024623546 -0.8038314954873154 0.9909177823238939 -0.01267531784896078 -0.13387040371838765 148.67900218988703 
-0.17068652873904908 0.006652658949950423 -0.9853029234889691 116.75542246504703 0.014135589614816249 0.9998908312247545 0.004302410825370021 -0.7385505672247787 0.9852239816474498 -0.0131934742037278 -0.17076193435651973 152.71976558967978 
-0.20864892817480862 0.00879614730129126 -0.9779510481430843 110.72624345524133 0.014189389118052157 0.9998815267269506 0.00596604950019903 -0.9537871085655976 0.9778876653317395 -0.012631718126855054 -0.20874902081016755 156.68331953361746 
-0.24742131483888716 0.016373387081785346 -0.9687696347217258 104.33841495710973 0.016028631784083164 0.9997895482644668 0.012803989388595957 -1.670785516586058 0.9687754001452175 -0.012360071868845544 -0.24763168758636395 160.56301975922182 
-0.2867902745677261 0.02506158313862654 -0.9576655237941664 97.61145647567317 0.020366907770936124 0.9995913188704293 0.020059519105051212 -2.125585717698847 0.9577768672719227 -0.01375181040668689 -0.28718349574674423 164.30293937322364 
-0.3274456242940444 0.03403389951964041 -0.9442568807343533 90.402432903724 0.024924242137915113 0.9993144549334767 0.027375213512578545 -2.5576411874518987 0.9445412353542508 -0.01457099325700629 -0.3280694147142805 167.9162690762467 
-0.36867085111762904 0.038925967646511385 -0.9287446218304504 82.86381863117684 0.0272777892940752 0.9991455895585751 0.03104855998070224 -2.7629028937741222 0.9291596879694206 -0.013887401068233874 -0.3694176692365149 171.34075638796082 
-0.4091313880357686 0.04099213921328315 -0.9115542506327556 75.20886764191937 0.026871459511416052 0.9990983938770948 0.03286828282609304 -3.057844552612051 0.9120797289643336 -0.01104734696334553 -0.40986403128039955 174.39065935128255 
-0.4495546764531783 0.04632262402509701 -0.8920508995469422 67.24463902140158 0.026921756043989574 0.9989034140048487 0.0383038972033756 -3.804821934415963 0.8928470260523841 -0.006795880582264948 -0.4503087874742464 177.1853129704303 
-0.49209087149327957 0.04953960761844074 -0.8691331321897674 58.55321807737714 0.026815431835615702 0.9987683372815549 0.041746150233370125 -4.29562759453795 0.8701307412156255 -0.002763280812481674 -0.4928132074840301 179.82186298506895 
-0.5370493992785682 0.05331691085713333 -0.841864151601185 48.955492812507 0.029652575602871146 0.9985769700575488 0.04432560919833271 -4.290352174900125 0.8430294582602947 -0.0011583986100802508 -0.5378661456329217 182.21565862225742 
-0.5817289618606352 0.05564358097816473 -0.8114771757902219 38.98522152207584 0.03059396308066458 0.9984481767056504 0.04653222384737192 -4.471988844166355 0.8128071261717431 0.002242839514870469 -0.5825285789687443 184.1784492116342 
-0.624982403671678 0.057241764738847574 -0.7785373308135924 28.86258182753413 0.030167209471703742 0.9983339956685507 0.0491850847834663 -4.885922147898361 0.7800557253000973 0.0072535137725710545 -0.625668004587489 185.5533854911925 
-0.6678221301870066 0.05630032366352419 -0.7421885717173712 18.351358568311134 0.029002273853693205 0.998346228179932 0.04963543885390978 -5.086328439010158 0.7437556524449443 0.01162248830015731 -0.668350542172227 186.44637780349754 
-0.7093961038136205 0.05532095950358051 -0.7026355807484115 7.581908443609478 0.028916933912127754 0.9983599255423284 0.049409209710739074 -5.05699993020718 0.704216570968886 0.01473263420849639 -0.7098323539133046 186.75552515587677 
-0.7491320501741223 0.052404952473620876 -0.6603445255002528 -3.30222651030806 0.02943609489145656 0.9985146275482044 0.04584817215344686 -4.500211855145615 0.6617663392160846 0.01490837108836864 -0.7495619072178324 186.40542201786667 
-0.7861940960433306 0.051125483066832615 -0.6158612086564573 -14.13632132537299 0.03237005870221951 0.9986108248893858 0.04157643218646021 -3.5426980441308973 0.6171312847735274 0.01275168204291138 -0.7867568696610482 185.46691202631106 
-0.8197405998851132 0.05067676194983823 -0.5704885754318619 -24.631846198337684 0.035708804802527624 0.998662117635852 0.03740128418451915 -2.5505893842798395 0.5716207048030808 0.010287885951722657 -0.820453489993842 183.92791556793875 
-0.8500254340593647 0.05060034150338141 -0.5243056044826627 -34.78438711236085 0.038692705599929426 0.9986843398593104 0.03365210027815378 -1.66208790333742 0.5253186042636849 0.008318338747306435 -0.8508649535942471 181.78697079591694 
-0.8772461337251691 0.05016163482836698 -0.4774128520008532 -44.644343198928425 0.039813375851551445 0.9987017403245902 0.03177623287834893 -1.2675048008214493 0.4783869939364427 0.008868160123810902 -0.8781043444650943 179.1422187706709 
-0.9016927247733735 0.047873381347190554 -0.42971894239043706 -54.214911420226485 0.03796088970061084 0.9987789635000919 0.03161570690053977 -1.4769134777071495 0.4307077906700869 0.012195139526437726 -0.9024090411936395 175.94742822283047 
-0.9223076672938945 0.04609286207030177 -0.38369781719090285 -63.07288476664455 0.03605588512281861 0.998794334472774 0.033314419897386836 -1.9491151454296327 0.3847707629211265 0.01689158048429756 -0.9228575916737308 172.45711359932415 
-0.9398605800246337 0.047577104382516625 -0.33822848675759737 -71.44825158431998 0.03791793279911018 0.998663787635919 0.03511224340484892 -1.9630890768189015 0.3394470805412845 0.020175688420827533 -0.9404087521438455 168.64145331557933 
-0.954686001695376 0.05023818925715675 -0.2933441025605581 -79.36572938018296 0.041109911148921915 0.9984617004578863 0.03720494488739911 -1.8461874523454846 0.29476196052446296 0.023459690085523174 -0.9552826961527499 164.5065626983134 
-0.9670691084345715 0.04906394154357839 -0.24974000310677125 -86.77954284622406 0.04049718510376092 0.9984053168084048 0.03932939571591969 -2.1994157761643542 0.2512714020938987 0.02792047651663632 -0.9675138911048515 160.17096304674774 
-0.9766641321077532 0.044929998392297485 -0.21002016164805937 -93.28852859940987 0.03794362653984245 0.9985879978974281 0.037179183156840774 -2.2203883419413195 0.21139407337769378 0.028342648070939325 -0.9769898873791438 155.91108896958147 
-0.983727586735122 0.044180663750591806 -0.17414965991023557 -98.95083746089907 0.03914402814127403 0.9987129364265154 0.03225237472191426 -1.416500576914014 0.17535044954937776 0.024910631563345532 -0.9841908759371558 151.80507624853277 
-0.9886763844231228 0.04716438382776495 -0.1424588634735269 -103.79659278394311 0.04359185467911572 0.9986542472426385 0.028097058028802243 -0.3188309588003202 0.14359232949449913 0.02156885167055351 -0.9894018534184971 147.96230612959553 
-0.9919860754188268 0.052943221050669426 -0.11471983926040938 -107.91304018228072 0.05028666123415102 0.9983981467312405 0.02593052844710178 0.7906455297751778 0.11590892061043437 0.01995384545405301 -0.9930593971029733 144.39040429942864 
-0.9942122278673953 0.05808424534832541 -0.09037846204304434 -111.41905434310704 0.05595637865807364 0.9980971118648398 0.02590441998074837 1.4969609590822293 0.0917111206257171 0.02069723965605755 -0.9955705372419348 141.07676837624706 
-0.995721246138064 0.06143810563127834 -0.06902578623747462 -114.4282525979277 0.059650634511232314 0.9978358266851821 0.027667034281032718 1.7312680439731052 0.07057621264752711 0.023431221904552945 -0.9972311547722489 138.00884209838995 
-0.9968393363632725 0.06091178513079124 -0.05100090108039359 -116.92680957401942 0.05958264329065343 0.9978530167117745 0.027189440187512626 1.7923867490090863 0.052547560336618046 0.024064735016034344 -0.9983284241326995 135.24379335875545 
-0.9974119660382503 0.0626190915325149 -0.03533014830643452 -119.04467955620045 0.06166594642566922 0.9977192210957161 0.027452994510329058 2.018736223633085 0.03696864962557662 0.025203278195508806 -0.9989985554108983 132.6999454291956 
-0.9976594881949367 0.06436260388135037 -0.023086810871767453 -120.67246331458098 0.06369197393276285 0.9975569959608188 0.028694464033595306 2.1111157501902733 0.024877260121737996 0.027156859745549374 -0.9993215833242053 130.52149168195228 
-0.9975132521545856 0.06919629085915992 -0.01338600415794359 -121.92701365179296 0.06875210541235914 0.9971457608390351 0.031200635283745313 2.4237087322628112 0.01550676553475231 0.03020273120226115 -0.9994235014499981 128.6273608864241 
-0.997482249855442 0.07071272088504375 -0.005373297717390501 -122.9643902225771 0.0704965780772217 0.9969583772915821 0.033229902611000416 2.3916261100549336 0.007706731001403534 0.03276743891683227 -0.9994332900419638 126.89418341170735 
-0.9976914531286462 0.06787649247045356 0.0021321641489289787 -123.94339608679793 0.06790977069490015 0.9971200971995605 0.03376055101601984 2.006826899348634 0.00016552406341239695 0.03382740798003423 -0.9994276757580497 125.17320340180126 
-0.9975201446880744 0.06967613353376888 0.0099396859742941 -124.92313699122015 0.0699360699277856 0.9971363103915858 0.02877715451033641 2.8830187799143485 -0.007906140938474152 0.02940093390422065 -0.9995364315626629 123.39387920664478 
-0.9970991765044954 0.07413464124043341 0.017242017927422203 -125.81314725809402 0.07454850635325623 0.9969103119403795 0.024745709677330825 3.9611986402330124 -0.015354231161339079 0.025959293424291534 -0.9995450778581007 121.66265244519086 
-0.996768441678531 0.07661707091061166 0.02413499780051768 -126.65093376146376 0.07701248238512416 0.9969033030871771 0.015902259297253835 5.364975373418615 -0.02284187449912089 0.017709566311869197 -0.9995822227462892 119.93886541146475 
-0.9964149566613547 0.07965807509343396 0.0284925466387442 -127.1690608394819 0.08000072630411684 0.9967330725281518 0.011093507984548173 6.329833148315901 -0.02751577606330456 0.013333161702998876 -0.9995324451295395 118.51453426600119 
-0.9959629091095306 0.0844027539873309 0.030562375520174406 -127.39949344862484 0.0846953818043766 0.9963714159099886 0.008407963994830032 7.2444813175047145 -0.029741822054018315 0.010962512343509565 -0.9994974974175906 117.3705512261559 
-0.9959222642000306 0.08433091322814816 0.03204903656573576 -127.59000034902203 0.08474346995244258 0.9963336648338007 0.0117376581679922 6.855632486949739 -0.03094168662346503 0.014405741666286356 -0.9994173735912038 116.30497366119032 
-0.9961900483999502 0.08067102289688065 0.03312964735212402 -127.7684536864054 0.08131397463657462 0.9965160977601618 0.018539267344245262 5.6185511947861535 -0.03151864523908987 0.021162536937472633 -0.9992791011687693 115.28285702310636 
-0.9963573867534252 0.07866194891907276 0.03292803750815178 -127.78650457439502 0.07960687307080215 0.996420512415145 0.028441311471659684 4.236190002681433 -0.030572923016522337 0.0309590088761252 -0.9990529696405667 114.40964887779981 
-0.9965958086637069 0.07568639748535978 0.03268582857477964 -127.80324934363234 0.07684792649282524 0.9963971968370563 0.035875093435555394 3.028905363198774 -0.029852811386618733 0.03826480590496531 -0.9988216128425388 113.49658538124238 
-0.9966353256554699 0.07481756285726486 0.03347177831717586 -127.9238587278691 0.07596570019203297 0.996514949213704 0.03445531001084083 3.0966656007478224 -0.030777265147329355 0.036882086189750626 -0.9988455694792574 112.42562323494168 
-0.9963843626414699 0.07814017668308938 0.03335138185273265 -127.91559433112457 0.07902509197575738 0.9965310668778985 0.026093439509190353 4.454256811871405 -0.031196742166037725 0.02863469111291951 -0.9991030065729429 111.4558146271194 
-0.9962258338671769 0.08029286059343789 0.0329718739741877 -127.88861900263845 0.08091181450627408 0.9965607762261223 0.01788568033072209 5.637892141238497 -0.03142238388393212 0.02048599095267964 -0.999296231337704 110.49547975961403 
-0.9960220212130735 0.08275193257475662 0.033049219563648896 -127.90351362590177 0.08336878991877308 0.9963608063924381 0.017742275854295917 5.969705048427147 -0.03146073943986009 0.02042697090009713 -0.9992962327226815 109.50055359819271 
-0.9959047551078508 0.08423732547682117 0.03282973880618431 -127.89494498440315 0.08496052880188207 0.9961567947298224 0.021291990496659554 5.78024857403809 -0.030909987047468224 0.02399402655073486 -0.9992341364217934 108.55877514983086 
-0.9959298044873575 0.08441030092000636 0.03160262065664549 -127.78171309551286 0.0851778997622026 0.9960818443040016 0.0237841300038136 5.542777021043395 -0.029471171097768246 0.026379168799114935 -0.9992174886017531 107.72990165406986 
-0.9959018831094958 0.08557903425253344 0.029251805335119896 -127.53568961703557 0.08641636447341206 0.9958465070288868 0.028669607419069425 5.168095344195136 -0.02667679085194451 0.031079950688006633 -0.9991608406533321 107.06077657453832 
-0.9959058865510294 0.0866272993543034 0.025829752991249896 -127.17825593300729 0.0875063644689377 0.9955452821463336 0.035103096353553534 4.613358362984178 -0.02267380229336195 0.0372196480740672 -0.9990498468478965 106.52397458720229 
-0.9961808767093238 0.08437579513609998 0.02245854122141335 -126.85929768441765 0.08522041382157833 0.9955682587239909 0.03976585582329467 3.8381231544019916 -0.019003735072925323 0.04152791129386412 -0.998956600977664 105.9493217124276 
-0.9963520065033126 0.08313139099983097 0.019283437641065704 -126.55838790703474 0.08374862913589311 0.9959142171212874 0.03377927254327356 4.313595980245502 -0.016396531788224374 0.03527100744417991 -0.9992432685683661 105.31764411679309 
-0.9963267533148207 0.0841924014751887 0.015640977047165217 -126.1943942019648 0.08458378625028502 0.9960686861774575 0.026320249244259613 5.225284407543087 -0.013363522466601352 0.02754654153527348 -0.999531192268021 104.74304348950415 
-0.9963799296752889 0.08408403624739688 0.012526395675264992 -125.89815506848365 0.08436941005564565 0.9961375588383459 0.024326251631575854 5.417748878466572 -0.010432563785048346 0.02529503350317866 -0.9996255913555556 104.11694221627752 
-0.9961996960928367 0.08648112775978596 0.010352779623701102 -125.68059710771603 0.08674651247668383 0.9958156290971036 0.028745006854637434 5.264788124226188 -0.007823559143627503 0.029533834619572517 -0.9995331632992437 103.41234971627202 
-0.9962031797835514 0.08674841165227569 0.007344226640633293 -125.37482390791514 0.08695455116541594 0.9955900922928252 0.03520332597901194 4.635882258278894 -0.00425800666541081 0.03570827921044236 -0.9993531849026486 102.82260130303253 
-0.9962172305101376 0.08674068594745703 0.005223316578267066 -125.16495067459856 0.08688162515176222 0.9953907948016382 0.04060478832789088 4.09240559758451 -0.0016771540480295354 0.040905000006463105 -0.9991616326344667 102.11354993176924 
-0.9962312223261778 0.08666518684475294 0.003535116922379629 -124.97803527970329 0.08673694447327074 0.9955091959803491 0.037922858304727955 4.37115879571888 -0.00023264980442858044 0.03808656072322474 -0.999274416647572 101.32751816761127 
-0.9962654691441774 0.0862977034784907 0.002796670390038557 -124.89484217648108 0.08634300693056904 0.9957381985386294 0.032408719895000535 4.895537179884851 1.2046563533396492e-05 0.03252916146142471 -0.9994707867214018 100.41313068183256 
-0.9961990365992529 0.08706728543813318 0.002601400614362127 -124.85978960826553 0.08710583209597769 0.9958304692691882 0.027097056850829363 5.539607446749228 -0.00023128681119242175 0.027220659094600502 -0.9996294224485727 99.4380359641377 
-0.9960303699978315 0.08899354054119839 0.0019109641350920157 -124.78517729220941 0.08901405472812202 0.9957983660232023 0.021496797119118113 6.348602754698869 1.014112267260527e-05 0.021581565454428204 -0.9997670908415097 98.51946373515055 
-0.9959689905575929 0.08966836340415672 0.0023139689085381132 -124.82552009779553 0.08969388930739942 0.9958428691928644 0.015874070008502904 6.99829937157733 -0.0008809475588759619 0.016017630353552283 -0.9998713214455424 97.45965738119105 
-0.9958600946842397 0.09083336599349522 0.003459976559039654 -124.92228434242926 0.09088594802498946 0.9956438038937904 0.020812501519583127 6.681428142202741 -0.001554434654856979 0.02104080298362049 -0.9997774093980661 96.36820182450725 
-0.9955272339188027 0.09435638209993794 0.004732830335922476 -125.0187511950044 0.09445530103805684 0.9950929707467745 0.029464820993329203 6.318394715889207 -0.0019294122908605626 0.02978007265554348 -0.9995546131356924 95.29202153653767 
-0.9955094984232457 0.09447099124457985 0.006005860668013135 -125.13935975160408 0.09461666847228646 0.9949880452588159 0.03234927880565759 6.086508186751406 -0.002919691131345316 0.03277226884589025 -0.9994585803315669 94.17525811424014 
-0.9956386196006385 0.09301936618878108 0.007150991090288954 -125.26174318795323 0.09319397896218978 0.9951924032471393 0.030115823156270108 6.135181598561431 -0.00431525722649349 0.030650905908673542 -0.9995208354616968 93.04663990121016 
-0.9952136379067332 0.09740493498565957 0.007879947010335942 -125.29792096019894 0.09758773894169302 0.9948418204185218 0.02768366945711484 6.928831234739674 -0.0051427748049291035 0.02832015160274198 -0.9995856746074868 91.9944439307417 
-0.9950650552005166 0.09885447651525135 0.008563199851086766 -125.36018242970135 0.09905249271373112 0.9947142037513163 0.027060239144964363 7.188355720052749 -0.005842910746384008 0.0277749046493794 -0.9995971263792872 90.94966170626216 
-0.9950605368258778 0.09880148360921913 0.009633010350529245 -125.45878711740987 0.09900914929019328 0.9947921066400949 0.024204398843891393 7.464436602832494 -0.007191412144242811 0.02503859826706025 -0.999660618504197 89.83684099343803 
-0.9947590358388894 0.10182645212590073 0.009264678317970943 -125.39960188389966 0.1020369860044447 0.9944369725103523 0.026145003185589887 7.686515583025223 -0.006550885742595841 0.026953318012769012 -0.999615228247394 88.95404175732503 
-0.9943208259531969 0.10616021934021663 0.007490187273366281 -125.19991041789663 0.1063460065061177 0.9938232532432741 0.03171542547652683 7.748554755180891 -0.004077005758361032 0.032331859559783065 -0.9994688733929912 88.2828342521931 
-0.9943854434644555 0.10563816730534685 0.0061779797965282384 -125.09155489191971 0.1057900623609819 0.9937783202775148 0.03482976962399898 7.426133785910128 -0.002460189354155388 0.03528778478126512 -0.9993741640214506 87.52282343331731 
-0.994525279661836 0.10436948438231616 0.005145759741471886 -125.0153076981801 0.10448403452459333 0.9939557284557269 0.03369119171992887 7.381872701393078 -0.0015983250642578899 0.03404439160588607 -0.9994190436234318 86.69681074846545 
-0.9944907836184356 0.10475893863822063 0.003694059201430716 -124.89886550088006 0.10482398341725602 0.9939119308253789 0.0339264832174724 7.414817228742791 -0.00011746713988698937 0.03412680088083491 -0.9994175041808661 85.93948527559118 
-0.9947171712150538 0.10262408134312977 0.002459109269861705 -124.82117690164716 0.10264408603812253 0.9940150209362053 0.03739424761367409 6.861293103807892 0.001393158756505107 0.03744911322946224 -0.9992975648059025 85.17758749996268 
-0.9950604229439903 0.09925068918250503 0.002013799226481637 -124.83498467493499 0.09925116791997496 0.9942490718878508 0.040224230467082844 6.215195190745069 0.0019900645837961166 0.040225411706356705 -0.9991886488026215 84.30580289481576 
-0.9950972962927107 0.09889277855239478 0.0012606590036994907 -124.7967595283673 0.09886814761743885 0.994360223692657 0.03837753150717304 6.332929986285668 0.0025417115558079607 0.03831401686164955 -0.999262515965796 83.47545164656071 
-0.9950158172369749 0.0997138871990094 0.0008149526971724168 -124.77650137491372 0.09967547582817685 0.9943296422922178 0.03705889876205519 6.552315647822185 0.0028849552270147037 0.0369554212354962 -0.9993127507815784 82.6318529583235 
-0.9949437839235978 0.10043263834861559 0.0003898539844069056 -124.749875194531 0.10037775990064998 0.9942559573575498 0.03714022854467648 6.654049040049432 0.003342476495116528 0.03699157219367064 -0.9993099876602458 81.8223832095362 
-0.9950536391066949 0.09933801415129526 0.00046286607109462605 -124.78710368472244 0.09928856918289687 0.994388177068374 0.036523052121219104 6.580289646083968 0.003167858919804046 0.03638835323442507 -0.999332703567111 80.94949473576841 
-0.9951174315878595 0.09869779123939701 0.00020821730403111706 -124.79014366457935 0.09864491090793662 0.9945106484778374 0.03489629802939136 6.645083188680439 0.0032371132118764762 0.03474645404433848 -0.9993909170236638 80.13886185554045 
-0.9950554919209667 0.09932052048091634 4.700343323092191e-05 -124.7950550202478 0.09925719913152206 0.9944039782752625 0.03617646211138888 6.626852316268025 0.0035463246450646324 0.0360022527313405 -0.999345416450079 79.35515666433562 
-0.9952056722578143 0.09780370628115415 0.00032394990689548896 -124.83941698472037 0.09774380397215994 0.9944687970162434 0.03844425244584189 6.271604567590584 0.003437832300208014 0.038291602196010265 -0.999260693968466 78.55064191934808 
-0.995453098682033 0.09524270603966897 0.0013983099013271287 -124.93697557206183 0.0952222001772555 0.9946511979055526 0.040021582907885295 5.85400212469861 0.0024209332377401345 0.039972758865148436 -0.9991978370828114 77.66731686595273 
-0.9955730219003437 0.09390822993801078 0.0039499891300767125 -125.13647169055106 0.093991265887352 0.9946939608025709 0.041827817057381436 5.581787370450314 -1.054070893317136e-06 0.04201391070588973 -0.9991170258313523 76.63311297420933 
-0.995415911829976 0.09536280757741411 0.007286796734569207 -125.3757339655797 0.09559015360129261 0.9944761695004092 0.04335517074439415 5.681412805429545 -0.003112074899338544 0.043852972838194594 -0.9990331484806072 75.54108241956848 
-0.9951579348011449 0.09771806701451148 0.010576586465773764 -125.59793477138112 0.09809570230662498 0.9941775331671684 0.04458997347625944 5.914651617281278 -0.006157758625543591 0.04541158359483904 -0.9989493831441704 74.48559240651988 
-0.995185252557229 0.09702954627317924 0.013841251483318608 -125.83845309072679 0.0975750487495637 0.9941384732786732 0.04655970155260578 5.715875066905779 -0.009242453901628027 0.047686089136859316 -0.9988196103144488 73.44904741592637 
-0.9951398849810421 0.09673186029321751 0.018427059562815627 -126.16671251644914 0.0975165758051896 0.9940780166165111 0.04795220873968158 5.6198804487078355 -0.01367942846572017 0.049516099240518044 -0.9986796429049987 72.26580752228702 
-0.9950664621504014 0.09630792539062848 0.023822665896931473 -126.55078830257992 0.0973377741675485 0.9941551142806311 0.0467008187270095 5.705163244423524 -0.019185766171590533 0.04878926374335719 -0.9986248114881742 71.01776460549581 
-0.9948054344411909 0.09722727804387157 0.03014969337244747 -126.96565222185204 0.09848178948911541 0.9941934733330955 0.04336674671793132 6.110934726136299 -0.025758197632878458 0.046110671064899425 -0.9986041864866434 69.67429586737248 
-0.9944785049047659 0.09830308702600031 0.0367288219732238 -127.4047209753943 0.09975361773744029 0.9942078620131014 0.0399992857389985 6.528964349968878 -0.03258403030127999 0.04344226274604154 -0.9985244367449552 68.31145576902384 
-0.993900678881536 0.10083726118439773 0.04464624593010758 -127.90691966233366 0.10255056727840964 0.9940053396007248 0.03790469622783625 7.0470735791899095 -0.04055640109401224 0.04225200116062901 -0.9982835001782935 66.81324689264882 
-0.9934895136200882 0.10000746267836098 0.05456275043980778 -128.56831686585133 0.10210568947926774 0.994080697302986 0.03712136077210255 7.06133087953304 -0.05052736390198654 0.04245084991193387 -0.9978200793925083 65.05780377877616 
-0.9930871822232691 0.09582074871340633 0.06779552064737952 -129.44507821842376 0.09851515566482043 0.9944258553969344 0.0375763519039821 6.590516406662741 -0.06381702443849259 0.04399547970051017 -0.9969913666415268 62.86534001739585 
-0.992222165246138 0.09149329847176049 0.08440468665319117 -130.50954953182278 0.09490727645487423 0.9947850062292612 0.03735505665056842 6.164619372489588 -0.08054677939051291 0.04507513412300069 -0.9957311126070184 60.21854811183996 
-0.9906106349329109 0.08829174354004987 0.1043797776414246 -131.72642666138955 0.09258221142348479 0.995017701424209 0.03699064720198441 5.911629831047233 -0.10059375768780174 0.046307039153271744 -0.9938493618446943 57.10971627515302 
-0.9879560950584604 0.08717881990665961 0.12783820867221504 -133.05514580680267 0.09260424417310979 0.9950109228642303 0.03711761498264262 5.921530977739693 -0.12396454411631395 0.04850893464667016 -0.9911002346188201 53.51672840466047 
-0.9840895595072969 0.08775572989536383 0.15448841619767803 -134.46355036460392 0.09441792677520272 0.9948701042386133 0.03631433319949998 6.219200190114012 -0.15050911591065633 0.05032303213026683 -0.9873269967265205 49.46226822352031 
-0.9789162562849629 0.08723350408156288 0.18469780439053715 -135.93146716275152 0.0950937243658049 0.9948834644839465 0.03411855334946908 6.463980360354188 -0.18077651055176738 0.05096280861640448 -0.9822029552850347 44.84485756473317 
-0.972544026879552 0.08333267076253034 0.21728732536549136 -137.3951825624602 0.09224605726575973 0.9952477024033081 0.031187750477693083 6.3127848302526175 -0.21365575278898338 0.05037535949767977 -0.9756093185572045 39.820195782390286 
-0.9642536452824938 0.07866721882818664 0.25303433806750586 -138.82171069463826 0.08872516764182854 0.995646362868934 0.028568596969265187 6.055054969153412 -0.2496853063084646 0.04999788783239943 -0.9670353969870741 34.257470894881166 
-0.9539267291492382 0.07290283607002776 0.29104805772858794 -140.10723754646853 0.08445468542039036 0.9960529983233838 0.027309900064627638 5.608259409842864 -0.2879083213892563 0.05063201579972711 -0.9563185648364659 28.267914017647104 
-0.9413439766505598 0.06677829090421789 0.3307751161856368 -141.23927689918452 0.08044274007430365 0.996372093953451 0.02777797617093889 5.067616322590585 -0.3277201293681057 0.052757087246425 -0.9433006978436013 21.911810296491268 
-0.9263531659640337 0.06177829052955369 0.37155518396014475 -142.11643771222592 0.07744492418380727 0.9966206995458037 0.027376357591872305 4.708382959564048 -0.3686083227852773 0.0541352385796883 -0.9280071553158113 15.269108384310396 
-0.9090962028903218 0.05659410448615185 0.4127241224205469 -142.68923401753068 0.07325539735440838 0.9970086730180873 0.024644526474672978 4.3470093900394 -0.41009479471074395 0.05263851502582246 -0.9105226225015117 8.415908946598165 
-0.8894388161621034 0.04695379647271548 0.45463604487650966 -142.98723528744057 0.06407323438002412 0.9976957537193628 0.02231151376387139 3.3322174489206438 -0.45254084118479193 0.04897472824990211 -0.8903978116845359 1.278769446055481 
-0.8669474961452768 0.04224584237796414 0.496605807184342 -142.90044461422823 0.06039541184140371 0.9979631947296189 0.020539138091924584 2.9776369596261505 -0.4947266246685562 0.04779906658950704 -0.8677331479649883 -6.00827840652331 
-0.8420732646613523 0.0429093697036663 0.5376536086870493 -142.4936830030038 0.06377726009318017 0.9977585195104453 0.020258278291411663 3.4260782229189672 -0.535579198660272 0.051349028578538555 -0.8429224158998633 -13.299861309676835 
-0.8146973652326074 0.04509760296085163 0.5781300972015154 -141.72063234947686 0.06901429144368894 0.9974260632035414 0.01944931923772643 4.146139031473278 -0.5757649091943455 0.055744548159177815 -0.8157127648204094 -20.681884918690137 
-0.7847463061053548 0.04150726788688967 0.6184257285774647 -140.52991790024882 0.07041515995644122 0.9972658172738535 0.022418629427825437 4.135167220722831 -0.6158043035756651 0.06113948323039235 -0.7855234072184043 -28.251024361498978 
-0.7524022259639596 0.03707826095670772 0.6576595570117612 -138.96135619376756 0.07154640568943003 0.9971077362376131 0.025637358834847364 4.078130679647537 -0.6548068434259084 0.0663427833266702 -0.7528788965717321 -35.862201768119135 
-0.717797223374869 0.032415003497314514 0.6954972420244374 -136.99023562601107 0.07139176869922192 0.9970771411695164 0.02721010693145983 3.9660033318285604 -0.6925823860576629 0.06918411743669126 -0.7180133678540959 -43.457818864943036 
-0.6804451987001561 0.02916775895562642 0.7322182553060341 -134.54299788373152 0.0709233588592725 0.9971379426556375 0.026187792663783033 3.977966147159915 -0.729358765446761 0.06975073586700682 -0.6805664009573105 -51.07560830764875 
-0.6401803726998672 0.02225181736193057 0.7679023030529024 -131.64098271721312 0.0665200815526785 0.9974317078996946 0.026553094481124237 3.38970068140217 -0.7653392510253763 0.06807969374482993 -0.6400163952115023 -58.79656756483591 
-0.5986194602076125 0.016951761087100246 0.8008541562961343 -128.3749005415886 0.06069872015999647 0.9978615388056823 0.02424901530566429 2.7850374398351465 -0.7987304972465271 0.06312675477483214 -0.5983682859242401 -66.24546252028122 
-0.5562811874079078 0.010389738199345622 0.8309291750060271 -124.78025669204327 0.051508222333937356 0.9984302410376228 0.02199901846793395 1.759500698580723 -0.8293962524439358 0.05503732480511657 -0.5559431169735357 -73.40776317551344 
-0.5128602828071464 0.014317671639800415 0.8583526866025352 -120.92204843906399 0.051446256175145505 0.9985764746740926 0.014082150156230511 2.268945578335468 -0.8569291762126758 0.051381207715235286 -0.5128668038089311 -80.23125549226643 
-0.4689780401200087 0.023784753600282003 0.8828895080254214 -116.79840888942813 0.054866454832913115 0.9984911772503058 0.002245236595179193 3.4751536770503875 -0.8815039818510542 0.04949398397254301 -0.4695754204930899 -86.68190579314022 
-0.42729837709588286 0.029350058606365022 0.9036341466495323 -112.69839042576965 0.057616769099495174 0.9983253324640557 -0.005180586749265567 4.320110024928084 -0.9022729104044739 0.04985082366756066 -0.428273849925378 -92.53352368307526 
-0.38755215729046094 0.029250171169433275 0.9213836078778849 -108.60317387174109 0.058824110990534854 0.9982441859880887 -0.006947597221434894 4.608770897596997 -0.9199690480367708 0.051507015323516 -0.3885923030977067 -97.88307215884853 
-0.3484816890905148 0.02282740729786693 0.9370375776054444 -104.39166348519251 0.059103055500912265 0.9982491477694098 -0.0023383344722545506 4.382834145996251 -0.9354503413859435 0.054566917209105496 -0.3492207186683184 -102.9124160149219 
-0.30977002092774286 0.01960180463207118 0.950609437881611 -100.09455621736976 0.05926205682569054 0.9982416486772566 -0.00127258276811239 4.352596766819126 -0.9489628774378981 0.055940862536067344 -0.3103869796616901 -107.6279056594958 
-0.2719326706984333 0.022000455835991264 0.9620647600602711 -95.79092499535341 0.06088010252424984 0.9981292808785432 -0.005617096182200885 4.850032419691107 -0.9603885857940285 0.05704312926104214 -0.27276335105848404 -111.99028233022747 
-0.2353605480122964 0.02567625071108256 0.9715689077923267 -91.51516802411801 0.06229573863145855 0.997993948669699 -0.011283588393093244 5.399809047093001 -0.9699096109368718 0.057868891194538884 -0.23648792367518873 -116.00729242384487 
-0.20085174664477942 0.022991773269236883 0.9793518030981914 -87.36600177048652 0.060614357962974263 0.9981006377707369 -0.011000749537406243 5.170188805586673 -0.977744586013381 0.05715326100568874 -0.20186388799866573 -119.70120178930901 
-0.16831348560208984 0.017062110961220716 0.9855858435134013 -83.35160646518973 0.05640388403318599 0.998378716223987 -0.007651199704260798 4.407617732064756 -0.9841184747937853 0.0543030695310178 -0.16900297100661676 -123.08848627556304 
-0.1371010843974152 0.014539279915037248 0.9904503531205419 -79.42290766099273 0.05249073974912957 0.9985940452763451 -0.007392900595435579 3.8725793925121126 -0.9891653122191667 0.05097589703160729 -0.13767150403834816 -126.19130964937618 
-0.10678804528631171 0.019702399804130518 0.9940865801457579 -75.57384426852522 0.04685019663382947 0.998792829686138 -0.014762873803223029 3.5658815046978525 -0.9931774123787257 0.04499665331462568 -0.1075821952331482 -129.08053234372645 
-0.07892458838407339 0.022110679390522015 0.9966353531785306 -71.96074368149985 0.04119148316187088 0.9989724878899338 -0.01890053316504453 3.051512319029929 -0.9960292019129409 0.039561171568688235 -0.07975426409153881 -131.67651381784574 
-0.05252838572284788 0.02300837044170231 0.9983543376892647 -68.46792820331586 0.03829371146383424 0.9990456413087859 -0.021009479866052876 2.7863241968904537 -0.9978849434457244 0.0371270988838999 -0.05335933070034514 -134.06104285914068 
-0.030889681898438364 0.02101962919119888 0.9993017575992146 -65.55293628777949 0.0394498006502686 0.9990254731325651 -0.019794374476321614 2.873247104259349 -0.9987439815993224 0.038810813195800084 -0.031688799254836884 -136.04739542157043 
-0.014408033307752005 0.024008291998077164 0.9996079283856938 -63.32115503483317 0.04404994759212528 0.9987563483588245 -0.023352916950067505 3.733731022145418 -0.9989254279941686 0.04369620725281355 -0.015447678737774242 -137.62419304877113 
-0.00242069973755284 0.0271784228125108 0.9996276674573418 -61.68758124529859 0.05055830295179229 0.9983554987169245 -0.02702140233807614 4.874720241816265 -0.9987181775733408 0.050474067748754 -0.0037908138280350586 -138.87782921172746 
0.006979326889679808 0.02769902543374308 0.9995919432379335 -60.38511268877177 0.05540343016035987 0.9980701434495941 -0.028043692356268173 5.626652671670586 -0.998439657126375 0.055576548512189856 0.005431236768836224 -139.9652649061597 
0.013889568962504923 0.02324094730493272 0.9996334019241278 -59.40197720727788 0.058558229716909764 0.9979950607531385 -0.024016503591528165 5.835512695222418 -0.9981873639785561 0.0588703412654417 0.012500772489449547 -140.91859292707792 
0.018572456771489027 0.022503751514519558 0.9995742318693718 -58.73780519876186 0.05895452827279383 0.9979825318294067 -0.023563313848038843 5.875831342289791 -0.9980878856321247 0.05936705594133462 0.017208289376196596 -141.73765569872864 
0.019069461085540453 0.030313624553195015 0.9993585141581348 -58.69616131114831 0.05942776860284419 0.9977386813254887 -0.031398472984549265 6.432700636904521 -0.9980504476091344 0.059988398489396424 0.017224867891614412 -142.2829316401917 
0.014171443690683594 0.040139069103135326 0.9990936018788512 -59.42398090462216 0.05872438942681855 0.9974358083685073 -0.04090543082171896 6.924512466653571 -0.9981736403402808 0.05925085076011022 0.011777963068123514 -142.50936901682917 
0.005005050939824155 0.04497051137491534 0.9989757767692711 -60.73705735431304 0.05672356866715832 0.9973670326097513 -0.045182286583146325 6.910847583238096 -0.9983773766581212 0.05689161071632636 0.0024409849139411387 -142.50096594389626 
-0.007337995400886174 0.04502239412388533 0.9989590271131495 -62.4846222780869 0.05656077643592727 0.9974053056124599 -0.044536893752041784 6.858123147785264 -0.9983721913156749 0.05617508667967671 -0.009865457114054645 -142.29051762978472 
-0.022472021988536033 0.04591601897287347 0.9986925089482902 -64.62398387791092 0.056884995344383946 0.9973851237193299 -0.04457591600906564 6.918517137923287 -0.998127800200163 0.05580890775728013 -0.02502519295676376 -141.86978234848084 
-0.0419858654664057 0.05076320285990021 0.9978277829046669 -67.38706242182917 0.0549272445897202 0.9973153591462536 -0.048425945656865046 6.879237009372492 -0.9976072297767388 0.05277472545059073 -0.044661431356337725 -141.12641389410578 
-0.06556613428758094 0.05544142531988503 0.9963068455014663 -70.70269088617324 0.055858572109065634 0.9970935898246601 -0.0518091985318079 7.22789495720251 -0.9962835449592249 0.05225534890393097 -0.06847245106179027 -140.02236639471465 
-0.09225028381740152 0.05516580564052635 0.9942065273491424 -74.41243924143446 0.06021327301268119 0.9969459435798599 -0.04973074836319228 7.738617415058869 -0.9939136013199079 0.05527675341130798 -0.09529025996184635 -138.59147033814025 
-0.12350335255060274 0.0530935493648612 0.9909228006886325 -78.71469303508478 0.06415771730509444 0.9969057164261603 -0.045417836441684276 8.060918936324766 -0.9902679986846795 0.05796608985161151 -0.1265275590863659 -136.70730648876562 
-0.15982973418434782 0.052853807702008704 0.9857286295334844 -83.66715823424431 0.06462893794047062 0.9969834417721063 -0.04297810155105043 7.994532079575461 -0.9850266780403707 0.0568374158776127 -0.16276348394252238 -134.2662022115101 
-0.1993191591783437 0.051061440017291904 0.9786033936829565 -89.00021261870518 0.06177562045842309 0.9973099107439987 -0.039455223339559885 7.3429174214972015 -0.9779855037276449 0.05258964988624823 -0.20193732498829126 -131.3349133972688 
-0.24230013752923277 0.048080982877621824 0.9690092169008699 -94.68927678573496 0.059118504461373574 0.9976470142662983 -0.03471940892052115 6.6378584954522655 -0.9683984953435055 0.048873858156090084 -0.2445724845631104 -127.79150178232224 
-0.28874450558782216 0.04338211211206489 0.9564228159352642 -100.72022062435498 0.05639637462464829 0.9980089281777539 -0.028242312346653444 5.823395478940647 -0.955743720576829 0.04578396691185579 -0.2906161883855984 -123.621721094741 
-0.337646593813212 0.03453247774287677 0.9406392962593441 -106.89655584985695 0.050296781578494765 0.9985610153552106 -0.01860463317608155 4.267355234123502 -0.9399281948368086 0.04102933820705696 -0.33889759803974645 -118.80436253010981 
-0.38976407381389555 0.021749354762828754 0.9206578801766686 -113.30335002058712 0.04422794357323401 0.9990095651584346 -0.004876241302267228 2.4856566484676907 -0.9198520836369719 0.038818221099836056 -0.390339967130404 -113.20865263936669 
-0.4424872626634152 0.008843825184476933 0.8967311799735443 -119.58031073972502 0.040684447536689504 0.9991197566832195 0.010221914395002769 0.9937419621752475 -0.8958514375214633 0.04100607956597237 -0.44245757234943656 -106.99704152087554 
-0.49528741599460824 -0.0007288606032908709 0.8687288669772668 -125.63562943140244 0.03640949046290896 0.9991035716177464 0.0215963465635645 -0.3584032000941164 -0.86796585449061 0.04232637408145434 -0.49481688885435343 -100.17330293938463 
-0.5482399988156416 -0.005836540571587586 0.8363006866509087 -131.53214815135846 0.03417347342000784 0.9989841415833456 0.02937445453789226 -1.1969029308656243 -0.8356225687551987 0.044683550207463334 -0.5474836097344101 -92.69659385297766 
-0.600427294189717 -0.0038515599817803663 0.7996700756422754 -137.14083434395673 0.039980383510915436 0.9985932764594789 0.03482868278076151 -0.6762948852399084 -0.7986793056830348 0.052883208068626224 -0.5994286721354221 -84.62143131500588 
-0.6505745604378114 -0.00248815195000059 0.7594383124461287 -142.21476874772083 0.045390071283040165 0.9980795669921 0.042153521582232276 -0.32940333469380123 -0.7580847464103663 0.06189496791126839 -0.6492122381834725 -76.09942575744995 
-0.6978204940884549 -0.0007025579047712144 0.7162723395765994 -146.75489843075167 0.04962567658822362 0.9975491293105757 0.049325721838354646 -0.1273451297013226 -0.7145515028696713 0.06996599905742995 -0.6960753613816468 -67.33983511266372 
-0.741914642950072 -0.005311951477624386 0.6704732998022868 -150.6572869787223 0.04651667857072942 0.9971514466780558 0.05937331894552968 -1.187331833107152 -0.6688788090461637 0.07523812570339233 -0.7395541651898295 -58.43918603793641 
-0.7836500398173436 -0.005683340082507347 0.6211765568176113 -154.00576955603933 0.04254271114420354 0.9971194269046175 0.06279304275083816 -1.9935455062143475 -0.6197440865573283 0.07563430527818947 -0.7811508939009858 -49.08286968863081 
-0.8233610150133179 0.001312060091164217 0.5675164468582007 -156.93141217701162 0.041201897797487966 0.9974966588223859 0.05747015970103432 -1.9054673237890807 -0.5660203552648297 0.07070144366626682 -0.8213539208461732 -39.11481667376462 
-0.8591210144413342 0.015128712731007413 0.511548829141848 -159.20199482738826 0.04551315522846813 0.9978609624142076 0.046926031058904076 -0.6754695836164326 -0.5097446765258479 0.06359734067470595 -0.8579718777516334 -28.956055481986695 
-0.891075094773737 0.027432254434702978 0.45302609956889395 -160.7305052023085 0.05106985139683663 0.9978926917624196 0.040025566897392895 0.5410974151690624 -0.4509734424024105 0.05880176140033927 -0.8905982860436783 -18.65984721780284 
-0.9180165428757305 0.03211863828485105 0.3952391935034014 -161.56804561794343 0.05222403210053815 0.9978254203946106 0.040212944252823776 0.691494318015327 -0.3930881294031333 0.057557132390744364 -0.9176976076209965 -8.84802407879064 
-0.9396719272874877 0.030915085208825674 0.3406771588679661 -161.77619098250267 0.04899428029136675 0.9978031564810327 0.04459171913281516 -0.04673199573815201 -0.3385501876628473 0.0585928188690388 -0.9391222774540231 0.11846109832109875 
-0.9566897580193129 0.028648318921306707 0.2896963595282699 -161.46840097328862 0.04443611937705133 0.9978552187907705 0.048066554138322004 -0.9356932458013802 -0.28769799824756787 0.05885776206250959 -0.9559108879227898 8.267952613248635 
-0.9697842585592559 0.028220994000110192 0.2423263653594479 -160.83647972006628 0.04115807293418307 0.9979752784088265 0.04849079002419333 -1.4603859556027112 -0.24046726364106003 0.056999291069904506 -0.9689822371615026 15.667400194576615 
-0.9796022311072582 0.030962263206094184 0.1985467377391011 -159.9303576844976 0.04107669170088903 0.9980486997124787 0.04702657122459198 -1.393737157120726 -0.196703264356728 0.05422297722726123 -0.9789625603321204 22.367199947056072 
-0.9866794927546034 0.03244339344211126 0.1594082958929009 -158.8961536977939 0.03993448183008244 0.9982323594826417 0.04401583399960257 -1.409739852223714 -0.1576984963101454 0.04979540845979855 -0.9862310082114845 28.196590255888154 
-0.991462542151997 0.03153462688848822 0.12652112399320303 -157.85009208781122 0.03695481428390654 0.9984868172184022 0.040723672996276904 -1.6949648487528686 -0.1250454685734015 0.04505156099481615 -0.9911276343847899 32.92706322359069 
-0.9946317631402252 0.027356694159612335 0.09979612736586982 -156.87463852034796 0.03138188697159533 0.9987467078808511 0.038989622558640004 -2.457217603973723 -0.09860442648618442 0.041912107818871155 -0.9942437036740597 36.59593752830577 
-0.9965498882360955 0.02262169776245688 0.07985348487680448 -156.08224982447229 0.025648340026379772 0.9989830121163499 0.037082396859370786 -3.234253064793367 -0.07893340807615719 0.03900256777814397 -0.9961166180704919 39.157445370677706 
-0.9976991785674141 0.019534494234554414 0.0649211261524894 -155.45349470087558 0.02188207397805747 0.9991248028260024 0.03564832697785771 -3.7363723137707128 -0.06416793532852753 0.036986915428319014 -0.9972534503137972 40.91332192869369 
-0.9984317328438227 0.02021386636486601 0.05220607682123757 -154.89066028053355 0.022014638424532995 0.9991741581075737 0.03415197600516838 -3.6227810123304756 -0.0514726193768946 0.035247714487664145 -0.9980521870512973 42.306638601972 
-0.9988607904349294 0.022165639600474553 0.04225879497583046 -154.44210395463313 0.02353892478137801 0.9992016014672295 0.03228124293549977 -3.306810713938825 -0.04150952121916093 0.033239194431063136 -0.998585056768691 43.25373528910424 
-0.9991070519094968 0.021659811142246067 0.03627604451971858 -154.16164293537827 0.022800047746251693 0.9992493514119862 0.0313191878166375 -3.378549465975004 -0.03557044626488416 0.03211831695477506 -0.9988509183399242 43.557389937490726 
-0.9992587092651833 0.019513089410001173 0.03318540792813392 -153.9987259923574 0.020568373341944064 0.9992838245760522 0.03176129655292825 -3.74703898897762 -0.032541880335126894 0.03242032205783891 -0.9989444172434824 43.37759046988447 
-0.9993187897105706 0.01840629928626541 0.03198694543067769 -153.92945795180304 0.01943725805595481 0.9992916436633594 0.03222427507093518 -3.946187803727059 -0.03137115762395306 0.03282406207594536 -0.9989686839026377 42.89458420821359 
